{
"type": "FeatureCollection",
"name": "map_2024",
"crs": { "type": "name", "properties": { "name": "urn:ogc:def:crs:OGC:1.3:CRS84" } },
"features": [
{ "type": "Feature", "properties": { "Kab_kota": "Simeulue", "Provinsi": "Aceh", "Pulau": "Sumatera", "jumlah_penduduk": 98633, "jumlah_lansia": 8368, "pct_lansia": 8.484, "pct_anak": 26.4932, "rasio_lansia": 13.0477, "p0_miskin": 17.69, "rls": 9.89, "pengeluaran": 8106, "ahh_laki": 63.84, "ahh_perempuan": 67.71, "ahh_rata2": 65.78, "tpt_total": 5.5, "Tahun": 2024 }, "geometry": { "type": "Polygon", "coordinates": [ [ [ 97.803855733980143, 4.713687674239145 ], [ 97.923855733980147, 4.713687674239145 ], [ 97.923855733980147, 4.833687674239144 ], [ 97.803855733980143, 4.833687674239144 ], [ 97.803855733980143, 4.713687674239145 ] ] ] } },
{ "type": "Feature", "properties": { "Kab_kota": "Aceh Singkil", "Provinsi": "Aceh", "Pulau": "Sumatera", "jumlah_penduduk": 135684, "jumlah_lansia": 8603, "pct_lansia": 6.3405, "pct_anak": 30.7663, "rasio_lansia": 10.0813, "p0_miskin": 19.06, "rls": 8.72, "pengeluaran": 9862, "ahh_laki": 65.94, "ahh_perempuan": 69.93, "ahh_rata2": 67.94, "tpt_total": 6.44, "Tahun": 2024 }, "geometry": { "type": "Polygon", "coordinates": [ [ [ 97.358288674674924, 5.535605763195157 ], [ 97.478288674674928, 5.535605763195157 ], [ 97.478288674674928, 5.655605763195156 ], [ 97.358288674674924, 5.655605763195156 ], [ 97.358288674674924, 5.535605763195157 ] ] ] } },
{ "type": "Feature", "properties": { "Kab_kota": "Aceh Selatan", "Provinsi": "Aceh", "Pulau": "Sumatera", "jumlah_penduduk": 241994, "jumlah_lansia": 26107, "pct_lansia": 10.7883, "pct_anak": 23.8394, "rasio_lansia": 16.5028, "p0_miskin": 12.02, "rls": 8.92, "pengeluaran": 9190, "ahh_laki": 63.1, "ahh_perempuan": 66.94, "ahh_rata2": 65.02, "tpt_total": 4.56, "Tahun": 2024 }, "geometry": { "type": "Polygon", "coordinates": [ [ [ 96.159266380193202, 5.814044500105044 ], [ 96.279266380193206, 5.814044500105044 ], [ 96.279266380193206, 5.934044500105043 ], [ 96.159266380193202, 5.934044500105043 ], [ 96.159266380193202, 5.814044500105044 ] ] ] } },
{ "type": "Feature", "properties": { "Kab_kota": "Aceh Tenggara", "Provinsi": "Aceh", "Pulau": "Sumatera", "jumlah_penduduk": 234430, "jumlah_lansia": 19315, "pct_lansia": 8.2391, "pct_anak": 27.6654, "rasio_lansia": 12.8545, "p0_miskin": 11.99, "rls": 10.1, "pengeluaran": 8876, "ahh_laki": 66.84, "ahh_perempuan": 70.81, "ahh_rata2": 68.82, "tpt_total": 4.79, "Tahun": 2024 }, "geometry": { "type": "Polygon", "coordinates": [ [ [ 95.575340899513407, 4.996749689025688 ], [ 95.695340899513411, 4.996749689025688 ], [ 95.695340899513411, 5.116749689025687 ], [ 95.575340899513407, 5.116749689025687 ], [ 95.575340899513407, 4.996749689025688 ] ] ] } },
{ "type": "Feature", "properties": { "Kab_kota": "Aceh Timur", "Provinsi": "Aceh", "Pulau": "Sumatera", "jumlah_penduduk": 443638, "jumlah_lansia": 35164, "pct_lansia": 7.9263, "pct_anak": 28.7304, "rasio_lansia": 12.5132, "p0_miskin": 13.26, "rls": 8.48, "pengeluaran": 9889, "ahh_laki": 67.25, "ahh_perempuan": 71.21, "ahh_rata2": 69.23, "tpt_total": 7.75, "Tahun": 2024 }, "geometry": { "type": "Polygon", "coordinates": [ [ [ 95.86187466224132, 3.719309766224231 ], [ 95.981874662241324, 3.719309766224231 ], [ 95.981874662241324, 3.839309766224231 ], [ 95.86187466224132, 3.839309766224231 ], [ 95.86187466224132, 3.719309766224231 ] ] ] } },
{ "type": "Feature", "properties": { "Kab_kota": "Aceh Tengah", "Provinsi": "Aceh", "Pulau": "Sumatera", "jumlah_penduduk": 226744, "jumlah_lansia": 20132, "pct_lansia": 8.8787, "pct_anak": 27.3952, "rasio_lansia": 13.9327, "p0_miskin": 14.27, "rls": 10.03, "pengeluaran": 11805, "ahh_laki": 67.36, "ahh_perempuan": 71.32, "ahh_rata2": 69.34, "tpt_total": 4.21, "Tahun": 2024 }, "geometry": { "type": "Polygon", "coordinates": [ [ [ 97.121414505509492, 3.421662076864582 ], [ 97.241414505509496, 3.421662076864582 ], [ 97.241414505509496, 3.541662076864582 ], [ 97.121414505509492, 3.541662076864582 ], [ 97.121414505509492, 3.421662076864582 ] ] ] } },
{ "type": "Feature", "properties": { "Kab_kota": "Aceh Barat", "Provinsi": "Aceh", "Pulau": "Sumatera", "jumlah_penduduk": 206822, "jumlah_lansia": 21030, "pct_lansia": 10.1682, "pct_anak": 24.6545, "rasio_lansia": 15.6008, "p0_miskin": 17.6, "rls": 9.99, "pengeluaran": 10548, "ahh_laki": 66.54, "ahh_perempuan": 70.52, "ahh_rata2": 68.53, "tpt_total": 5.58, "Tahun": 2024 }, "geometry": { "type": "Polygon", "coordinates": [ [ [ 97.665475502624261, 4.275230300033139 ], [ 97.785475502624266, 4.275230300033139 ], [ 97.785475502624266, 4.395230300033139 ], [ 97.665475502624261, 4.395230300033139 ], [ 97.665475502624261, 4.275230300033139 ] ] ] } },
{ "type": "Feature", "properties": { "Kab_kota": "Aceh Besar", "Provinsi": "Aceh", "Pulau": "Sumatera", "jumlah_penduduk": 428254, "jumlah_lansia": 40577, "pct_lansia": 9.475, "pct_anak": 26.5485, "rasio_lansia": 14.8101, "p0_miskin": 13.21, "rls": 10.37, "pengeluaran": 10810, "ahh_laki": 68.37, "ahh_perempuan": 72.31, "ahh_rata2": 70.34, "tpt_total": 7.93, "Tahun": 2024 }, "geometry": { "type": "Polygon", "coordinates": [ [ [ 97.689280867504777, 5.38270162059472 ], [ 97.809280867504782, 5.38270162059472 ], [ 97.809280867504782, 5.502701620594719 ], [ 97.689280867504777, 5.502701620594719 ], [ 97.689280867504777, 5.38270162059472 ] ] ] } },
{ "type": "Feature", "properties": { "Kab_kota": "Pidie", "Provinsi": "Aceh", "Pulau": "Sumatera", "jumlah_penduduk": 452547, "jumlah_lansia": 49110, "pct_lansia": 10.8519, "pct_anak": 24.6425, "rasio_lansia": 16.8232, "p0_miskin": 18.59, "rls": 9.04, "pengeluaran": 11187, "ahh_laki": 65.48, "ahh_perempuan": 69.44, "ahh_rata2": 67.46, "tpt_total": 5.74, "Tahun": 2024 }, "geometry": { "type": "Polygon", "coordinates": [ [ [ 96.384980661888648, 5.695326588129459 ], [ 96.504980661888652, 5.695326588129459 ], [ 96.504980661888652, 5.815326588129458 ], [ 96.384980661888648, 5.815326588129458 ], [ 96.384980661888648, 5.695326588129459 ] ] ] } },
{ "type": "Feature", "properties": { "Kab_kota": "Bireuen", "Provinsi": "Aceh", "Pulau": "Sumatera", "jumlah_penduduk": 459073, "jumlah_lansia": 45844, "pct_lansia": 9.9862, "pct_anak": 26.716, "rasio_lansia": 15.7766, "p0_miskin": 12.1, "rls": 9.59, "pengeluaran": 10150, "ahh_laki": 69.88, "ahh_perempuan": 73.87, "ahh_rata2": 71.88, "tpt_total": 3.93, "Tahun": 2024 }, "geometry": { "type": "Polygon", "coordinates": [ [ [ 95.608774720577131, 5.142262731826843 ], [ 95.728774720577135, 5.142262731826843 ], [ 95.728774720577135, 5.262262731826842 ], [ 95.608774720577131, 5.262262731826842 ], [ 95.608774720577131, 5.142262731826843 ] ] ] } },
{ "type": "Feature", "properties": { "Kab_kota": "Aceh Utara", "Provinsi": "Aceh", "Pulau": "Sumatera", "jumlah_penduduk": 631984, "jumlah_lansia": 59282, "pct_lansia": 9.3803, "pct_anak": 26.7424, "rasio_lansia": 14.6849, "p0_miskin": 16.11, "rls": 9.11, "pengeluaran": 9374, "ahh_laki": 67.35, "ahh_perempuan": 71.3, "ahh_rata2": 69.32, "tpt_total": 6.88, "Tahun": 2024 }, "geometry": { "type": "Polygon", "coordinates": [ [ [ 95.822286882739363, 4.036035050353285 ], [ 95.942286882739367, 4.036035050353285 ], [ 95.942286882739367, 4.156035050353284 ], [ 95.822286882739363, 4.156035050353284 ], [ 95.822286882739363, 4.036035050353285 ] ] ] } },
{ "type": "Feature", "properties": { "Kab_kota": "Aceh Barat Daya", "Provinsi": "Aceh", "Pulau": "Sumatera", "jumlah_penduduk": 159187, "jumlah_lansia": 15123, "pct_lansia": 9.5001, "pct_anak": 24.7564, "rasio_lansia": 14.4503, "p0_miskin": 15.32, "rls": 8.78, "pengeluaran": 9559, "ahh_laki": 63.76, "ahh_perempuan": 67.63, "ahh_rata2": 65.69, "tpt_total": 3.83, "Tahun": 2024 }, "geometry": { "type": "Polygon", "coordinates": [ [ [ 96.739120241856682, 3.52489388208341 ], [ 96.859120241856687, 3.52489388208341 ], [ 96.859120241856687, 3.64489388208341 ], [ 96.739120241856682, 3.64489388208341 ], [ 96.739120241856682, 3.52489388208341 ] ] ] } },
{ "type": "Feature", "properties": { "Kab_kota": "Gayo Lues", "Provinsi": "Aceh", "Pulau": "Sumatera", "jumlah_penduduk": 106791, "jumlah_lansia": 7389, "pct_lansia": 6.9191, "pct_anak": 28.774, "rasio_lansia": 10.7595, "p0_miskin": 18.3, "rls": 8.44, "pengeluaran": 9967, "ahh_laki": 64.13, "ahh_perempuan": 68.02, "ahh_rata2": 66.07, "tpt_total": 2.4, "Tahun": 2024 }, "geometry": { "type": "Polygon", "coordinates": [ [ [ 97.631208316020249, 4.080189851427567 ], [ 97.751208316020254, 4.080189851427567 ], [ 97.751208316020254, 4.200189851427566 ], [ 97.631208316020249, 4.200189851427566 ], [ 97.631208316020249, 4.080189851427567 ] ] ] } },
{ "type": "Feature", "properties": { "Kab_kota": "Aceh Tamiang", "Provinsi": "Aceh", "Pulau": "Sumatera", "jumlah_penduduk": 309039, "jumlah_lansia": 28823, "pct_lansia": 9.3267, "pct_anak": 26.1498, "rasio_lansia": 14.4546, "p0_miskin": 12.17, "rls": 9.3, "pengeluaran": 9529, "ahh_laki": 68.29, "ahh_perempuan": 72.22, "ahh_rata2": 70.26, "tpt_total": 6.95, "Tahun": 2024 }, "geometry": { "type": "Polygon", "coordinates": [ [ [ 97.669641430091815, 5.084015906440896 ], [ 97.78964143009182, 5.084015906440896 ], [ 97.78964143009182, 5.204015906440895 ], [ 97.669641430091815, 5.204015906440895 ], [ 97.669641430091815, 5.084015906440896 ] ] ] } },
{ "type": "Feature", "properties": { "Kab_kota": "Nagan Raya", "Provinsi": "Aceh", "Pulau": "Sumatera", "jumlah_penduduk": 176429, "jumlah_lansia": 18087, "pct_lansia": 10.2517, "pct_anak": 24.7913, "rasio_lansia": 15.7823, "p0_miskin": 16.94, "rls": 9.25, "pengeluaran": 9523, "ahh_laki": 67.82, "ahh_perempuan": 71.77, "ahh_rata2": 69.79, "tpt_total": 5.22, "Tahun": 2024 }, "geometry": { "type": "Polygon", "coordinates": [ [ [ 96.905875111391182, 5.741314445389376 ], [ 97.025875111391187, 5.741314445389376 ], [ 97.025875111391187, 5.861314445389375 ], [ 96.905875111391182, 5.861314445389375 ], [ 96.905875111391182, 5.741314445389376 ] ] ] } },
{ "type": "Feature", "properties": { "Kab_kota": "Aceh Jaya", "Provinsi": "Aceh", "Pulau": "Sumatera", "jumlah_penduduk": 99200, "jumlah_lansia": 8688, "pct_lansia": 8.7581, "pct_anak": 27.8891, "rasio_lansia": 13.8243, "p0_miskin": 12.25, "rls": 9.02, "pengeluaran": 11007, "ahh_laki": 65.75, "ahh_perempuan": 69.73, "ahh_rata2": 67.74, "tpt_total": 2.75, "Tahun": 2024 }, "geometry": { "type": "Polygon", "coordinates": [ [ [ 95.751254973641224, 5.25228738416657 ], [ 95.871254973641229, 5.25228738416657 ], [ 95.871254973641229, 5.37228738416657 ], [ 95.751254973641224, 5.37228738416657 ], [ 95.751254973641224, 5.25228738416657 ] ] ] } },
{ "type": "Feature", "properties": { "Kab_kota": "Bener Meriah", "Provinsi": "Aceh", "Pulau": "Sumatera", "jumlah_penduduk": 172036, "jumlah_lansia": 14216, "pct_lansia": 8.2634, "pct_anak": 27.8639, "rasio_lansia": 12.9373, "p0_miskin": 18.18, "rls": 10.13, "pengeluaran": 12360, "ahh_laki": 67.87, "ahh_perempuan": 71.81, "ahh_rata2": 69.84, "tpt_total": 2.2, "Tahun": 2024 }, "geometry": { "type": "Polygon", "coordinates": [ [ [ 95.537682662672054, 4.26196112533378 ], [ 95.657682662672059, 4.26196112533378 ], [ 95.657682662672059, 4.381961125333779 ], [ 95.537682662672054, 4.381961125333779 ], [ 95.537682662672054, 4.26196112533378 ] ] ] } },
{ "type": "Feature", "properties": { "Kab_kota": "Pidie Jaya", "Provinsi": "Aceh", "Pulau": "Sumatera", "jumlah_penduduk": 166467, "jumlah_lansia": 17559, "pct_lansia": 10.548, "pct_anak": 25.5961, "rasio_lansia": 16.5185, "p0_miskin": 18.28, "rls": 9.59, "pengeluaran": 11274, "ahh_laki": 68.85, "ahh_perempuan": 72.79, "ahh_rata2": 70.82, "tpt_total": 3.82, "Tahun": 2024 }, "geometry": { "type": "Polygon", "coordinates": [ [ [ 96.284108483527064, 3.451755125862863 ], [ 96.404108483527068, 3.451755125862863 ], [ 96.404108483527068, 3.571755125862863 ], [ 96.284108483527064, 3.571755125862863 ], [ 96.284108483527064, 3.451755125862863 ] ] ] } },
{ "type": "Feature", "properties": { "Kab_kota": "Kota Banda Aceh", "Provinsi": "Aceh", "Pulau": "Sumatera", "jumlah_penduduk": 265019, "jumlah_lansia": 22360, "pct_lansia": 8.4371, "pct_anak": 26.9701, "rasio_lansia": 13.062, "p0_miskin": 6.95, "rls": 13.1, "pengeluaran": 18100, "ahh_laki": 70.22, "ahh_perempuan": 74.22, "ahh_rata2": 72.22, "tpt_total": 7.55, "Tahun": 2024 }, "geometry": { "type": "Polygon", "coordinates": [ [ [ 97.639135715139744, 3.704455826659112 ], [ 97.759135715139749, 3.704455826659112 ], [ 97.759135715139749, 3.824455826659112 ], [ 97.639135715139744, 3.824455826659112 ], [ 97.639135715139744, 3.704455826659112 ] ] ] } },
{ "type": "Feature", "properties": { "Kab_kota": "Kota Sabang", "Provinsi": "Aceh", "Pulau": "Sumatera", "jumlah_penduduk": 43470, "jumlah_lansia": 4133, "pct_lansia": 9.5077, "pct_anak": 26.8461, "rasio_lansia": 14.9384, "p0_miskin": 14.58, "rls": 11.22, "pengeluaran": 12625, "ahh_laki": 69.24, "ahh_perempuan": 73.2, "ahh_rata2": 71.22, "tpt_total": 2.95, "Tahun": 2024 }, "geometry": { "type": "Polygon", "coordinates": [ [ [ 97.876580212177728, 4.992616658877096 ], [ 97.996580212177733, 4.992616658877096 ], [ 97.996580212177733, 5.112616658877095 ], [ 97.876580212177728, 5.112616658877095 ], [ 97.876580212177728, 4.992616658877096 ] ] ] } },
{ "type": "Feature", "properties": { "Kab_kota": "Kota Langsa", "Provinsi": "Aceh", "Pulau": "Sumatera", "jumlah_penduduk": 197909, "jumlah_lansia": 19103, "pct_lansia": 9.6524, "pct_anak": 24.391, "rasio_lansia": 14.6345, "p0_miskin": 10.33, "rls": 11.28, "pengeluaran": 13133, "ahh_laki": 68.0, "ahh_perempuan": 71.94, "ahh_rata2": 69.97, "tpt_total": 7.34, "Tahun": 2024 }, "geometry": { "type": "Polygon", "coordinates": [ [ [ 97.025345832207776, 5.780215481589997 ], [ 97.145345832207781, 5.780215481589997 ], [ 97.145345832207781, 5.900215481589997 ], [ 97.025345832207776, 5.900215481589997 ], [ 97.025345832207776, 5.780215481589997 ] ] ] } },
{ "type": "Feature", "properties": { "Kab_kota": "Kota Lhokseumawe", "Provinsi": "Aceh", "Pulau": "Sumatera", "jumlah_penduduk": 200403, "jumlah_lansia": 17637, "pct_lansia": 8.8008, "pct_anak": 26.2416, "rasio_lansia": 13.5485, "p0_miskin": 10.44, "rls": 11.31, "pengeluaran": 12694, "ahh_laki": 70.29, "ahh_perempuan": 74.3, "ahh_rata2": 72.3, "tpt_total": 8.47, "Tahun": 2024 }, "geometry": { "type": "Polygon", "coordinates": [ [ [ 95.998055372512326, 5.566000958971396 ], [ 96.11805537251233, 5.566000958971396 ], [ 96.11805537251233, 5.686000958971396 ], [ 95.998055372512326, 5.686000958971396 ], [ 95.998055372512326, 5.566000958971396 ] ] ] } },
{ "type": "Feature", "properties": { "Kab_kota": "Kota Subulussalam", "Provinsi": "Aceh", "Pulau": "Sumatera", "jumlah_penduduk": 99062, "jumlah_lansia": 5385, "pct_lansia": 5.436, "pct_anak": 31.9386, "rasio_lansia": 8.6802, "p0_miskin": 16.38, "rls": 8.43, "pengeluaran": 8491, "ahh_laki": 62.65, "ahh_perempuan": 66.47, "ahh_rata2": 64.56, "tpt_total": 5.12, "Tahun": 2024 }, "geometry": { "type": "Polygon", "coordinates": [ [ [ 95.389629154485021, 4.771002092004863 ], [ 95.509629154485026, 4.771002092004863 ], [ 95.509629154485026, 4.891002092004862 ], [ 95.389629154485021, 4.891002092004862 ], [ 95.389629154485021, 4.771002092004863 ] ] ] } },
{ "type": "Feature", "properties": { "Kab_kota": "Nias", "Provinsi": "Sumatera Utara", "Pulau": "Sumatera", "jumlah_penduduk": 155629, "jumlah_lansia": 11797, "pct_lansia": 7.5802, "pct_anak": 29.8273, "rasio_lansia": 12.1104, "p0_miskin": 14.89, "rls": 6.4, "pengeluaran": 7698, "ahh_laki": 68.6, "ahh_perempuan": 72.53, "ahh_rata2": 70.56, "tpt_total": 2.1, "Tahun": 2024 }, "geometry": { "type": "Polygon", "coordinates": [ [ [ 99.039924289844208, 1.033149220694877 ], [ 99.159924289844213, 1.033149220694877 ], [ 99.159924289844213, 1.153149220694877 ], [ 99.039924289844208, 1.153149220694877 ], [ 99.039924289844208, 1.033149220694877 ] ] ] } },
{ "type": "Feature", "properties": { "Kab_kota": "Mandailing Natal", "Provinsi": "Sumatera Utara", "Pulau": "Sumatera", "jumlah_penduduk": 505360, "jumlah_lansia": 44297, "pct_lansia": 8.7654, "pct_anak": 30.1169, "rasio_lansia": 14.3419, "p0_miskin": 8.69, "rls": 9.11, "pengeluaran": 10644, "ahh_laki": 61.8, "ahh_perempuan": 65.6, "ahh_rata2": 63.7, "tpt_total": 7.22, "Tahun": 2024 }, "geometry": { "type": "Polygon", "coordinates": [ [ [ 100.039272619109582, 0.976500013295975 ], [ 100.159272619109586, 0.976500013295975 ], [ 100.159272619109586, 1.096500013295975 ], [ 100.039272619109582, 1.096500013295975 ], [ 100.039272619109582, 0.976500013295975 ] ] ] } },
{ "type": "Feature", "properties": { "Kab_kota": "Tapanuli Selatan", "Provinsi": "Sumatera Utara", "Pulau": "Sumatera", "jumlah_penduduk": 316486, "jumlah_lansia": 29504, "pct_lansia": 9.3224, "pct_anak": 28.8733, "rasio_lansia": 15.0837, "p0_miskin": 6.92, "rls": 9.56, "pengeluaran": 12213, "ahh_laki": 63.85, "ahh_perempuan": 67.72, "ahh_rata2": 65.78, "tpt_total": 3.41, "Tahun": 2024 }, "geometry": { "type": "Polygon", "coordinates": [ [ [ 100.805079694438902, 1.744829366278802 ], [ 100.925079694438907, 1.744829366278802 ], [ 100.925079694438907, 1.864829366278802 ], [ 100.805079694438902, 1.864829366278802 ], [ 100.805079694438902, 1.744829366278802 ] ] ] } },
{ "type": "Feature", "properties": { "Kab_kota": "Tapanuli Tengah", "Provinsi": "Sumatera Utara", "Pulau": "Sumatera", "jumlah_penduduk": 394910, "jumlah_lansia": 33906, "pct_lansia": 8.5858, "pct_anak": 26.9978, "rasio_lansia": 13.3285, "p0_miskin": 11.8, "rls": 8.92, "pengeluaran": 11128, "ahh_laki": 66.24, "ahh_perempuan": 70.23, "ahh_rata2": 68.24, "tpt_total": 7.45, "Tahun": 2024 }, "geometry": { "type": "Polygon", "coordinates": [ [ [ 100.279430389380948, 3.011694191939895 ], [ 100.399430389380953, 3.011694191939895 ], [ 100.399430389380953, 3.131694191939895 ], [ 100.279430389380948, 3.131694191939895 ], [ 100.279430389380948, 3.011694191939895 ] ] ] } },
{ "type": "Feature", "properties": { "Kab_kota": "Tapanuli Utara", "Provinsi": "Sumatera Utara", "Pulau": "Sumatera", "jumlah_penduduk": 326993, "jumlah_lansia": 38305, "pct_lansia": 11.7143, "pct_anak": 28.3801, "rasio_lansia": 19.5546, "p0_miskin": 8.21, "rls": 10.31, "pengeluaran": 12382, "ahh_laki": 67.85, "ahh_perempuan": 71.79, "ahh_rata2": 69.82, "tpt_total": 1.21, "Tahun": 2024 }, "geometry": { "type": "Polygon", "coordinates": [ [ [ 99.05618174513026, 3.140156647595127 ], [ 99.176181745130265, 3.140156647595127 ], [ 99.176181745130265, 3.260156647595127 ], [ 99.05618174513026, 3.260156647595127 ], [ 99.05618174513026, 3.140156647595127 ] ] ] } },
{ "type": "Feature", "properties": { "Kab_kota": "Toba Samosir / Toba", "Provinsi": "Sumatera Utara", "Pulau": "Sumatera", "jumlah_penduduk": 216720, "jumlah_lansia": 24802, "pct_lansia": 11.4443, "pct_anak": 28.4178, "rasio_lansia": 19.03, "p0_miskin": 8.07, "rls": 10.77, "pengeluaran": 12960, "ahh_laki": 69.48, "ahh_perempuan": 73.45, "ahh_rata2": 71.46, "tpt_total": 1.09, "Tahun": 2024 }, "geometry": { "type": "Polygon", "coordinates": [ [ [ 98.402493266740834, 2.347295830379324 ], [ 98.522493266740838, 2.347295830379324 ], [ 98.522493266740838, 2.467295830379324 ], [ 98.402493266740834, 2.467295830379324 ], [ 98.402493266740834, 2.347295830379324 ] ] ] } },
{ "type": "Feature", "properties": { "Kab_kota": "Labuhan Batu", "Provinsi": "Sumatera Utara", "Pulau": "Sumatera", "jumlah_penduduk": 520545, "jumlah_lansia": 42121, "pct_lansia": 8.0917, "pct_anak": 27.5292, "rasio_lansia": 12.5689, "p0_miskin": 7.84, "rls": 9.5, "pengeluaran": 12102, "ahh_laki": 69.06, "ahh_perempuan": 73.01, "ahh_rata2": 71.04, "tpt_total": 5.9, "Tahun": 2024 }, "geometry": { "type": "Polygon", "coordinates": [ [ [ 98.591599899364397, 1.409222075662509 ], [ 98.711599899364401, 1.409222075662509 ], [ 98.711599899364401, 1.529222075662509 ], [ 98.591599899364397, 1.529222075662509 ], [ 98.591599899364397, 1.409222075662509 ] ] ] } },
{ "type": "Feature", "properties": { "Kab_kota": "Asahan", "Provinsi": "Sumatera Utara", "Pulau": "Sumatera", "jumlah_penduduk": 813720, "jumlah_lansia": 77945, "pct_lansia": 9.5788, "pct_anak": 27.1799, "rasio_lansia": 15.1465, "p0_miskin": 8.12, "rls": 8.85, "pengeluaran": 12301, "ahh_laki": 67.34, "ahh_perempuan": 71.3, "ahh_rata2": 69.32, "tpt_total": 5.94, "Tahun": 2024 }, "geometry": { "type": "Polygon", "coordinates": [ [ [ 99.704576360889988, 0.937487564273475 ], [ 99.824576360889992, 0.937487564273475 ], [ 99.824576360889992, 1.057487564273475 ], [ 99.704576360889988, 1.057487564273475 ], [ 99.704576360889988, 0.937487564273475 ] ] ] } },
{ "type": "Feature", "properties": { "Kab_kota": "Simalungun", "Provinsi": "Sumatera Utara", "Pulau": "Sumatera", "jumlah_penduduk": 1051845, "jumlah_lansia": 125023, "pct_lansia": 11.8861, "pct_anak": 24.3164, "rasio_lansia": 18.6309, "p0_miskin": 7.72, "rls": 9.73, "pengeluaran": 12119, "ahh_laki": 70.43, "ahh_perempuan": 74.44, "ahh_rata2": 72.44, "tpt_total": 5.17, "Tahun": 2024 }, "geometry": { "type": "Polygon", "coordinates": [ [ [ 100.652666449760559, 1.620516226450562 ], [ 100.772666449760564, 1.620516226450562 ], [ 100.772666449760564, 1.740516226450562 ], [ 100.652666449760559, 1.740516226450562 ], [ 100.652666449760559, 1.620516226450562 ] ] ] } },
{ "type": "Feature", "properties": { "Kab_kota": "Dairi", "Provinsi": "Sumatera Utara", "Pulau": "Sumatera", "jumlah_penduduk": 330586, "jumlah_lansia": 34206, "pct_lansia": 10.3471, "pct_anak": 28.3884, "rasio_lansia": 16.8892, "p0_miskin": 7.1, "rls": 9.89, "pengeluaran": 11355, "ahh_laki": 68.35, "ahh_perempuan": 72.29, "ahh_rata2": 70.32, "tpt_total": 1.43, "Tahun": 2024 }, "geometry": { "type": "Polygon", "coordinates": [ [ [ 100.319446027940799, 2.854048992538132 ], [ 100.439446027940804, 2.854048992538132 ], [ 100.439446027940804, 2.974048992538132 ], [ 100.319446027940799, 2.974048992538132 ], [ 100.319446027940799, 2.854048992538132 ] ] ] } },
{ "type": "Feature", "properties": { "Kab_kota": "Karo", "Provinsi": "Sumatera Utara", "Pulau": "Sumatera", "jumlah_penduduk": 426471, "jumlah_lansia": 46450, "pct_lansia": 10.8917, "pct_anak": 25.062, "rasio_lansia": 17.006, "p0_miskin": 7.37, "rls": 10.12, "pengeluaran": 13278, "ahh_laki": 70.48, "ahh_perempuan": 74.49, "ahh_rata2": 72.48, "tpt_total": 2.4, "Tahun": 2024 }, "geometry": { "type": "Polygon", "coordinates": [ [ [ 99.366634453147086, 3.360767368706056 ], [ 99.48663445314709, 3.360767368706056 ], [ 99.48663445314709, 3.480767368706056 ], [ 99.366634453147086, 3.480767368706056 ], [ 99.366634453147086, 3.360767368706056 ] ] ] } },
{ "type": "Feature", "properties": { "Kab_kota": "Deli Serdang", "Provinsi": "Sumatera Utara", "Pulau": "Sumatera", "jumlah_penduduk": 2048480, "jumlah_lansia": 191543, "pct_lansia": 9.3505, "pct_anak": 26.3245, "rasio_lansia": 14.5363, "p0_miskin": 3.44, "rls": 10.29, "pengeluaran": 13279, "ahh_laki": 70.52, "ahh_perempuan": 74.54, "ahh_rata2": 72.53, "tpt_total": 8.02, "Tahun": 2024 }, "geometry": { "type": "Polygon", "coordinates": [ [ [ 98.495798453255063, 2.567988407575537 ], [ 98.615798453255067, 2.567988407575537 ], [ 98.615798453255067, 2.687988407575537 ], [ 98.495798453255063, 2.687988407575537 ], [ 98.495798453255063, 2.567988407575537 ] ] ] } },
{ "type": "Feature", "properties": { "Kab_kota": "Langkat", "Provinsi": "Sumatera Utara", "Pulau": "Sumatera", "jumlah_penduduk": 1078676, "jumlah_lansia": 112625, "pct_lansia": 10.441, "pct_anak": 25.8107, "rasio_lansia": 16.3786, "p0_miskin": 9.04, "rls": 8.74, "pengeluaran": 12080, "ahh_laki": 67.98, "ahh_perempuan": 71.92, "ahh_rata2": 69.95, "tpt_total": 6.08, "Tahun": 2024 }, "geometry": { "type": "Polygon", "coordinates": [ [ [ 98.554800084400256, 1.379865803249574 ], [ 98.67480008440026, 1.379865803249574 ], [ 98.67480008440026, 1.499865803249574 ], [ 98.554800084400256, 1.499865803249574 ], [ 98.554800084400256, 1.379865803249574 ] ] ] } },
{ "type": "Feature", "properties": { "Kab_kota": "Nias Selatan", "Provinsi": "Sumatera Utara", "Pulau": "Sumatera", "jumlah_penduduk": 389957, "jumlah_lansia": 25867, "pct_lansia": 6.6333, "pct_anak": 27.7054, "rasio_lansia": 10.1023, "p0_miskin": 16.32, "rls": 6.52, "pengeluaran": 7730, "ahh_laki": 67.87, "ahh_perempuan": 71.82, "ahh_rata2": 69.84, "tpt_total": 3.03, "Tahun": 2024 }, "geometry": { "type": "Polygon", "coordinates": [ [ [ 99.420910115723103, 0.916164964688769 ], [ 99.540910115723108, 0.916164964688769 ], [ 99.540910115723108, 1.036164964688769 ], [ 99.420910115723103, 1.036164964688769 ], [ 99.420910115723103, 0.916164964688769 ] ] ] } },
{ "type": "Feature", "properties": { "Kab_kota": "Humbang Hasundutan", "Provinsi": "Sumatera Utara", "Pulau": "Sumatera", "jumlah_penduduk": 207076, "jumlah_lansia": 22952, "pct_lansia": 11.0839, "pct_anak": 29.55, "rasio_lansia": 18.6703, "p0_miskin": 8.44, "rls": 10.13, "pengeluaran": 8844, "ahh_laki": 68.58, "ahh_perempuan": 72.51, "ahh_rata2": 70.54, "tpt_total": 0.92, "Tahun": 2024 }, "geometry": { "type": "Polygon", "coordinates": [ [ [ 100.441369614112432, 1.089605922649608 ], [ 100.561369614112436, 1.089605922649608 ], [ 100.561369614112436, 1.209605922649608 ], [ 100.441369614112432, 1.209605922649608 ], [ 100.441369614112432, 1.089605922649608 ] ] ] } },
{ "type": "Feature", "properties": { "Kab_kota": "Pakpak Bharat", "Provinsi": "Sumatera Utara", "Pulau": "Sumatera", "jumlah_penduduk": 56212, "jumlah_lansia": 4033, "pct_lansia": 7.1746, "pct_anak": 32.8506, "rasio_lansia": 11.9627, "p0_miskin": 6.87, "rls": 9.73, "pengeluaran": 9158, "ahh_laki": 65.31, "ahh_perempuan": 69.26, "ahh_rata2": 67.28, "tpt_total": 0.97, "Tahun": 2024 }, "geometry": { "type": "Polygon", "coordinates": [ [ [ 100.494772230514641, 2.433756371408978 ], [ 100.614772230514646, 2.433756371408978 ], [ 100.614772230514646, 2.553756371408978 ], [ 100.494772230514641, 2.553756371408978 ], [ 100.494772230514641, 2.433756371408978 ] ] ] } },
{ "type": "Feature", "properties": { "Kab_kota": "Samosir", "Provinsi": "Sumatera Utara", "Pulau": "Sumatera", "jumlah_penduduk": 143071, "jumlah_lansia": 16976, "pct_lansia": 11.8654, "pct_anak": 28.7025, "rasio_lansia": 19.9647, "p0_miskin": 11.63, "rls": 9.61, "pengeluaran": 9634, "ahh_laki": 70.45, "ahh_perempuan": 74.46, "ahh_rata2": 72.46, "tpt_total": 0.89, "Tahun": 2024 }, "geometry": { "type": "Polygon", "coordinates": [ [ [ 99.883283330340291, 3.073182669590814 ], [ 100.003283330340295, 3.073182669590814 ], [ 100.003283330340295, 3.193182669590815 ], [ 99.883283330340291, 3.193182669590815 ], [ 99.883283330340291, 3.073182669590814 ] ] ] } },
{ "type": "Feature", "properties": { "Kab_kota": "Serdang Bedagai", "Provinsi": "Sumatera Utara", "Pulau": "Sumatera", "jumlah_penduduk": 691638, "jumlah_lansia": 71635, "pct_lansia": 10.3573, "pct_anak": 26.7534, "rasio_lansia": 16.4691, "p0_miskin": 6.97, "rls": 9.12, "pengeluaran": 12015, "ahh_laki": 67.9, "ahh_perempuan": 71.85, "ahh_rata2": 69.88, "tpt_total": 4.88, "Tahun": 2024 }, "geometry": { "type": "Polygon", "coordinates": [ [ [ 98.761562444230023, 2.877042363127969 ], [ 98.881562444230028, 2.877042363127969 ], [ 98.881562444230028, 2.997042363127969 ], [ 98.761562444230023, 2.997042363127969 ], [ 98.761562444230023, 2.877042363127969 ] ] ] } },
{ "type": "Feature", "properties": { "Kab_kota": "Batu Bara", "Provinsi": "Sumatera Utara", "Pulau": "Sumatera", "jumlah_penduduk": 437360, "jumlah_lansia": 41946, "pct_lansia": 9.5907, "pct_anak": 28.5954, "rasio_lansia": 15.5155, "p0_miskin": 10.94, "rls": 8.51, "pengeluaran": 11373, "ahh_laki": 66.17, "ahh_perempuan": 70.16, "ahh_rata2": 68.16, "tpt_total": 5.75, "Tahun": 2024 }, "geometry": { "type": "Polygon", "coordinates": [ [ [ 98.255873096620675, 1.886806097321458 ], [ 98.37587309662068, 1.886806097321458 ], [ 98.37587309662068, 2.006806097321458 ], [ 98.255873096620675, 2.006806097321458 ], [ 98.255873096620675, 1.886806097321458 ] ] ] } },
{ "type": "Feature", "properties": { "Kab_kota": "Padang Lawas Utara", "Provinsi": "Sumatera Utara", "Pulau": "Sumatera", "jumlah_penduduk": 280595, "jumlah_lansia": 18949, "pct_lansia": 6.7531, "pct_anak": 30.8505, "rasio_lansia": 10.823, "p0_miskin": 8.97, "rls": 9.82, "pengeluaran": 10925, "ahh_laki": 66.05, "ahh_perempuan": 70.04, "ahh_rata2": 68.04, "tpt_total": 3.99, "Tahun": 2024 }, "geometry": { "type": "Polygon", "coordinates": [ [ [ 99.141785620779075, 1.125627138346834 ], [ 99.261785620779079, 1.125627138346834 ], [ 99.261785620779079, 1.245627138346834 ], [ 99.141785620779075, 1.245627138346834 ], [ 99.141785620779075, 1.125627138346834 ] ] ] } },
{ "type": "Feature", "properties": { "Kab_kota": "Padang Lawas", "Provinsi": "Sumatera Utara", "Pulau": "Sumatera", "jumlah_penduduk": 280764, "jumlah_lansia": 19096, "pct_lansia": 6.8014, "pct_anak": 31.2747, "rasio_lansia": 10.9835, "p0_miskin": 7.87, "rls": 9.63, "pengeluaran": 9821, "ahh_laki": 65.93, "ahh_perempuan": 69.92, "ahh_rata2": 67.93, "tpt_total": 5.47, "Tahun": 2024 }, "geometry": { "type": "Polygon", "coordinates": [ [ [ 99.968672547344369, 1.000229335518953 ], [ 100.088672547344373, 1.000229335518953 ], [ 100.088672547344373, 1.120229335518953 ], [ 99.968672547344369, 1.120229335518953 ], [ 99.968672547344369, 1.000229335518953 ] ] ] } },
{ "type": "Feature", "properties": { "Kab_kota": "Labuhan Batu Selatan", "Provinsi": "Sumatera Utara", "Pulau": "Sumatera", "jumlah_penduduk": 336577, "jumlah_lansia": 21781, "pct_lansia": 6.4713, "pct_anak": 29.6553, "rasio_lansia": 10.1315, "p0_miskin": 7.73, "rls": 9.19, "pengeluaran": 12353, "ahh_laki": 67.8, "ahh_perempuan": 71.75, "ahh_rata2": 69.78, "tpt_total": 3.24, "Tahun": 2024 }, "geometry": { "type": "Polygon", "coordinates": [ [ [ 100.644186243144418, 1.998549539490936 ], [ 100.764186243144422, 1.998549539490936 ], [ 100.764186243144422, 2.118549539490936 ], [ 100.644186243144418, 2.118549539490936 ], [ 100.644186243144418, 1.998549539490936 ] ] ] } },
{ "type": "Feature", "properties": { "Kab_kota": "Labuhan Batu Utara", "Provinsi": "Sumatera Utara", "Pulau": "Sumatera", "jumlah_penduduk": 408749, "jumlah_lansia": 32217, "pct_lansia": 7.8819, "pct_anak": 28.6868, "rasio_lansia": 12.4258, "p0_miskin": 8.98, "rls": 9.14, "pengeluaran": 12839, "ahh_laki": 68.56, "ahh_perempuan": 72.49, "ahh_rata2": 70.53, "tpt_total": 4.6, "Tahun": 2024 }, "geometry": { "type": "Polygon", "coordinates": [ [ [ 100.313629779394887, 3.158467761621487 ], [ 100.433629779394892, 3.158467761621487 ], [ 100.433629779394892, 3.278467761621487 ], [ 100.313629779394887, 3.278467761621487 ], [ 100.313629779394887, 3.158467761621487 ] ] ] } },
{ "type": "Feature", "properties": { "Kab_kota": "Nias Utara", "Provinsi": "Sumatera Utara", "Pulau": "Sumatera", "jumlah_penduduk": 158676, "jumlah_lansia": 11783, "pct_lansia": 7.4258, "pct_anak": 29.0428, "rasio_lansia": 11.6884, "p0_miskin": 21.5, "rls": 7.05, "pengeluaran": 7189, "ahh_laki": 68.53, "ahh_perempuan": 72.46, "ahh_rata2": 70.5, "tpt_total": 2.82, "Tahun": 2024 }, "geometry": { "type": "Polygon", "coordinates": [ [ [ 99.071505591652439, 3.079911963465555 ], [ 99.191505591652444, 3.079911963465555 ], [ 99.191505591652444, 3.199911963465556 ], [ 99.071505591652439, 3.199911963465556 ], [ 99.071505591652439, 3.079911963465555 ] ] ] } },
{ "type": "Feature", "properties": { "Kab_kota": "Nias Barat", "Provinsi": "Sumatera Utara", "Pulau": "Sumatera", "jumlah_penduduk": 97251, "jumlah_lansia": 7094, "pct_lansia": 7.2945, "pct_anak": 31.5596, "rasio_lansia": 11.9297, "p0_miskin": 22.68, "rls": 7.26, "pengeluaran": 6740, "ahh_laki": 68.28, "ahh_perempuan": 72.21, "ahh_rata2": 70.24, "tpt_total": 1.0, "Tahun": 2024 }, "geometry": { "type": "Polygon", "coordinates": [ [ [ 98.37097815649895, 2.240958513919157 ], [ 98.490978156498954, 2.240958513919157 ], [ 98.490978156498954, 2.360958513919158 ], [ 98.37097815649895, 2.360958513919158 ], [ 98.37097815649895, 2.240958513919157 ] ] ] } },
{ "type": "Feature", "properties": { "Kab_kota": "Kota Sibolga", "Provinsi": "Sumatera Utara", "Pulau": "Sumatera", "jumlah_penduduk": 91747, "jumlah_lansia": 8252, "pct_lansia": 8.9943, "pct_anak": 26.7714, "rasio_lansia": 14.0023, "p0_miskin": 11.39, "rls": 10.45, "pengeluaran": 12713, "ahh_laki": 68.46, "ahh_perempuan": 72.39, "ahh_rata2": 70.42, "tpt_total": 6.52, "Tahun": 2024 }, "geometry": { "type": "Polygon", "coordinates": [ [ [ 98.676477309727431, 0.993945387350832 ], [ 98.796477309727436, 0.993945387350832 ], [ 98.796477309727436, 1.113945387350832 ], [ 98.676477309727431, 1.113945387350832 ], [ 98.676477309727431, 0.993945387350832 ] ] ] } },
{ "type": "Feature", "properties": { "Kab_kota": "Kota Tanjung Balai", "Provinsi": "Sumatera Utara", "Pulau": "Sumatera", "jumlah_penduduk": 185647, "jumlah_lansia": 15782, "pct_lansia": 8.5011, "pct_anak": 27.9471, "rasio_lansia": 13.3766, "p0_miskin": 11.97, "rls": 9.69, "pengeluaran": 12264, "ahh_laki": 62.57, "ahh_perempuan": 66.4, "ahh_rata2": 64.48, "tpt_total": 4.08, "Tahun": 2024 }, "geometry": { "type": "Polygon", "coordinates": [ [ [ 99.783193458111697, 0.807239175778084 ], [ 99.903193458111701, 0.807239175778084 ], [ 99.903193458111701, 0.927239175778084 ], [ 99.783193458111697, 0.927239175778084 ], [ 99.783193458111697, 0.807239175778084 ] ] ] } },
{ "type": "Feature", "properties": { "Kab_kota": "Kota Pematang Siantar", "Provinsi": "Sumatera Utara", "Pulau": "Sumatera", "jumlah_penduduk": 277054, "jumlah_lansia": 35509, "pct_lansia": 12.8166, "pct_anak": 23.8127, "rasio_lansia": 20.2249, "p0_miskin": 7.2, "rls": 11.82, "pengeluaran": 13349, "ahh_laki": 73.2, "ahh_perempuan": 77.45, "ahh_rata2": 75.32, "tpt_total": 8.0, "Tahun": 2024 }, "geometry": { "type": "Polygon", "coordinates": [ [ [ 100.70970905425618, 1.745801437234886 ], [ 100.829709054256185, 1.745801437234886 ], [ 100.829709054256185, 1.865801437234887 ], [ 100.70970905425618, 1.865801437234887 ], [ 100.70970905425618, 1.745801437234886 ] ] ] } },
{ "type": "Feature", "properties": { "Kab_kota": "Kota Tebing Tinggi", "Provinsi": "Sumatera Utara", "Pulau": "Sumatera", "jumlah_penduduk": 180977, "jumlah_lansia": 20355, "pct_lansia": 11.2473, "pct_anak": 25.8674, "rasio_lansia": 17.8854, "p0_miskin": 8.79, "rls": 10.87, "pengeluaran": 13900, "ahh_laki": 69.83, "ahh_perempuan": 73.82, "ahh_rata2": 71.82, "tpt_total": 6.18, "Tahun": 2024 }, "geometry": { "type": "Polygon", "coordinates": [ [ [ 100.228043016442186, 2.702038405034775 ], [ 100.34804301644219, 2.702038405034775 ], [ 100.34804301644219, 2.822038405034775 ], [ 100.228043016442186, 2.822038405034775 ], [ 100.228043016442186, 2.702038405034775 ] ] ] } },
{ "type": "Feature", "properties": { "Kab_kota": "Kota Medan", "Provinsi": "Sumatera Utara", "Pulau": "Sumatera", "jumlah_penduduk": 2486283, "jumlah_lansia": 284173, "pct_lansia": 11.4296, "pct_anak": 23.052, "rasio_lansia": 17.4449, "p0_miskin": 7.94, "rls": 11.79, "pengeluaran": 16069, "ahh_laki": 72.79, "ahh_perempuan": 76.68, "ahh_rata2": 74.74, "tpt_total": 8.13, "Tahun": 2024 }, "geometry": { "type": "Polygon", "coordinates": [ [ [ 99.354136797711647, 3.168145353035906 ], [ 99.474136797711651, 3.168145353035906 ], [ 99.474136797711651, 3.288145353035906 ], [ 99.354136797711647, 3.288145353035906 ], [ 99.354136797711647, 3.168145353035906 ] ] ] } },
{ "type": "Feature", "properties": { "Kab_kota": "Kota Binjai", "Provinsi": "Sumatera Utara", "Pulau": "Sumatera", "jumlah_penduduk": 307170, "jumlah_lansia": 32023, "pct_lansia": 10.4252, "pct_anak": 25.6815, "rasio_lansia": 16.3165, "p0_miskin": 4.75, "rls": 11.2, "pengeluaran": 12015, "ahh_laki": 71.19, "ahh_perempuan": 75.48, "ahh_rata2": 73.34, "tpt_total": 5.44, "Tahun": 2024 }, "geometry": { "type": "Polygon", "coordinates": [ [ [ 98.404463594464147, 2.66911267032649 ], [ 98.524463594464152, 2.66911267032649 ], [ 98.524463594464152, 2.78911267032649 ], [ 98.404463594464147, 2.78911267032649 ], [ 98.404463594464147, 2.66911267032649 ] ] ] } },
{ "type": "Feature", "properties": { "Kab_kota": "Kota Padangsidimpuan", "Provinsi": "Sumatera Utara", "Pulau": "Sumatera", "jumlah_penduduk": 240067, "jumlah_lansia": 22521, "pct_lansia": 9.3811, "pct_anak": 26.4772, "rasio_lansia": 14.6256, "p0_miskin": 6.23, "rls": 11.13, "pengeluaran": 11964, "ahh_laki": 68.51, "ahh_perempuan": 72.45, "ahh_rata2": 70.48, "tpt_total": 7.17, "Tahun": 2024 }, "geometry": { "type": "Polygon", "coordinates": [ [ [ 98.443863325074531, 1.526634136387862 ], [ 98.563863325074536, 1.526634136387862 ], [ 98.563863325074536, 1.646634136387862 ], [ 98.443863325074531, 1.646634136387862 ], [ 98.443863325074531, 1.526634136387862 ] ] ] } },
{ "type": "Feature", "properties": { "Kab_kota": "Kota Gunungsitoli", "Provinsi": "Sumatera Utara", "Pulau": "Sumatera", "jumlah_penduduk": 145233, "jumlah_lansia": 11224, "pct_lansia": 7.7283, "pct_anak": 30.6962, "rasio_lansia": 12.5509, "p0_miskin": 14.72, "rls": 8.76, "pengeluaran": 9056, "ahh_laki": 70.3, "ahh_perempuan": 74.31, "ahh_rata2": 72.31, "tpt_total": 3.3, "Tahun": 2024 }, "geometry": { "type": "Polygon", "coordinates": [ [ [ 99.453357977751025, 0.782408950817008 ], [ 99.57335797775103, 0.782408950817008 ], [ 99.57335797775103, 0.902408950817008 ], [ 99.453357977751025, 0.902408950817008 ], [ 99.453357977751025, 0.782408950817008 ] ] ] } },
{ "type": "Feature", "properties": { "Kab_kota": "Kepulauan Mentawai", "Provinsi": "Sumatera Barat", "Pulau": "Sumatera", "jumlah_penduduk": 92757, "jumlah_lansia": 7082, "pct_lansia": 7.635, "pct_anak": 26.591, "rasio_lansia": 11.6079, "p0_miskin": 13.89, "rls": 8.03, "pengeluaran": 7192, "ahh_laki": 63.39, "ahh_perempuan": 67.24, "ahh_rata2": 65.32, "tpt_total": 1.44, "Tahun": 2024 }, "geometry": { "type": "Polygon", "coordinates": [ [ [ 101.895509183067844, -1.557328470822255 ], [ 102.015509183067849, -1.557328470822255 ], [ 102.015509183067849, -1.437328470822254 ], [ 101.895509183067844, -1.437328470822254 ], [ 101.895509183067844, -1.557328470822255 ] ] ] } },
{ "type": "Feature", "properties": { "Kab_kota": "Pesisir Selatan", "Provinsi": "Sumatera Barat", "Pulau": "Sumatera", "jumlah_penduduk": 532913, "jumlah_lansia": 62695, "pct_lansia": 11.7646, "pct_anak": 24.9305, "rasio_lansia": 18.584, "p0_miskin": 7.49, "rls": 8.81, "pengeluaran": 10211, "ahh_laki": 69.65, "ahh_perempuan": 73.63, "ahh_rata2": 71.64, "tpt_total": 5.06, "Tahun": 2024 }, "geometry": { "type": "Polygon", "coordinates": [ [ [ 101.840788222480654, -0.341033955336879 ], [ 101.960788222480659, -0.341033955336879 ], [ 101.960788222480659, -0.221033955336879 ], [ 101.840788222480654, -0.221033955336879 ], [ 101.840788222480654, -0.341033955336879 ] ] ] } },
{ "type": "Feature", "properties": { "Kab_kota": "Solok", "Provinsi": "Sumatera Barat", "Pulau": "Sumatera", "jumlah_penduduk": 410426, "jumlah_lansia": 48090, "pct_lansia": 11.7171, "pct_anak": 24.4687, "rasio_lansia": 18.3613, "p0_miskin": 7.31, "rls": 7.91, "pengeluaran": 10988, "ahh_laki": 67.88, "ahh_perempuan": 71.82, "ahh_rata2": 69.85, "tpt_total": 4.91, "Tahun": 2024 }, "geometry": { "type": "Polygon", "coordinates": [ [ [ 100.89162938629751, 0.422967764944978 ], [ 101.011629386297514, 0.422967764944978 ], [ 101.011629386297514, 0.542967764944978 ], [ 100.89162938629751, 0.542967764944978 ], [ 100.89162938629751, 0.422967764944978 ] ] ] } },
{ "type": "Feature", "properties": { "Kab_kota": "Sijunjung", "Provinsi": "Sumatera Barat", "Pulau": "Sumatera", "jumlah_penduduk": 246775, "jumlah_lansia": 25673, "pct_lansia": 10.4034, "pct_anak": 25.4029, "rasio_lansia": 16.2063, "p0_miskin": 5.78, "rls": 8.62, "pengeluaran": 11395, "ahh_laki": 65.39, "ahh_perempuan": 69.34, "ahh_rata2": 67.37, "tpt_total": 4.73, "Tahun": 2024 }, "geometry": { "type": "Polygon", "coordinates": [ [ [ 100.010041900142113, -0.234739165603306 ], [ 100.130041900142118, -0.234739165603306 ], [ 100.130041900142118, -0.114739165603306 ], [ 100.010041900142113, -0.114739165603306 ], [ 100.010041900142113, -0.234739165603306 ] ] ] } },
{ "type": "Feature", "properties": { "Kab_kota": "Tanah Datar", "Provinsi": "Sumatera Barat", "Pulau": "Sumatera", "jumlah_penduduk": 388228, "jumlah_lansia": 60477, "pct_lansia": 15.5777, "pct_anak": 21.6965, "rasio_lansia": 24.8346, "p0_miskin": 4.28, "rls": 9.29, "pengeluaran": 11223, "ahh_laki": 69.04, "ahh_perempuan": 72.99, "ahh_rata2": 71.02, "tpt_total": 5.3, "Tahun": 2024 }, "geometry": { "type": "Polygon", "coordinates": [ [ [ 99.480158767980328, -1.003536115058016 ], [ 99.600158767980332, -1.003536115058016 ], [ 99.600158767980332, -0.883536115058016 ], [ 99.480158767980328, -0.883536115058016 ], [ 99.480158767980328, -1.003536115058016 ] ] ] } },
{ "type": "Feature", "properties": { "Kab_kota": "Padang Pariaman", "Provinsi": "Sumatera Barat", "Pulau": "Sumatera", "jumlah_penduduk": 459169, "jumlah_lansia": 58125, "pct_lansia": 12.6587, "pct_anak": 24.5787, "rasio_lansia": 20.1693, "p0_miskin": 6.27, "rls": 8.42, "pengeluaran": 11756, "ahh_laki": 68.18, "ahh_perempuan": 72.11, "ahh_rata2": 70.15, "tpt_total": 6.59, "Tahun": 2024 }, "geometry": { "type": "Polygon", "coordinates": [ [ [ 100.438282098103059, -2.042245558893101 ], [ 100.558282098103064, -2.042245558893101 ], [ 100.558282098103064, -1.922245558893101 ], [ 100.438282098103059, -1.922245558893101 ], [ 100.438282098103059, -2.042245558893101 ] ] ] } },
{ "type": "Feature", "properties": { "Kab_kota": "Agam", "Provinsi": "Sumatera Barat", "Pulau": "Sumatera", "jumlah_penduduk": 559299, "jumlah_lansia": 80629, "pct_lansia": 14.4161, "pct_anak": 22.7674, "rasio_lansia": 22.9495, "p0_miskin": 6.83, "rls": 9.23, "pengeluaran": 10686, "ahh_laki": 71.31, "ahh_perempuan": 75.74, "ahh_rata2": 73.53, "tpt_total": 4.73, "Tahun": 2024 }, "geometry": { "type": "Polygon", "coordinates": [ [ [ 101.74166094875298, -1.526152286914799 ], [ 101.861660948752984, -1.526152286914799 ], [ 101.861660948752984, -1.406152286914799 ], [ 101.74166094875298, -1.406152286914799 ], [ 101.74166094875298, -1.526152286914799 ] ] ] } },
{ "type": "Feature", "properties": { "Kab_kota": "Lima Puluh Kota", "Provinsi": "Sumatera Barat", "Pulau": "Sumatera", "jumlah_penduduk": 401086, "jumlah_lansia": 53855, "pct_lansia": 13.4273, "pct_anak": 22.9584, "rasio_lansia": 21.1074, "p0_miskin": 6.92, "rls": 8.13, "pengeluaran": 10648, "ahh_laki": 68.55, "ahh_perempuan": 72.48, "ahh_rata2": 70.52, "tpt_total": 3.68, "Tahun": 2024 }, "geometry": { "type": "Polygon", "coordinates": [ [ [ 101.948819515068962, -0.696056333974999 ], [ 102.068819515068967, -0.696056333974999 ], [ 102.068819515068967, -0.576056333974998 ], [ 101.948819515068962, -0.576056333974998 ], [ 101.948819515068962, -0.696056333974999 ] ] ] } },
{ "type": "Feature", "properties": { "Kab_kota": "Pasaman", "Provinsi": "Sumatera Barat", "Pulau": "Sumatera", "jumlah_penduduk": 318080, "jumlah_lansia": 32821, "pct_lansia": 10.3185, "pct_anak": 25.7605, "rasio_lansia": 16.1425, "p0_miskin": 6.74, "rls": 8.14, "pengeluaran": 9194, "ahh_laki": 66.67, "ahh_perempuan": 70.64, "ahh_rata2": 68.66, "tpt_total": 5.25, "Tahun": 2024 }, "geometry": { "type": "Polygon", "coordinates": [ [ [ 101.167976698096567, 0.42691871949102 ], [ 101.287976698096571, 0.42691871949102 ], [ 101.287976698096571, 0.54691871949102 ], [ 101.167976698096567, 0.54691871949102 ], [ 101.167976698096567, 0.42691871949102 ] ] ] } },
{ "type": "Feature", "properties": { "Kab_kota": "Solok Selatan", "Provinsi": "Sumatera Barat", "Pulau": "Sumatera", "jumlah_penduduk": 195034, "jumlah_lansia": 18191, "pct_lansia": 9.3271, "pct_anak": 25.5499, "rasio_lansia": 14.3223, "p0_miskin": 6.56, "rls": 8.85, "pengeluaran": 11240, "ahh_laki": 67.05, "ahh_perempuan": 71.02, "ahh_rata2": 69.04, "tpt_total": 2.3, "Tahun": 2024 }, "geometry": { "type": "Polygon", "coordinates": [ [ [ 99.929482984285869, 0.284723629725947 ], [ 100.049482984285873, 0.284723629725947 ], [ 100.049482984285873, 0.404723629725947 ], [ 99.929482984285869, 0.404723629725947 ], [ 99.929482984285869, 0.284723629725947 ] ] ] } },
{ "type": "Feature", "properties": { "Kab_kota": "Dharmasraya", "Provinsi": "Sumatera Barat", "Pulau": "Sumatera", "jumlah_penduduk": 244026, "jumlah_lansia": 21859, "pct_lansia": 8.9577, "pct_anak": 25.7071, "rasio_lansia": 13.7103, "p0_miskin": 5.32, "rls": 8.98, "pengeluaran": 12254, "ahh_laki": 70.63, "ahh_perempuan": 74.66, "ahh_rata2": 72.64, "tpt_total": 6.02, "Tahun": 2024 }, "geometry": { "type": "Polygon", "coordinates": [ [ [ 99.68676883616169, -0.791481957695324 ], [ 99.806768836161694, -0.791481957695324 ], [ 99.806768836161694, -0.671481957695324 ], [ 99.68676883616169, -0.671481957695324 ], [ 99.68676883616169, -0.791481957695324 ] ] ] } },
{ "type": "Feature", "properties": { "Kab_kota": "Pasaman Barat", "Provinsi": "Sumatera Barat", "Pulau": "Sumatera", "jumlah_penduduk": 456467, "jumlah_lansia": 37887, "pct_lansia": 8.3001, "pct_anak": 26.9993, "rasio_lansia": 12.8284, "p0_miskin": 7.0, "rls": 8.99, "pengeluaran": 9888, "ahh_laki": 66.87, "ahh_perempuan": 70.84, "ahh_rata2": 68.86, "tpt_total": 6.34, "Tahun": 2024 }, "geometry": { "type": "Polygon", "coordinates": [ [ [ 99.950422556403794, -1.633115331088965 ], [ 100.070422556403798, -1.633115331088965 ], [ 100.070422556403798, -1.513115331088964 ], [ 99.950422556403794, -1.513115331088964 ], [ 99.950422556403794, -1.633115331088965 ] ] ] } },
{ "type": "Feature", "properties": { "Kab_kota": "Kota Padang", "Provinsi": "Sumatera Barat", "Pulau": "Sumatera", "jumlah_penduduk": 954177, "jumlah_lansia": 109003, "pct_lansia": 11.4238, "pct_anak": 24.261, "rasio_lansia": 17.7622, "p0_miskin": 4.06, "rls": 11.63, "pengeluaran": 15458, "ahh_laki": 72.68, "ahh_perempuan": 76.37, "ahh_rata2": 74.53, "tpt_total": 9.88, "Tahun": 2024 }, "geometry": { "type": "Polygon", "coordinates": [ [ [ 101.149988770813806, -1.90607430694677 ], [ 101.269988770813811, -1.90607430694677 ], [ 101.269988770813811, -1.78607430694677 ], [ 101.149988770813806, -1.78607430694677 ], [ 101.149988770813806, -1.90607430694677 ] ] ] } },
{ "type": "Feature", "properties": { "Kab_kota": "Kota Solok", "Provinsi": "Sumatera Barat", "Pulau": "Sumatera", "jumlah_penduduk": 79459, "jumlah_lansia": 7507, "pct_lansia": 9.4476, "pct_anak": 26.7119, "rasio_lansia": 14.7988, "p0_miskin": 3.07, "rls": 11.37, "pengeluaran": 12995, "ahh_laki": 72.91, "ahh_perempuan": 77.02, "ahh_rata2": 74.96, "tpt_total": 3.62, "Tahun": 2024 }, "geometry": { "type": "Polygon", "coordinates": [ [ [ 101.951173884718258, -0.957387180332331 ], [ 102.071173884718263, -0.957387180332331 ], [ 102.071173884718263, -0.837387180332331 ], [ 101.951173884718258, -0.837387180332331 ], [ 101.951173884718258, -0.957387180332331 ] ] ] } },
{ "type": "Feature", "properties": { "Kab_kota": "Kota Sawah Lunto", "Provinsi": "Sumatera Barat", "Pulau": "Sumatera", "jumlah_penduduk": 68725, "jumlah_lansia": 8675, "pct_lansia": 12.6228, "pct_anak": 24.518, "rasio_lansia": 20.081, "p0_miskin": 2.33, "rls": 10.53, "pengeluaran": 11187, "ahh_laki": 68.99, "ahh_perempuan": 72.94, "ahh_rata2": 70.96, "tpt_total": 5.55, "Tahun": 2024 }, "geometry": { "type": "Polygon", "coordinates": [ [ [ 101.418727353895818, -0.033900497982605 ], [ 101.538727353895823, -0.033900497982605 ], [ 101.538727353895823, 0.086099502017395 ], [ 101.418727353895818, 0.086099502017395 ], [ 101.418727353895818, -0.033900497982605 ] ] ] } },
{ "type": "Feature", "properties": { "Kab_kota": "Kota Padang Panjang", "Provinsi": "Sumatera Barat", "Pulau": "Sumatera", "jumlah_penduduk": 59453, "jumlah_lansia": 6147, "pct_lansia": 10.3393, "pct_anak": 26.2056, "rasio_lansia": 16.2938, "p0_miskin": 5.31, "rls": 12.0, "pengeluaran": 11840, "ahh_laki": 71.4, "ahh_perempuan": 75.92, "ahh_rata2": 73.66, "tpt_total": 4.94, "Tahun": 2024 }, "geometry": { "type": "Polygon", "coordinates": [ [ [ 100.396774218772791, 0.512399279966108 ], [ 100.516774218772795, 0.512399279966108 ], [ 100.516774218772795, 0.632399279966108 ], [ 100.396774218772791, 0.632399279966108 ], [ 100.396774218772791, 0.512399279966108 ] ] ] } },
{ "type": "Feature", "properties": { "Kab_kota": "Kota Bukittinggi", "Provinsi": "Sumatera Barat", "Pulau": "Sumatera", "jumlah_penduduk": 125015, "jumlah_lansia": 13965, "pct_lansia": 11.1707, "pct_anak": 25.169, "rasio_lansia": 17.5473, "p0_miskin": 4.08, "rls": 11.65, "pengeluaran": 14297, "ahh_laki": 73.9, "ahh_perempuan": 77.11, "ahh_rata2": 75.5, "tpt_total": 4.72, "Tahun": 2024 }, "geometry": { "type": "Polygon", "coordinates": [ [ [ 99.680709690390586, -0.512347165676112 ], [ 99.80070969039059, -0.512347165676112 ], [ 99.80070969039059, -0.392347165676112 ], [ 99.680709690390586, -0.392347165676112 ], [ 99.680709690390586, -0.512347165676112 ] ] ] } },
{ "type": "Feature", "properties": { "Kab_kota": "Kota Payakumbuh", "Provinsi": "Sumatera Barat", "Pulau": "Sumatera", "jumlah_penduduk": 146731, "jumlah_lansia": 17026, "pct_lansia": 11.6035, "pct_anak": 25.0377, "rasio_lansia": 18.314, "p0_miskin": 5.19, "rls": 10.89, "pengeluaran": 14260, "ahh_laki": 73.18, "ahh_perempuan": 77.06, "ahh_rata2": 75.12, "tpt_total": 4.87, "Tahun": 2024 }, "geometry": { "type": "Polygon", "coordinates": [ [ [ 99.676000351264932, -1.515281487527954 ], [ 99.796000351264937, -1.515281487527954 ], [ 99.796000351264937, -1.395281487527954 ], [ 99.676000351264932, -1.395281487527954 ], [ 99.676000351264932, -1.515281487527954 ] ] ] } },
{ "type": "Feature", "properties": { "Kab_kota": "Kota Pariaman", "Provinsi": "Sumatera Barat", "Pulau": "Sumatera", "jumlah_penduduk": 98336, "jumlah_lansia": 11266, "pct_lansia": 11.4566, "pct_anak": 25.0814, "rasio_lansia": 18.0528, "p0_miskin": 4.26, "rls": 11.06, "pengeluaran": 13784, "ahh_laki": 69.23, "ahh_perempuan": 73.2, "ahh_rata2": 71.22, "tpt_total": 5.32, "Tahun": 2024 }, "geometry": { "type": "Polygon", "coordinates": [ [ [ 101.081758149318958, -1.898596554384798 ], [ 101.201758149318962, -1.898596554384798 ], [ 101.201758149318962, -1.778596554384798 ], [ 101.081758149318958, -1.778596554384798 ], [ 101.081758149318958, -1.898596554384798 ] ] ] } },
{ "type": "Feature", "properties": { "Kab_kota": "Kuantan Singingi", "Provinsi": "Riau", "Pulau": "Sumatera", "jumlah_penduduk": 349251, "jumlah_lansia": 34558, "pct_lansia": 9.8949, "pct_anak": 25.4049, "rasio_lansia": 15.2935, "p0_miskin": 7.89, "rls": 9.14, "pengeluaran": 11182, "ahh_laki": 67.51, "ahh_perempuan": 71.47, "ahh_rata2": 69.49, "tpt_total": 2.48, "Tahun": 2024 }, "geometry": { "type": "Polygon", "coordinates": [ [ [ 102.865300698869675, -0.365662808808535 ], [ 102.985300698869679, -0.365662808808535 ], [ 102.985300698869679, -0.245662808808535 ], [ 102.865300698869675, -0.245662808808535 ], [ 102.865300698869675, -0.365662808808535 ] ] ] } },
{ "type": "Feature", "properties": { "Kab_kota": "Indragiri Hulu", "Provinsi": "Riau", "Pulau": "Sumatera", "jumlah_penduduk": 468366, "jumlah_lansia": 37119, "pct_lansia": 7.9252, "pct_anak": 26.6815, "rasio_lansia": 12.1193, "p0_miskin": 6.02, "rls": 8.43, "pengeluaran": 11333, "ahh_laki": 68.94, "ahh_perempuan": 72.88, "ahh_rata2": 70.91, "tpt_total": 2.55, "Tahun": 2024 }, "geometry": { "type": "Polygon", "coordinates": [ [ [ 102.558585498660889, 0.827243810969457 ], [ 102.678585498660894, 0.827243810969457 ], [ 102.678585498660894, 0.947243810969457 ], [ 102.558585498660889, 0.947243810969457 ], [ 102.558585498660889, 0.827243810969457 ] ] ] } },
{ "type": "Feature", "properties": { "Kab_kota": "Indragiri Hilir", "Provinsi": "Riau", "Pulau": "Sumatera", "jumlah_penduduk": 684860, "jumlah_lansia": 62097, "pct_lansia": 9.0671, "pct_anak": 25.0099, "rasio_lansia": 13.7541, "p0_miskin": 5.66, "rls": 7.32, "pengeluaran": 11050, "ahh_laki": 66.77, "ahh_perempuan": 70.74, "ahh_rata2": 68.76, "tpt_total": 1.86, "Tahun": 2024 }, "geometry": { "type": "Polygon", "coordinates": [ [ [ 101.454186830565618, 1.49882877643675 ], [ 101.574186830565623, 1.49882877643675 ], [ 101.574186830565623, 1.618828776436751 ], [ 101.454186830565618, 1.618828776436751 ], [ 101.454186830565618, 1.49882877643675 ] ] ] } },
{ "type": "Feature", "properties": { "Kab_kota": "Pelalawan", "Provinsi": "Riau", "Pulau": "Sumatera", "jumlah_penduduk": 414943, "jumlah_lansia": 24291, "pct_lansia": 5.8541, "pct_anak": 28.9032, "rasio_lansia": 8.9727, "p0_miskin": 8.49, "rls": 8.96, "pengeluaran": 12575, "ahh_laki": 70.18, "ahh_perempuan": 74.18, "ahh_rata2": 72.18, "tpt_total": 2.13, "Tahun": 2024 }, "geometry": { "type": "Polygon", "coordinates": [ [ [ 100.77257900517651, 0.91602312670636 ], [ 100.892579005176515, 0.91602312670636 ], [ 100.892579005176515, 1.03602312670636 ], [ 100.77257900517651, 1.03602312670636 ], [ 100.77257900517651, 0.91602312670636 ] ] ] } },
{ "type": "Feature", "properties": { "Kab_kota": "Siak", "Provinsi": "Riau", "Pulau": "Sumatera", "jumlah_penduduk": 483754, "jumlah_lansia": 31285, "pct_lansia": 6.4671, "pct_anak": 27.1016, "rasio_lansia": 9.7351, "p0_miskin": 5.08, "rls": 9.92, "pengeluaran": 13080, "ahh_laki": 69.8, "ahh_perempuan": 73.79, "ahh_rata2": 71.8, "tpt_total": 4.53, "Tahun": 2024 }, "geometry": { "type": "Polygon", "coordinates": [ [ [ 100.547766014517009, -0.221110695154847 ], [ 100.667766014517014, -0.221110695154847 ], [ 100.667766014517014, -0.101110695154847 ], [ 100.547766014517009, -0.101110695154847 ], [ 100.547766014517009, -0.221110695154847 ] ] ] } },
{ "type": "Feature", "properties": { "Kab_kota": "Kampar", "Provinsi": "Riau", "Pulau": "Sumatera", "jumlah_penduduk": 894848, "jumlah_lansia": 68383, "pct_lansia": 7.6419, "pct_anak": 27.1572, "rasio_lansia": 11.7205, "p0_miskin": 6.92, "rls": 9.58, "pengeluaran": 12034, "ahh_laki": 69.62, "ahh_perempuan": 73.6, "ahh_rata2": 71.61, "tpt_total": 3.67, "Tahun": 2024 }, "geometry": { "type": "Polygon", "coordinates": [ [ [ 101.620373745488862, -0.98408063095716 ], [ 101.740373745488867, -0.98408063095716 ], [ 101.740373745488867, -0.86408063095716 ], [ 101.620373745488862, -0.86408063095716 ], [ 101.620373745488862, -0.98408063095716 ] ] ] } },
{ "type": "Feature", "properties": { "Kab_kota": "Rokan Hulu", "Provinsi": "Riau", "Pulau": "Sumatera", "jumlah_penduduk": 593486, "jumlah_lansia": 44117, "pct_lansia": 7.4335, "pct_anak": 26.1711, "rasio_lansia": 11.1959, "p0_miskin": 9.62, "rls": 8.94, "pengeluaran": 10586, "ahh_laki": 69.02, "ahh_perempuan": 72.97, "ahh_rata2": 71.0, "tpt_total": 2.73, "Tahun": 2024 }, "geometry": { "type": "Polygon", "coordinates": [ [ [ 102.412784843702681, -0.496308792638992 ], [ 102.532784843702686, -0.496308792638992 ], [ 102.532784843702686, -0.376308792638992 ], [ 102.412784843702681, -0.376308792638992 ], [ 102.412784843702681, -0.496308792638992 ] ] ] } },
{ "type": "Feature", "properties": { "Kab_kota": "Bengkalis", "Provinsi": "Riau", "Pulau": "Sumatera", "jumlah_penduduk": 591800, "jumlah_lansia": 55364, "pct_lansia": 9.3552, "pct_anak": 27.32, "rasio_lansia": 14.7733, "p0_miskin": 6.36, "rls": 9.74, "pengeluaran": 12321, "ahh_laki": 69.97, "ahh_perempuan": 73.97, "ahh_rata2": 71.97, "tpt_total": 5.88, "Tahun": 2024 }, "geometry": { "type": "Polygon", "coordinates": [ [ [ 102.912350718616409, 0.642242974064264 ], [ 103.032350718616414, 0.642242974064264 ], [ 103.032350718616414, 0.762242974064264 ], [ 102.912350718616409, 0.762242974064264 ], [ 102.912350718616409, 0.642242974064264 ] ] ] } },
{ "type": "Feature", "properties": { "Kab_kota": "Rokan Hilir", "Provinsi": "Riau", "Pulau": "Sumatera", "jumlah_penduduk": 673323, "jumlah_lansia": 52824, "pct_lansia": 7.8453, "pct_anak": 27.0404, "rasio_lansia": 12.0484, "p0_miskin": 7.01, "rls": 8.53, "pengeluaran": 10447, "ahh_laki": 69.18, "ahh_perempuan": 73.14, "ahh_rata2": 71.16, "tpt_total": 4.31, "Tahun": 2024 }, "geometry": { "type": "Polygon", "coordinates": [ [ [ 102.117278773398155, 1.330163906699267 ], [ 102.23727877339816, 1.330163906699267 ], [ 102.23727877339816, 1.450163906699267 ], [ 102.117278773398155, 1.450163906699267 ], [ 102.117278773398155, 1.330163906699267 ] ] ] } },
{ "type": "Feature", "properties": { "Kab_kota": "Kepulauan Meranti", "Provinsi": "Riau", "Pulau": "Sumatera", "jumlah_penduduk": 213720, "jumlah_lansia": 23149, "pct_lansia": 10.8315, "pct_anak": 24.6205, "rasio_lansia": 16.7805, "p0_miskin": 23.15, "rls": 8.12, "pengeluaran": 8988, "ahh_laki": 66.54, "ahh_perempuan": 70.52, "ahh_rata2": 68.53, "tpt_total": 4.51, "Tahun": 2024 }, "geometry": { "type": "Polygon", "coordinates": [ [ [ 100.860397335355174, 1.213415184225218 ], [ 100.980397335355178, 1.213415184225218 ], [ 100.980397335355178, 1.333415184225218 ], [ 100.860397335355174, 1.333415184225218 ], [ 100.860397335355174, 1.213415184225218 ] ] ] } },
{ "type": "Feature", "properties": { "Kab_kota": "Kota Pekanbaru", "Provinsi": "Riau", "Pulau": "Sumatera", "jumlah_penduduk": 1026671, "jumlah_lansia": 90490, "pct_lansia": 8.8139, "pct_anak": 26.1744, "rasio_lansia": 13.5574, "p0_miskin": 3.15, "rls": 11.96, "pengeluaran": 15212, "ahh_laki": 71.14, "ahh_perempuan": 75.38, "ahh_rata2": 73.26, "tpt_total": 4.63, "Tahun": 2024 }, "geometry": { "type": "Polygon", "coordinates": [ [ [ 100.297207612222437, 0.122666851578863 ], [ 100.417207612222441, 0.122666851578863 ], [ 100.417207612222441, 0.242666851578863 ], [ 100.297207612222437, 0.242666851578863 ], [ 100.297207612222437, 0.122666851578863 ] ] ] } },
{ "type": "Feature", "properties": { "Kab_kota": "Kota Dumai", "Provinsi": "Riau", "Pulau": "Sumatera", "jumlah_penduduk": 333031, "jumlah_lansia": 26849, "pct_lansia": 8.062, "pct_anak": 27.6329, "rasio_lansia": 12.5371, "p0_miskin": 3.14, "rls": 10.29, "pengeluaran": 12847, "ahh_laki": 69.83, "ahh_perempuan": 73.82, "ahh_rata2": 71.82, "tpt_total": 4.66, "Tahun": 2024 }, "geometry": { "type": "Polygon", "coordinates": [ [ [ 101.314963511340537, -0.731094506132627 ], [ 101.434963511340541, -0.731094506132627 ], [ 101.434963511340541, -0.611094506132627 ], [ 101.314963511340537, -0.611094506132627 ], [ 101.314963511340537, -0.731094506132627 ] ] ] } },
{ "type": "Feature", "properties": { "Kab_kota": "Kerinci", "Provinsi": "Jambi", "Pulau": "Sumatera", "jumlah_penduduk": 256706, "jumlah_lansia": 33720, "pct_lansia": 13.1356, "pct_anak": 23.2842, "rasio_lansia": 20.66, "p0_miskin": 6.93, "rls": 8.6, "pengeluaran": 11441, "ahh_laki": 68.87, "ahh_perempuan": 72.82, "ahh_rata2": 70.84, "tpt_total": 2.51, "Tahun": 2024 }, "geometry": { "type": "Polygon", "coordinates": [ [ [ 102.91325288012213, -2.367432740112903 ], [ 103.033252880122134, -2.367432740112903 ], [ 103.033252880122134, -2.247432740112903 ], [ 102.91325288012213, -2.247432740112903 ], [ 102.91325288012213, -2.367432740112903 ] ] ] } },
{ "type": "Feature", "properties": { "Kab_kota": "Merangin", "Provinsi": "Jambi", "Pulau": "Sumatera", "jumlah_penduduk": 373409, "jumlah_lansia": 32825, "pct_lansia": 8.7906, "pct_anak": 25.5677, "rasio_lansia": 13.3918, "p0_miskin": 8.4, "rls": 8.4, "pengeluaran": 11425, "ahh_laki": 70.0, "ahh_perempuan": 73.99, "ahh_rata2": 72.0, "tpt_total": 4.18, "Tahun": 2024 }, "geometry": { "type": "Polygon", "coordinates": [ [ [ 103.432714169546784, -1.670010001882013 ], [ 103.552714169546789, -1.670010001882013 ], [ 103.552714169546789, -1.550010001882013 ], [ 103.432714169546784, -1.550010001882013 ], [ 103.432714169546784, -1.670010001882013 ] ] ] } },
{ "type": "Feature", "properties": { "Kab_kota": "Sarolangun", "Provinsi": "Jambi", "Pulau": "Sumatera", "jumlah_penduduk": 306514, "jumlah_lansia": 24751, "pct_lansia": 8.075, "pct_anak": 28.4555, "rasio_lansia": 12.7226, "p0_miskin": 8.36, "rls": 8.35, "pengeluaran": 12679, "ahh_laki": 67.99, "ahh_perempuan": 71.94, "ahh_rata2": 69.96, "tpt_total": 5.03, "Tahun": 2024 }, "geometry": { "type": "Polygon", "coordinates": [ [ [ 102.960035198362405, -0.553365228983936 ], [ 103.08003519836241, -0.553365228983936 ], [ 103.08003519836241, -0.433365228983936 ], [ 102.960035198362405, -0.433365228983936 ], [ 102.960035198362405, -0.553365228983936 ] ] ] } },
{ "type": "Feature", "properties": { "Kab_kota": "Batang Hari", "Provinsi": "Jambi", "Pulau": "Sumatera", "jumlah_penduduk": 316550, "jumlah_lansia": 28343, "pct_lansia": 8.9537, "pct_anak": 25.6304, "rasio_lansia": 13.6874, "p0_miskin": 8.63, "rls": 8.35, "pengeluaran": 10872, "ahh_laki": 69.61, "ahh_perempuan": 73.59, "ahh_rata2": 71.6, "tpt_total": 4.49, "Tahun": 2024 }, "geometry": { "type": "Polygon", "coordinates": [ [ [ 101.689309080498006, -0.447516652186968 ], [ 101.809309080498011, -0.447516652186968 ], [ 101.809309080498011, -0.327516652186968 ], [ 101.689309080498006, -0.327516652186968 ], [ 101.689309080498006, -0.447516652186968 ] ] ] } },
{ "type": "Feature", "properties": { "Kab_kota": "Muaro Jambi", "Provinsi": "Jambi", "Pulau": "Sumatera", "jumlah_penduduk": 424579, "jumlah_lansia": 35964, "pct_lansia": 8.4705, "pct_anak": 25.1228, "rasio_lansia": 12.7555, "p0_miskin": 3.65, "rls": 8.7, "pengeluaran": 10007, "ahh_laki": 70.14, "ahh_perempuan": 74.14, "ahh_rata2": 72.14, "tpt_total": 5.27, "Tahun": 2024 }, "geometry": { "type": "Polygon", "coordinates": [ [ [ 101.309516786199765, -1.537455185346064 ], [ 101.42951678619977, -1.537455185346064 ], [ 101.42951678619977, -1.417455185346064 ], [ 101.309516786199765, -1.417455185346064 ], [ 101.309516786199765, -1.537455185346064 ] ] ] } },
{ "type": "Feature", "properties": { "Kab_kota": "Tanjung Jabung Timur", "Provinsi": "Jambi", "Pulau": "Sumatera", "jumlah_penduduk": 238975, "jumlah_lansia": 25949, "pct_lansia": 10.8585, "pct_anak": 25.0876, "rasio_lansia": 16.952, "p0_miskin": 10.14, "rls": 7.7, "pengeluaran": 10328, "ahh_laki": 65.34, "ahh_perempuan": 69.29, "ahh_rata2": 67.32, "tpt_total": 2.06, "Tahun": 2024 }, "geometry": { "type": "Polygon", "coordinates": [ [ [ 101.749541946301036, -2.493364253916266 ], [ 101.869541946301041, -2.493364253916266 ], [ 101.869541946301041, -2.373364253916266 ], [ 101.749541946301036, -2.373364253916266 ], [ 101.749541946301036, -2.493364253916266 ] ] ] } },
{ "type": "Feature", "properties": { "Kab_kota": "Tanjung Jabung Barat", "Provinsi": "Jambi", "Pulau": "Sumatera", "jumlah_penduduk": 335069, "jumlah_lansia": 29860, "pct_lansia": 8.9116, "pct_anak": 26.0314, "rasio_lansia": 13.6981, "p0_miskin": 9.54, "rls": 8.32, "pengeluaran": 10696, "ahh_laki": 66.98, "ahh_perempuan": 70.95, "ahh_rata2": 68.96, "tpt_total": 3.2, "Tahun": 2024 }, "geometry": { "type": "Polygon", "coordinates": [ [ [ 102.779651532216619, -2.880168018106091 ], [ 102.899651532216623, -2.880168018106091 ], [ 102.899651532216623, -2.760168018106091 ], [ 102.779651532216619, -2.760168018106091 ], [ 102.779651532216619, -2.880168018106091 ] ] ] } },
{ "type": "Feature", "properties": { "Kab_kota": "Tebo", "Provinsi": "Jambi", "Pulau": "Sumatera", "jumlah_penduduk": 355262, "jumlah_lansia": 31459, "pct_lansia": 8.8552, "pct_anak": 26.7251, "rasio_lansia": 13.746, "p0_miskin": 6.12, "rls": 8.04, "pengeluaran": 11415, "ahh_laki": 68.77, "ahh_perempuan": 72.71, "ahh_rata2": 70.74, "tpt_total": 2.5, "Tahun": 2024 }, "geometry": { "type": "Polygon", "coordinates": [ [ [ 103.57432142366234, -1.666729523330514 ], [ 103.694321423662345, -1.666729523330514 ], [ 103.694321423662345, -1.546729523330514 ], [ 103.57432142366234, -1.546729523330514 ], [ 103.57432142366234, -1.666729523330514 ] ] ] } },
{ "type": "Feature", "properties": { "Kab_kota": "Bungo", "Provinsi": "Jambi", "Pulau": "Sumatera", "jumlah_penduduk": 381272, "jumlah_lansia": 33559, "pct_lansia": 8.8019, "pct_anak": 25.7194, "rasio_lansia": 13.4423, "p0_miskin": 5.06, "rls": 8.6, "pengeluaran": 12820, "ahh_laki": 66.77, "ahh_perempuan": 70.75, "ahh_rata2": 68.76, "tpt_total": 4.67, "Tahun": 2024 }, "geometry": { "type": "Polygon", "coordinates": [ [ [ 103.341411298105612, -0.842847651338545 ], [ 103.461411298105617, -0.842847651338545 ], [ 103.461411298105617, -0.722847651338545 ], [ 103.341411298105612, -0.722847651338545 ], [ 103.341411298105612, -0.842847651338545 ] ] ] } },
{ "type": "Feature", "properties": { "Kab_kota": "Kota Jambi", "Provinsi": "Jambi", "Pulau": "Sumatera", "jumlah_penduduk": 635101, "jumlah_lansia": 65056, "pct_lansia": 10.2434, "pct_anak": 23.5186, "rasio_lansia": 15.4646, "p0_miskin": 7.73, "rls": 11.51, "pengeluaran": 13388, "ahh_laki": 71.43, "ahh_perempuan": 76.0, "ahh_rata2": 73.72, "tpt_total": 7.38, "Tahun": 2024 }, "geometry": { "type": "Polygon", "coordinates": [ [ [ 102.228937039754484, -0.413300365599219 ], [ 102.348937039754489, -0.413300365599219 ], [ 102.348937039754489, -0.293300365599219 ], [ 102.228937039754484, -0.293300365599219 ], [ 102.228937039754484, -0.413300365599219 ] ] ] } },
{ "type": "Feature", "properties": { "Kab_kota": "Kota Sungai Penuh", "Provinsi": "Jambi", "Pulau": "Sumatera", "jumlah_penduduk": 100847, "jumlah_lansia": 12550, "pct_lansia": 12.4446, "pct_anak": 23.4514, "rasio_lansia": 19.4131, "p0_miskin": 2.92, "rls": 10.48, "pengeluaran": 11499, "ahh_laki": 71.14, "ahh_perempuan": 75.37, "ahh_rata2": 73.26, "tpt_total": 4.3, "Tahun": 2024 }, "geometry": { "type": "Polygon", "coordinates": [ [ [ 101.322283099824844, -1.277942824009465 ], [ 101.442283099824849, -1.277942824009465 ], [ 101.442283099824849, -1.157942824009465 ], [ 101.322283099824844, -1.157942824009465 ], [ 101.322283099824844, -1.277942824009465 ] ] ] } },
{ "type": "Feature", "properties": { "Kab_kota": "Ogan Komering Ulu", "Provinsi": "Sumatera Selatan", "Pulau": "Sumatera", "jumlah_penduduk": 383039, "jumlah_lansia": 38310, "pct_lansia": 10.0016, "pct_anak": 26.7218, "rasio_lansia": 15.8062, "p0_miskin": 10.68, "rls": 8.86, "pengeluaran": 11339, "ahh_laki": 67.08, "ahh_perempuan": 71.05, "ahh_rata2": 69.06, "tpt_total": 4.05, "Tahun": 2024 }, "geometry": { "type": "Polygon", "coordinates": [ [ [ 103.969166367706961, -4.254579072413337 ], [ 104.089166367706966, -4.254579072413337 ], [ 104.089166367706966, -4.134579072413338 ], [ 103.969166367706961, -4.134579072413338 ], [ 103.969166367706961, -4.254579072413337 ] ] ] } },
{ "type": "Feature", "properties": { "Kab_kota": "Ogan Komering Ilir", "Provinsi": "Sumatera Selatan", "Pulau": "Sumatera", "jumlah_penduduk": 807085, "jumlah_lansia": 76716, "pct_lansia": 9.5053, "pct_anak": 25.0334, "rasio_lansia": 14.5205, "p0_miskin": 12.08, "rls": 7.19, "pengeluaran": 12305, "ahh_laki": 67.55, "ahh_perempuan": 71.5, "ahh_rata2": 69.53, "tpt_total": 3.38, "Tahun": 2024 }, "geometry": { "type": "Polygon", "coordinates": [ [ [ 104.750886798660986, -4.589283000128241 ], [ 104.87088679866099, -4.589283000128241 ], [ 104.87088679866099, -4.469283000128242 ], [ 104.750886798660986, -4.469283000128242 ], [ 104.750886798660986, -4.589283000128241 ] ] ] } },
{ "type": "Feature", "properties": { "Kab_kota": "Muara Enim", "Provinsi": "Sumatera Selatan", "Pulau": "Sumatera", "jumlah_penduduk": 640962, "jumlah_lansia": 64159, "pct_lansia": 10.0098, "pct_anak": 26.5822, "rasio_lansia": 15.7863, "p0_miskin": 9.79, "rls": 8.27, "pengeluaran": 12291, "ahh_laki": 68.01, "ahh_perempuan": 71.95, "ahh_rata2": 69.98, "tpt_total": 4.09, "Tahun": 2024 }, "geometry": { "type": "Polygon", "coordinates": [ [ [ 105.715892424035218, -3.969984399016308 ], [ 105.835892424035222, -3.969984399016308 ], [ 105.835892424035222, -3.849984399016308 ], [ 105.715892424035218, -3.849984399016308 ], [ 105.715892424035218, -3.969984399016308 ] ] ] } },
{ "type": "Feature", "properties": { "Kab_kota": "Lahat", "Provinsi": "Sumatera Selatan", "Pulau": "Sumatera", "jumlah_penduduk": 450281, "jumlah_lansia": 49274, "pct_lansia": 10.9429, "pct_anak": 25.3046, "rasio_lansia": 17.1648, "p0_miskin": 14.14, "rls": 8.69, "pengeluaran": 11255, "ahh_laki": 65.19, "ahh_perempuan": 69.13, "ahh_rata2": 67.16, "tpt_total": 3.11, "Tahun": 2024 }, "geometry": { "type": "Polygon", "coordinates": [ [ [ 106.123240374692912, -2.775623106844763 ], [ 106.243240374692917, -2.775623106844763 ], [ 106.243240374692917, -2.655623106844763 ], [ 106.123240374692912, -2.655623106844763 ], [ 106.123240374692912, -2.775623106844763 ] ] ] } },
{ "type": "Feature", "properties": { "Kab_kota": "Musi Rawas", "Provinsi": "Sumatera Selatan", "Pulau": "Sumatera", "jumlah_penduduk": 411787, "jumlah_lansia": 42514, "pct_lansia": 10.3243, "pct_anak": 25.5375, "rasio_lansia": 16.0969, "p0_miskin": 13.44, "rls": 7.57, "pengeluaran": 11058, "ahh_laki": 67.22, "ahh_perempuan": 71.18, "ahh_rata2": 69.2, "tpt_total": 1.94, "Tahun": 2024 }, "geometry": { "type": "Polygon", "coordinates": [ [ [ 105.005812489899483, -2.077848915540327 ], [ 105.125812489899488, -2.077848915540327 ], [ 105.125812489899488, -1.957848915540327 ], [ 105.005812489899483, -1.957848915540327 ], [ 105.005812489899483, -2.077848915540327 ] ] ] } },
{ "type": "Feature", "properties": { "Kab_kota": "Musi Banyuasin", "Provinsi": "Sumatera Selatan", "Pulau": "Sumatera", "jumlah_penduduk": 651950, "jumlah_lansia": 56847, "pct_lansia": 8.7195, "pct_anak": 27.7828, "rasio_lansia": 13.7321, "p0_miskin": 12.88, "rls": 7.95, "pengeluaran": 11424, "ahh_laki": 67.79, "ahh_perempuan": 71.74, "ahh_rata2": 69.76, "tpt_total": 2.13, "Tahun": 2024 }, "geometry": { "type": "Polygon", "coordinates": [ [ [ 103.99565656204463, -2.790759538584863 ], [ 104.115656562044634, -2.790759538584863 ], [ 104.115656562044634, -2.670759538584863 ], [ 103.99565656204463, -2.670759538584863 ], [ 103.99565656204463, -2.790759538584863 ] ] ] } },
{ "type": "Feature", "properties": { "Kab_kota": "Banyu Asin", "Provinsi": "Sumatera Selatan", "Pulau": "Sumatera", "jumlah_penduduk": 885902, "jumlah_lansia": 87297, "pct_lansia": 9.854, "pct_anak": 25.3319, "rasio_lansia": 15.2035, "p0_miskin": 9.31, "rls": 7.48, "pengeluaran": 11277, "ahh_laki": 68.03, "ahh_perempuan": 71.98, "ahh_rata2": 70.0, "tpt_total": 3.24, "Tahun": 2024 }, "geometry": { "type": "Polygon", "coordinates": [ [ [ 103.537797239347654, -3.700879736863865 ], [ 103.657797239347659, -3.700879736863865 ], [ 103.657797239347659, -3.580879736863865 ], [ 103.537797239347654, -3.580879736863865 ], [ 103.537797239347654, -3.700879736863865 ] ] ] } },
{ "type": "Feature", "properties": { "Kab_kota": "Ogan Komering Ulu Selatan", "Provinsi": "Sumatera Selatan", "Pulau": "Sumatera", "jumlah_penduduk": 429535, "jumlah_lansia": 42839, "pct_lansia": 9.9733, "pct_anak": 23.7291, "rasio_lansia": 15.0433, "p0_miskin": 9.86, "rls": 8.25, "pengeluaran": 9680, "ahh_laki": 66.31, "ahh_perempuan": 70.29, "ahh_rata2": 68.3, "tpt_total": 1.8, "Tahun": 2024 }, "geometry": { "type": "Polygon", "coordinates": [ [ [ 104.572735777272769, -4.427122619507145 ], [ 104.692735777272773, -4.427122619507145 ], [ 104.692735777272773, -4.307122619507146 ], [ 104.572735777272769, -4.307122619507146 ], [ 104.572735777272769, -4.427122619507145 ] ] ] } },
{ "type": "Feature", "properties": { "Kab_kota": "Ogan Komering Ulu Timur", "Provinsi": "Sumatera Selatan", "Pulau": "Sumatera", "jumlah_penduduk": 674184, "jumlah_lansia": 76758, "pct_lansia": 11.3853, "pct_anak": 24.6262, "rasio_lansia": 17.7928, "p0_miskin": 9.75, "rls": 8.08, "pengeluaran": 12623, "ahh_laki": 68.07, "ahh_perempuan": 72.01, "ahh_rata2": 70.04, "tpt_total": 3.45, "Tahun": 2024 }, "geometry": { "type": "Polygon", "coordinates": [ [ [ 105.793458730528968, -4.281623922417055 ], [ 105.913458730528973, -4.281623922417055 ], [ 105.913458730528973, -4.161623922417056 ], [ 105.793458730528968, -4.161623922417056 ], [ 105.793458730528968, -4.281623922417055 ] ] ] } },
{ "type": "Feature", "properties": { "Kab_kota": "Ogan Ilir", "Provinsi": "Sumatera Selatan", "Pulau": "Sumatera", "jumlah_penduduk": 436141, "jumlah_lansia": 45587, "pct_lansia": 10.4524, "pct_anak": 26.3064, "rasio_lansia": 16.5277, "p0_miskin": 12.3, "rls": 8.09, "pengeluaran": 12093, "ahh_laki": 64.63, "ahh_perempuan": 68.54, "ahh_rata2": 66.59, "tpt_total": 2.65, "Tahun": 2024 }, "geometry": { "type": "Polygon", "coordinates": [ [ [ 106.026146008651523, -3.193034217243664 ], [ 106.146146008651527, -3.193034217243664 ], [ 106.146146008651527, -3.073034217243664 ], [ 106.026146008651523, -3.073034217243664 ], [ 106.026146008651523, -3.193034217243664 ] ] ] } },
{ "type": "Feature", "properties": { "Kab_kota": "Empat Lawang", "Provinsi": "Sumatera Selatan", "Pulau": "Sumatera", "jumlah_penduduk": 345641, "jumlah_lansia": 36689, "pct_lansia": 10.6148, "pct_anak": 21.6612, "rasio_lansia": 15.6736, "p0_miskin": 10.78, "rls": 7.68, "pengeluaran": 10889, "ahh_laki": 63.97, "ahh_perempuan": 67.85, "ahh_rata2": 65.91, "tpt_total": 2.84, "Tahun": 2024 }, "geometry": { "type": "Polygon", "coordinates": [ [ [ 105.233539077122984, -2.394566256429128 ], [ 105.353539077122988, -2.394566256429128 ], [ 105.353539077122988, -2.274566256429128 ], [ 105.233539077122984, -2.274566256429128 ], [ 105.233539077122984, -2.394566256429128 ] ] ] } },
{ "type": "Feature", "properties": { "Kab_kota": "Penukal Abab Lematang Ilir", "Provinsi": "Sumatera Selatan", "Pulau": "Sumatera", "jumlah_penduduk": 205384, "jumlah_lansia": 16877, "pct_lansia": 8.2173, "pct_anak": 28.6478, "rasio_lansia": 13.0154, "p0_miskin": 9.82, "rls": 7.27, "pengeluaran": 9604, "ahh_laki": 67.24, "ahh_perempuan": 71.2, "ahh_rata2": 69.22, "tpt_total": 3.72, "Tahun": 2024 }, "geometry": { "type": "Polygon", "coordinates": [ [ [ 104.036758884839131, -2.261095673411393 ], [ 104.156758884839135, -2.261095673411393 ], [ 104.156758884839135, -2.141095673411392 ], [ 104.036758884839131, -2.141095673411392 ], [ 104.036758884839131, -2.261095673411393 ] ] ] } },
{ "type": "Feature", "properties": { "Kab_kota": "Musi Rawas Utara", "Provinsi": "Sumatera Selatan", "Pulau": "Sumatera", "jumlah_penduduk": 198413, "jumlah_lansia": 18174, "pct_lansia": 9.1597, "pct_anak": 26.6318, "rasio_lansia": 14.2655, "p0_miskin": 17.38, "rls": 7.51, "pengeluaran": 11198, "ahh_laki": 64.65, "ahh_perempuan": 68.56, "ahh_rata2": 66.6, "tpt_total": 4.91, "Tahun": 2024 }, "geometry": { "type": "Polygon", "coordinates": [ [ [ 103.851188826980547, -3.465574789340748 ], [ 103.971188826980551, -3.465574789340748 ], [ 103.971188826980551, -3.345574789340747 ], [ 103.851188826980547, -3.345574789340747 ], [ 103.851188826980547, -3.465574789340748 ] ] ] } },
{ "type": "Feature", "properties": { "Kab_kota": "Kota Palembang", "Provinsi": "Sumatera Selatan", "Pulau": "Sumatera", "jumlah_penduduk": 1718440, "jumlah_lansia": 194403, "pct_lansia": 11.3128, "pct_anak": 25.6906, "rasio_lansia": 17.9577, "p0_miskin": 9.77, "rls": 10.93, "pengeluaran": 16150, "ahh_laki": 70.4, "ahh_perempuan": 74.41, "ahh_rata2": 72.4, "tpt_total": 6.98, "Tahun": 2024 }, "geometry": { "type": "Polygon", "coordinates": [ [ [ 104.418079750201073, -4.522221813650521 ], [ 104.538079750201078, -4.522221813650521 ], [ 104.538079750201078, -4.402221813650522 ], [ 104.418079750201073, -4.402221813650522 ], [ 104.418079750201073, -4.522221813650521 ] ] ] } },
{ "type": "Feature", "properties": { "Kab_kota": "Kota Prabumulih", "Provinsi": "Sumatera Selatan", "Pulau": "Sumatera", "jumlah_penduduk": 203312, "jumlah_lansia": 17847, "pct_lansia": 8.7781, "pct_anak": 27.8513, "rasio_lansia": 13.8521, "p0_miskin": 10.13, "rls": 10.36, "pengeluaran": 13982, "ahh_laki": 69.65, "ahh_perempuan": 73.62, "ahh_rata2": 71.64, "tpt_total": 4.94, "Tahun": 2024 }, "geometry": { "type": "Polygon", "coordinates": [ [ [ 105.23808146221441, -4.280035738117946 ], [ 105.358081462214415, -4.280035738117946 ], [ 105.358081462214415, -4.160035738117947 ], [ 105.23808146221441, -4.160035738117947 ], [ 105.23808146221441, -4.280035738117946 ] ] ] } },
{ "type": "Feature", "properties": { "Kab_kota": "Kota Pagar Alam", "Provinsi": "Sumatera Selatan", "Pulau": "Sumatera", "jumlah_penduduk": 149199, "jumlah_lansia": 16790, "pct_lansia": 11.2534, "pct_anak": 25.4164, "rasio_lansia": 17.7695, "p0_miskin": 8.18, "rls": 9.44, "pengeluaran": 10245, "ahh_laki": 66.03, "ahh_perempuan": 70.02, "ahh_rata2": 68.03, "tpt_total": 2.34, "Tahun": 2024 }, "geometry": { "type": "Polygon", "coordinates": [ [ [ 106.049606497589664, -3.510557197117644 ], [ 106.169606497589669, -3.510557197117644 ], [ 106.169606497589669, -3.390557197117644 ], [ 106.049606497589664, -3.390557197117644 ], [ 106.049606497589664, -3.510557197117644 ] ] ] } },
{ "type": "Feature", "properties": { "Kab_kota": "Kota Lubuklinggau", "Provinsi": "Sumatera Selatan", "Pulau": "Sumatera", "jumlah_penduduk": 246046, "jumlah_lansia": 22768, "pct_lansia": 9.2536, "pct_anak": 26.945, "rasio_lansia": 14.5037, "p0_miskin": 11.14, "rls": 9.94, "pengeluaran": 14672, "ahh_laki": 68.67, "ahh_perempuan": 72.6, "ahh_rata2": 70.63, "tpt_total": 5.29, "Tahun": 2024 }, "geometry": { "type": "Polygon", "coordinates": [ [ [ 105.416760549966142, -2.511955953561576 ], [ 105.536760549966147, -2.511955953561576 ], [ 105.536760549966147, -2.391955953561576 ], [ 105.416760549966142, -2.391955953561576 ], [ 105.416760549966142, -2.511955953561576 ] ] ] } },
{ "type": "Feature", "properties": { "Kab_kota": "Bengkulu Selatan", "Provinsi": "Bengkulu", "Pulau": "Sumatera", "jumlah_penduduk": 173315, "jumlah_lansia": 18984, "pct_lansia": 10.9535, "pct_anak": 24.6534, "rasio_lansia": 17.0103, "p0_miskin": 17.1, "rls": 9.42, "pengeluaran": 11040, "ahh_laki": 66.59, "ahh_perempuan": 70.57, "ahh_rata2": 68.58, "tpt_total": 3.25, "Tahun": 2024 }, "geometry": { "type": "Polygon", "coordinates": [ [ [ 101.64804009035818, -2.821603344272117 ], [ 101.768040090358184, -2.821603344272117 ], [ 101.768040090358184, -2.701603344272117 ], [ 101.64804009035818, -2.701603344272117 ], [ 101.64804009035818, -2.821603344272117 ] ] ] } },
{ "type": "Feature", "properties": { "Kab_kota": "Rejang Lebong", "Provinsi": "Bengkulu", "Pulau": "Sumatera", "jumlah_penduduk": 288832, "jumlah_lansia": 29653, "pct_lansia": 10.2665, "pct_anak": 23.4337, "rasio_lansia": 15.485, "p0_miskin": 14.65, "rls": 8.81, "pengeluaran": 11385, "ahh_laki": 67.49, "ahh_perempuan": 71.44, "ahh_rata2": 69.46, "tpt_total": 2.43, "Tahun": 2024 }, "geometry": { "type": "Polygon", "coordinates": [ [ [ 101.158005805761505, -3.673506365677892 ], [ 101.278005805761509, -3.673506365677892 ], [ 101.278005805761509, -3.553506365677892 ], [ 101.158005805761505, -3.553506365677892 ], [ 101.158005805761505, -3.673506365677892 ] ] ] } },
{ "type": "Feature", "properties": { "Kab_kota": "Bengkulu Utara", "Provinsi": "Bengkulu", "Pulau": "Sumatera", "jumlah_penduduk": 310125, "jumlah_lansia": 32061, "pct_lansia": 10.3381, "pct_anak": 25.9444, "rasio_lansia": 16.2249, "p0_miskin": 10.96, "rls": 8.32, "pengeluaran": 11715, "ahh_laki": 67.05, "ahh_perempuan": 71.02, "ahh_rata2": 69.04, "tpt_total": 2.89, "Tahun": 2024 }, "geometry": { "type": "Polygon", "coordinates": [ [ [ 101.149172520791296, -4.522446213968061 ], [ 101.269172520791301, -4.522446213968061 ], [ 101.269172520791301, -4.402446213968062 ], [ 101.149172520791296, -4.402446213968062 ], [ 101.149172520791296, -4.522446213968061 ] ] ] } },
{ "type": "Feature", "properties": { "Kab_kota": "Kaur", "Provinsi": "Bengkulu", "Pulau": "Sumatera", "jumlah_penduduk": 132659, "jumlah_lansia": 13466, "pct_lansia": 10.1508, "pct_anak": 24.8675, "rasio_lansia": 15.6211, "p0_miskin": 17.12, "rls": 8.47, "pengeluaran": 9742, "ahh_laki": 65.58, "ahh_perempuan": 69.54, "ahh_rata2": 67.56, "tpt_total": 3.71, "Tahun": 2024 }, "geometry": { "type": "Polygon", "coordinates": [ [ [ 102.619988184072469, -5.110363868347813 ], [ 102.739988184072473, -5.110363868347813 ], [ 102.739988184072473, -4.990363868347814 ], [ 102.619988184072469, -4.990363868347814 ], [ 102.619988184072469, -5.110363868347813 ] ] ] } },
{ "type": "Feature", "properties": { "Kab_kota": "Seluma", "Provinsi": "Bengkulu", "Pulau": "Sumatera", "jumlah_penduduk": 217507, "jumlah_lansia": 21885, "pct_lansia": 10.0617, "pct_anak": 24.6999, "rasio_lansia": 15.4231, "p0_miskin": 17.23, "rls": 8.14, "pengeluaran": 9474, "ahh_laki": 66.59, "ahh_perempuan": 70.57, "ahh_rata2": 68.58, "tpt_total": 2.38, "Tahun": 2024 }, "geometry": { "type": "Polygon", "coordinates": [ [ [ 103.365489329570835, -4.282682992704214 ], [ 103.485489329570839, -4.282682992704214 ], [ 103.485489329570839, -4.162682992704215 ], [ 103.365489329570835, -4.162682992704215 ], [ 103.365489329570835, -4.282682992704214 ] ] ] } },
{ "type": "Feature", "properties": { "Kab_kota": "Mukomuko", "Provinsi": "Bengkulu", "Pulau": "Sumatera", "jumlah_penduduk": 201700, "jumlah_lansia": 16883, "pct_lansia": 8.3704, "pct_anak": 27.3872, "rasio_lansia": 13.0293, "p0_miskin": 10.76, "rls": 8.57, "pengeluaran": 11665, "ahh_laki": 65.63, "ahh_perempuan": 69.6, "ahh_rata2": 67.61, "tpt_total": 2.41, "Tahun": 2024 }, "geometry": { "type": "Polygon", "coordinates": [ [ [ 103.171780942008894, -3.353848415582461 ], [ 103.291780942008899, -3.353848415582461 ], [ 103.291780942008899, -3.233848415582461 ], [ 103.171780942008894, -3.233848415582461 ], [ 103.171780942008894, -3.353848415582461 ] ] ] } },
{ "type": "Feature", "properties": { "Kab_kota": "Lebong", "Provinsi": "Bengkulu", "Pulau": "Sumatera", "jumlah_penduduk": 111750, "jumlah_lansia": 12268, "pct_lansia": 10.9781, "pct_anak": 24.8966, "rasio_lansia": 17.1197, "p0_miskin": 10.45, "rls": 8.41, "pengeluaran": 12362, "ahh_laki": 62.27, "ahh_perempuan": 66.09, "ahh_rata2": 64.18, "tpt_total": 2.55, "Tahun": 2024 }, "geometry": { "type": "Polygon", "coordinates": [ [ [ 102.092477879952938, -2.45889031648275 ], [ 102.212477879952942, -2.45889031648275 ], [ 102.212477879952942, -2.338890316482749 ], [ 102.092477879952938, -2.338890316482749 ], [ 102.092477879952938, -2.45889031648275 ] ] ] } },
{ "type": "Feature", "properties": { "Kab_kota": "Kepahiang", "Provinsi": "Bengkulu", "Pulau": "Sumatera", "jumlah_penduduk": 156353, "jumlah_lansia": 15534, "pct_lansia": 9.9352, "pct_anak": 23.3939, "rasio_lansia": 14.9019, "p0_miskin": 12.9, "rls": 8.37, "pengeluaran": 10620, "ahh_laki": 66.67, "ahh_perempuan": 70.64, "ahh_rata2": 68.66, "tpt_total": 2.37, "Tahun": 2024 }, "geometry": { "type": "Polygon", "coordinates": [ [ [ 101.145442995365002, -3.415528951868783 ], [ 101.265442995365007, -3.415528951868783 ], [ 101.265442995365007, -3.295528951868783 ], [ 101.145442995365002, -3.295528951868783 ], [ 101.145442995365002, -3.415528951868783 ] ] ] } },
{ "type": "Feature", "properties": { "Kab_kota": "Bengkulu Tengah", "Provinsi": "Bengkulu", "Pulau": "Sumatera", "jumlah_penduduk": 122673, "jumlah_lansia": 11131, "pct_lansia": 9.0737, "pct_anak": 25.7873, "rasio_lansia": 13.9298, "p0_miskin": 10.14, "rls": 7.71, "pengeluaran": 10672, "ahh_laki": 66.7, "ahh_perempuan": 70.68, "ahh_rata2": 68.69, "tpt_total": 2.56, "Tahun": 2024 }, "geometry": { "type": "Polygon", "coordinates": [ [ [ 101.071969557395775, -4.219482402430605 ], [ 101.19196955739578, -4.219482402430605 ], [ 101.19196955739578, -4.099482402430606 ], [ 101.071969557395775, -4.099482402430606 ], [ 101.071969557395775, -4.219482402430605 ] ] ] } },
{ "type": "Feature", "properties": { "Kab_kota": "Kota Bengkulu", "Provinsi": "Bengkulu", "Pulau": "Sumatera", "jumlah_penduduk": 397321, "jumlah_lansia": 35629, "pct_lansia": 8.9673, "pct_anak": 25.6702, "rasio_lansia": 13.7193, "p0_miskin": 13.76, "rls": 11.84, "pengeluaran": 15542, "ahh_laki": 69.1, "ahh_perempuan": 73.06, "ahh_rata2": 71.08, "tpt_total": 5.0, "Tahun": 2024 }, "geometry": { "type": "Polygon", "coordinates": [ [ [ 102.209007086968029, -4.92805529098101 ], [ 102.329007086968033, -4.92805529098101 ], [ 102.329007086968033, -4.80805529098101 ], [ 102.209007086968029, -4.80805529098101 ], [ 102.209007086968029, -4.92805529098101 ] ] ] } },
{ "type": "Feature", "properties": { "Kab_kota": "Lampung Barat", "Provinsi": "Lampung", "Pulau": "Sumatera", "jumlah_penduduk": 315923, "jumlah_lansia": 30833, "pct_lansia": 9.7597, "pct_anak": 26.0212, "rasio_lansia": 15.1974, "p0_miskin": 10.68, "rls": 8.56, "pengeluaran": 10965, "ahh_laki": 66.46, "ahh_perempuan": 70.44, "ahh_rata2": 68.45, "tpt_total": 2.09, "Tahun": 2024 }, "geometry": { "type": "Polygon", "coordinates": [ [ [ 106.269404495293571, -5.474449232330813 ], [ 106.389404495293576, -5.474449232330813 ], [ 106.389404495293576, -5.354449232330814 ], [ 106.269404495293571, -5.354449232330814 ], [ 106.269404495293571, -5.474449232330813 ] ] ] } },
{ "type": "Feature", "properties": { "Kab_kota": "Tanggamus", "Provinsi": "Lampung", "Pulau": "Sumatera", "jumlah_penduduk": 670367, "jumlah_lansia": 74039, "pct_lansia": 11.0445, "pct_anak": 25.0983, "rasio_lansia": 17.2957, "p0_miskin": 10.28, "rls": 7.38, "pengeluaran": 10524, "ahh_laki": 67.63, "ahh_perempuan": 71.58, "ahh_rata2": 69.6, "tpt_total": 3.19, "Tahun": 2024 }, "geometry": { "type": "Polygon", "coordinates": [ [ [ 106.44378888114835, -4.13627049912974 ], [ 106.563788881148355, -4.13627049912974 ], [ 106.563788881148355, -4.016270499129741 ], [ 106.44378888114835, -4.016270499129741 ], [ 106.44378888114835, -4.13627049912974 ] ] ] } },
{ "type": "Feature", "properties": { "Kab_kota": "Lampung Selatan", "Provinsi": "Lampung", "Pulau": "Sumatera", "jumlah_penduduk": 1119314, "jumlah_lansia": 113043, "pct_lansia": 10.0993, "pct_anak": 25.9355, "rasio_lansia": 15.7888, "p0_miskin": 12.57, "rls": 7.78, "pengeluaran": 11133, "ahh_laki": 68.41, "ahh_perempuan": 72.34, "ahh_rata2": 70.38, "tpt_total": 4.84, "Tahun": 2024 }, "geometry": { "type": "Polygon", "coordinates": [ [ [ 105.812628645158156, -3.574941137160942 ], [ 105.932628645158161, -3.574941137160942 ], [ 105.932628645158161, -3.454941137160942 ], [ 105.812628645158156, -3.454941137160942 ], [ 105.812628645158156, -3.574941137160942 ] ] ] } },
{ "type": "Feature", "properties": { "Kab_kota": "Lampung Timur", "Provinsi": "Lampung", "Pulau": "Sumatera", "jumlah_penduduk": 1153773, "jumlah_lansia": 140501, "pct_lansia": 12.1775, "pct_anak": 23.6495, "rasio_lansia": 18.9761, "p0_miskin": 13.19, "rls": 8.2, "pengeluaran": 11262, "ahh_laki": 69.59, "ahh_perempuan": 73.56, "ahh_rata2": 71.58, "tpt_total": 3.02, "Tahun": 2024 }, "geometry": { "type": "Polygon", "coordinates": [ [ [ 104.661508954304963, -3.692954600807405 ], [ 104.781508954304968, -3.692954600807405 ], [ 104.781508954304968, -3.572954600807405 ], [ 104.661508954304963, -3.572954600807405 ], [ 104.661508954304963, -3.692954600807405 ] ] ] } },
{ "type": "Feature", "properties": { "Kab_kota": "Lampung Tengah", "Provinsi": "Lampung", "Pulau": "Sumatera", "jumlah_penduduk": 1525088, "jumlah_lansia": 176213, "pct_lansia": 11.5543, "pct_anak": 23.404, "rasio_lansia": 17.7644, "p0_miskin": 10.37, "rls": 7.97, "pengeluaran": 12595, "ahh_laki": 68.63, "ahh_perempuan": 72.56, "ahh_rata2": 70.6, "tpt_total": 3.33, "Tahun": 2024 }, "geometry": { "type": "Polygon", "coordinates": [ [ [ 104.076235698737193, -5.040571127326305 ], [ 104.196235698737198, -5.040571127326305 ], [ 104.196235698737198, -4.920571127326306 ], [ 104.076235698737193, -4.920571127326306 ], [ 104.076235698737193, -5.040571127326305 ] ] ] } },
{ "type": "Feature", "properties": { "Kab_kota": "Lampung Utara", "Provinsi": "Lampung", "Pulau": "Sumatera", "jumlah_penduduk": 659887, "jumlah_lansia": 73832, "pct_lansia": 11.1886, "pct_anak": 26.011, "rasio_lansia": 17.8161, "p0_miskin": 16.92, "rls": 8.38, "pengeluaran": 9837, "ahh_laki": 68.21, "ahh_perempuan": 72.15, "ahh_rata2": 70.18, "tpt_total": 5.85, "Tahun": 2024 }, "geometry": { "type": "Polygon", "coordinates": [ [ [ 104.733029857506395, -5.733798700093416 ], [ 104.853029857506399, -5.733798700093416 ], [ 104.853029857506399, -5.613798700093417 ], [ 104.733029857506395, -5.613798700093417 ], [ 104.733029857506395, -5.733798700093416 ] ] ] } },
{ "type": "Feature", "properties": { "Kab_kota": "Way Kanan", "Provinsi": "Lampung", "Pulau": "Sumatera", "jumlah_penduduk": 497260, "jumlah_lansia": 51385, "pct_lansia": 10.3336, "pct_anak": 26.5974, "rasio_lansia": 16.3846, "p0_miskin": 10.43, "rls": 7.75, "pengeluaran": 10439, "ahh_laki": 68.24, "ahh_perempuan": 72.18, "ahh_rata2": 70.21, "tpt_total": 3.27, "Tahun": 2024 }, "geometry": { "type": "Polygon", "coordinates": [ [ [ 105.942435539010361, -5.395210760126124 ], [ 106.062435539010366, -5.395210760126124 ], [ 106.062435539010366, -5.275210760126125 ], [ 105.942435539010361, -5.275210760126125 ], [ 105.942435539010361, -5.395210760126124 ] ] ] } },
{ "type": "Feature", "properties": { "Kab_kota": "Tulangbawang", "Provinsi": "Lampung", "Pulau": "Sumatera", "jumlah_penduduk": 450336, "jumlah_lansia": 41564, "pct_lansia": 9.2296, "pct_anak": 25.8762, "rasio_lansia": 14.2225, "p0_miskin": 7.88, "rls": 7.65, "pengeluaran": 12122, "ahh_laki": 68.64, "ahh_perempuan": 72.57, "ahh_rata2": 70.6, "tpt_total": 3.23, "Tahun": 2024 }, "geometry": { "type": "Polygon", "coordinates": [ [ [ 106.430712852891332, -4.605082822486551 ], [ 106.550712852891337, -4.605082822486551 ], [ 106.550712852891337, -4.485082822486552 ], [ 106.430712852891332, -4.485082822486552 ], [ 106.430712852891332, -4.605082822486551 ] ] ] } },
{ "type": "Feature", "properties": { "Kab_kota": "Pesawaran", "Provinsi": "Lampung", "Pulau": "Sumatera", "jumlah_penduduk": 500298, "jumlah_lansia": 55328, "pct_lansia": 11.059, "pct_anak": 25.6389, "rasio_lansia": 17.4702, "p0_miskin": 11.86, "rls": 8.0, "pengeluaran": 9190, "ahh_laki": 68.2, "ahh_perempuan": 72.14, "ahh_rata2": 70.17, "tpt_total": 4.36, "Tahun": 2024 }, "geometry": { "type": "Polygon", "coordinates": [ [ [ 105.833638578725811, -3.733562746100737 ], [ 105.953638578725815, -3.733562746100737 ], [ 105.953638578725815, -3.613562746100737 ], [ 105.833638578725811, -3.613562746100737 ], [ 105.833638578725811, -3.733562746100737 ] ] ] } },
{ "type": "Feature", "properties": { "Kab_kota": "Pringsewu", "Provinsi": "Lampung", "Pulau": "Sumatera", "jumlah_penduduk": 424679, "jumlah_lansia": 49708, "pct_lansia": 11.7048, "pct_anak": 24.6287, "rasio_lansia": 18.3846, "p0_miskin": 8.32, "rls": 8.53, "pengeluaran": 11543, "ahh_laki": 69.27, "ahh_perempuan": 73.24, "ahh_rata2": 71.26, "tpt_total": 4.39, "Tahun": 2024 }, "geometry": { "type": "Polygon", "coordinates": [ [ [ 104.84398226453753, -3.635146166046781 ], [ 104.963982264537535, -3.635146166046781 ], [ 104.963982264537535, -3.51514616604678 ], [ 104.84398226453753, -3.51514616604678 ], [ 104.84398226453753, -3.635146166046781 ] ] ] } },
{ "type": "Feature", "properties": { "Kab_kota": "Mesuji", "Provinsi": "Lampung", "Pulau": "Sumatera", "jumlah_penduduk": 241600, "jumlah_lansia": 22490, "pct_lansia": 9.3088, "pct_anak": 26.1097, "rasio_lansia": 14.414, "p0_miskin": 6.31, "rls": 7.21, "pengeluaran": 9454, "ahh_laki": 67.11, "ahh_perempuan": 71.07, "ahh_rata2": 69.09, "tpt_total": 2.85, "Tahun": 2024 }, "geometry": { "type": "Polygon", "coordinates": [ [ [ 104.096405302221214, -4.599963664094036 ], [ 104.216405302221219, -4.599963664094036 ], [ 104.216405302221219, -4.479963664094036 ], [ 104.096405302221214, -4.479963664094036 ], [ 104.096405302221214, -4.599963664094036 ] ] ] } },
{ "type": "Feature", "properties": { "Kab_kota": "Tulang Bawang Barat", "Provinsi": "Lampung", "Pulau": "Sumatera", "jumlah_penduduk": 298696, "jumlah_lansia": 34326, "pct_lansia": 11.492, "pct_anak": 25.1811, "rasio_lansia": 18.147, "p0_miskin": 7.22, "rls": 7.8, "pengeluaran": 9646, "ahh_laki": 68.72, "ahh_perempuan": 72.65, "ahh_rata2": 70.68, "tpt_total": 4.12, "Tahun": 2024 }, "geometry": { "type": "Polygon", "coordinates": [ [ [ 104.558029762975636, -5.764642710578054 ], [ 104.67802976297564, -5.764642710578054 ], [ 104.67802976297564, -5.644642710578055 ], [ 104.558029762975636, -5.644642710578055 ], [ 104.558029762975636, -5.764642710578054 ] ] ] } },
{ "type": "Feature", "properties": { "Kab_kota": "Pesisir Barat", "Provinsi": "Lampung", "Pulau": "Sumatera", "jumlah_penduduk": 172316, "jumlah_lansia": 16943, "pct_lansia": 9.8325, "pct_anak": 28.1802, "rasio_lansia": 15.8622, "p0_miskin": 12.64, "rls": 8.73, "pengeluaran": 9550, "ahh_laki": 62.82, "ahh_perempuan": 66.65, "ahh_rata2": 64.74, "tpt_total": 3.04, "Tahun": 2024 }, "geometry": { "type": "Polygon", "coordinates": [ [ [ 105.612604793977127, -5.735962952790584 ], [ 105.732604793977131, -5.735962952790584 ], [ 105.732604793977131, -5.615962952790585 ], [ 105.612604793977127, -5.615962952790585 ], [ 105.612604793977127, -5.735962952790584 ] ] ] } },
{ "type": "Feature", "properties": { "Kab_kota": "Kota Bandar Lampung", "Provinsi": "Lampung", "Pulau": "Sumatera", "jumlah_penduduk": 1214333, "jumlah_lansia": 134432, "pct_lansia": 11.0704, "pct_anak": 23.5015, "rasio_lansia": 16.92, "p0_miskin": 7.37, "rls": 10.99, "pengeluaran": 13667, "ahh_laki": 70.28, "ahh_perempuan": 74.29, "ahh_rata2": 72.28, "tpt_total": 7.44, "Tahun": 2024 }, "geometry": { "type": "Polygon", "coordinates": [ [ [ 106.432439659110301, -4.853189468056883 ], [ 106.552439659110306, -4.853189468056883 ], [ 106.552439659110306, -4.733189468056884 ], [ 106.432439659110301, -4.733189468056884 ], [ 106.432439659110301, -4.853189468056883 ] ] ] } },
{ "type": "Feature", "properties": { "Kab_kota": "Kota Metro", "Provinsi": "Lampung", "Pulau": "Sumatera", "jumlah_penduduk": 175712, "jumlah_lansia": 20278, "pct_lansia": 11.5405, "pct_anak": 24.16, "rasio_lansia": 17.948, "p0_miskin": 6.78, "rls": 11.01, "pengeluaran": 13092, "ahh_laki": 70.48, "ahh_perempuan": 74.5, "ahh_rata2": 72.49, "tpt_total": 3.71, "Tahun": 2024 }, "geometry": { "type": "Polygon", "coordinates": [ [ [ 106.018835563792905, -3.73038364460962 ], [ 106.13883556379291, -3.73038364460962 ], [ 106.13883556379291, -3.61038364460962 ], [ 106.018835563792905, -3.61038364460962 ], [ 106.018835563792905, -3.73038364460962 ] ] ] } },
{ "type": "Feature", "properties": { "Kab_kota": "Bangka", "Provinsi": "Kep. Bangka Belitung", "Pulau": "Sumatera", "jumlah_penduduk": 342058, "jumlah_lansia": 35201, "pct_lansia": 10.2909, "pct_anak": 24.0556, "rasio_lansia": 15.6746, "p0_miskin": 4.24, "rls": 8.45, "pengeluaran": 13205, "ahh_laki": 69.86, "ahh_perempuan": 73.85, "ahh_rata2": 71.85, "tpt_total": 4.91, "Tahun": 2024 }, "geometry": { "type": "Polygon", "coordinates": [ [ [ 105.949671163364229, -1.469675024484516 ], [ 106.069671163364234, -1.469675024484516 ], [ 106.069671163364234, -1.349675024484516 ], [ 105.949671163364229, -1.349675024484516 ], [ 105.949671163364229, -1.469675024484516 ] ] ] } },
{ "type": "Feature", "properties": { "Kab_kota": "Belitung", "Provinsi": "Kep. Bangka Belitung", "Pulau": "Sumatera", "jumlah_penduduk": 191405, "jumlah_lansia": 22191, "pct_lansia": 11.5937, "pct_anak": 22.3024, "rasio_lansia": 17.5387, "p0_miskin": 6.11, "rls": 9.05, "pengeluaran": 14449, "ahh_laki": 69.81, "ahh_perempuan": 73.79, "ahh_rata2": 71.8, "tpt_total": 3.88, "Tahun": 2024 }, "geometry": { "type": "Polygon", "coordinates": [ [ [ 105.373398150536019, -2.514411149137705 ], [ 105.493398150536024, -2.514411149137705 ], [ 105.493398150536024, -2.394411149137705 ], [ 105.373398150536019, -2.394411149137705 ], [ 105.373398150536019, -2.514411149137705 ] ] ] } },
{ "type": "Feature", "properties": { "Kab_kota": "Bangka Barat", "Provinsi": "Kep. Bangka Belitung", "Pulau": "Sumatera", "jumlah_penduduk": 215818, "jumlah_lansia": 19612, "pct_lansia": 9.0873, "pct_anak": 24.6953, "rasio_lansia": 13.7234, "p0_miskin": 2.59, "rls": 7.48, "pengeluaran": 13199, "ahh_laki": 68.67, "ahh_perempuan": 72.6, "ahh_rata2": 70.63, "tpt_total": 4.88, "Tahun": 2024 }, "geometry": { "type": "Polygon", "coordinates": [ [ [ 105.494187589093897, -3.68799591572002 ], [ 105.614187589093902, -3.68799591572002 ], [ 105.614187589093902, -3.56799591572002 ], [ 105.494187589093897, -3.56799591572002 ], [ 105.494187589093897, -3.68799591572002 ] ] ] } },
{ "type": "Feature", "properties": { "Kab_kota": "Bangka Tengah", "Provinsi": "Kep. Bangka Belitung", "Pulau": "Sumatera", "jumlah_penduduk": 210482, "jumlah_lansia": 17555, "pct_lansia": 8.3404, "pct_anak": 25.2183, "rasio_lansia": 12.553, "p0_miskin": 5.94, "rls": 7.24, "pengeluaran": 13677, "ahh_laki": 70.4, "ahh_perempuan": 74.41, "ahh_rata2": 72.4, "tpt_total": 4.23, "Tahun": 2024 }, "geometry": { "type": "Polygon", "coordinates": [ [ [ 106.59827620367588, -3.81059597684465 ], [ 106.718276203675885, -3.81059597684465 ], [ 106.718276203675885, -3.69059597684465 ], [ 106.59827620367588, -3.69059597684465 ], [ 106.59827620367588, -3.81059597684465 ] ] ] } },
{ "type": "Feature", "properties": { "Kab_kota": "Bangka Selatan", "Provinsi": "Kep. Bangka Belitung", "Pulau": "Sumatera", "jumlah_penduduk": 208491, "jumlah_lansia": 17279, "pct_lansia": 8.2876, "pct_anak": 23.4111, "rasio_lansia": 12.134, "p0_miskin": 3.74, "rls": 6.93, "pengeluaran": 12718, "ahh_laki": 67.31, "ahh_perempuan": 71.27, "ahh_rata2": 69.29, "tpt_total": 4.94, "Tahun": 2024 }, "geometry": { "type": "Polygon", "coordinates": [ [ [ 107.609380778447473, -3.306161252149884 ], [ 107.729380778447478, -3.306161252149884 ], [ 107.729380778447478, -3.186161252149884 ], [ 107.609380778447473, -3.186161252149884 ], [ 107.609380778447473, -3.306161252149884 ] ] ] } },
{ "type": "Feature", "properties": { "Kab_kota": "Belitung Timur", "Provinsi": "Kep. Bangka Belitung", "Pulau": "Sumatera", "jumlah_penduduk": 132835, "jumlah_lansia": 14985, "pct_lansia": 11.2809, "pct_anak": 22.1282, "rasio_lansia": 16.9406, "p0_miskin": 6.36, "rls": 8.99, "pengeluaran": 12610, "ahh_laki": 70.88, "ahh_perempuan": 74.92, "ahh_rata2": 72.9, "tpt_total": 2.63, "Tahun": 2024 }, "geometry": { "type": "Polygon", "coordinates": [ [ [ 107.590387614178937, -2.267780470391207 ], [ 107.710387614178941, -2.267780470391207 ], [ 107.710387614178941, -2.147780470391207 ], [ 107.590387614178937, -2.147780470391207 ], [ 107.590387614178937, -2.267780470391207 ] ] ] } },
{ "type": "Feature", "properties": { "Kab_kota": "Kota Pangkal Pinang", "Provinsi": "Kep. Bangka Belitung", "Pulau": "Sumatera", "jumlah_penduduk": 230441, "jumlah_lansia": 23943, "pct_lansia": 10.3901, "pct_anak": 24.8185, "rasio_lansia": 16.0362, "p0_miskin": 4.04, "rls": 10.67, "pengeluaran": 16750, "ahh_laki": 72.33, "ahh_perempuan": 76.79, "ahh_rata2": 74.56, "tpt_total": 5.98, "Tahun": 2024 }, "geometry": { "type": "Polygon", "coordinates": [ [ [ 106.653256785251756, -1.662853925064426 ], [ 106.77325678525176, -1.662853925064426 ], [ 106.77325678525176, -1.542853925064426 ], [ 106.653256785251756, -1.542853925064426 ], [ 106.653256785251756, -1.662853925064426 ] ] ] } },
{ "type": "Feature", "properties": { "Kab_kota": "Karimun", "Provinsi": "Kep. Riau", "Pulau": "Sumatera", "jumlah_penduduk": 263344, "jumlah_lansia": 29396, "pct_lansia": 11.1626, "pct_anak": 25.4143, "rasio_lansia": 17.6002, "p0_miskin": 5.78, "rls": 8.91, "pengeluaran": 13287, "ahh_laki": 70.24, "ahh_perempuan": 74.25, "ahh_rata2": 72.24, "tpt_total": 5.52, "Tahun": 2024 }, "geometry": { "type": "Polygon", "coordinates": [ [ [ 107.307047902971533, 4.475963888756794 ], [ 107.427047902971537, 4.475963888756794 ], [ 107.427047902971537, 4.595963888756793 ], [ 107.307047902971533, 4.595963888756793 ], [ 107.307047902971533, 4.475963888756794 ] ] ] } },
{ "type": "Feature", "properties": { "Kab_kota": "Bintan", "Provinsi": "Kep. Riau", "Pulau": "Sumatera", "jumlah_penduduk": 168190, "jumlah_lansia": 15117, "pct_lansia": 8.988, "pct_anak": 25.4498, "rasio_lansia": 13.7092, "p0_miskin": 5.44, "rls": 9.15, "pengeluaran": 15078, "ahh_laki": 69.28, "ahh_perempuan": 73.24, "ahh_rata2": 71.26, "tpt_total": 4.53, "Tahun": 2024 }, "geometry": { "type": "Polygon", "coordinates": [ [ [ 107.091990364443603, 3.612686405724153 ], [ 107.211990364443608, 3.612686405724153 ], [ 107.211990364443608, 3.732686405724154 ], [ 107.091990364443603, 3.732686405724154 ], [ 107.091990364443603, 3.612686405724153 ] ] ] } },
{ "type": "Feature", "properties": { "Kab_kota": "Natuna", "Provinsi": "Kep. Riau", "Pulau": "Sumatera", "jumlah_penduduk": 85664, "jumlah_lansia": 8000, "pct_lansia": 9.3388, "pct_anak": 27.0569, "rasio_lansia": 14.6827, "p0_miskin": 5.04, "rls": 9.2, "pengeluaran": 15560, "ahh_laki": 64.5, "ahh_perempuan": 68.41, "ahh_rata2": 66.46, "tpt_total": 3.89, "Tahun": 2024 }, "geometry": { "type": "Polygon", "coordinates": [ [ [ 107.852905619173981, 2.565590826256184 ], [ 107.972905619173986, 2.565590826256184 ], [ 107.972905619173986, 2.685590826256184 ], [ 107.852905619173981, 2.685590826256184 ], [ 107.852905619173981, 2.565590826256184 ] ] ] } },
{ "type": "Feature", "properties": { "Kab_kota": "Lingga", "Provinsi": "Kep. Riau", "Pulau": "Sumatera", "jumlah_penduduk": 102006, "jumlah_lansia": 12773, "pct_lansia": 12.5218, "pct_anak": 24.0819, "rasio_lansia": 19.7517, "p0_miskin": 9.99, "rls": 7.6, "pengeluaran": 12906, "ahh_laki": 61.88, "ahh_perempuan": 65.68, "ahh_rata2": 63.78, "tpt_total": 3.38, "Tahun": 2024 }, "geometry": { "type": "Polygon", "coordinates": [ [ [ 109.010374714194285, 2.834305276795375 ], [ 109.130374714194289, 2.834305276795375 ], [ 109.130374714194289, 2.954305276795375 ], [ 109.010374714194285, 2.954305276795375 ], [ 109.010374714194285, 2.834305276795375 ] ] ] } },
{ "type": "Feature", "properties": { "Kab_kota": "Kepulauan Anambas", "Provinsi": "Kep. Riau", "Pulau": "Sumatera", "jumlah_penduduk": 49728, "jumlah_lansia": 4647, "pct_lansia": 9.3448, "pct_anak": 26.7395, "rasio_lansia": 14.6206, "p0_miskin": 6.67, "rls": 7.53, "pengeluaran": 12983, "ahh_laki": 66.43, "ahh_perempuan": 70.41, "ahh_rata2": 68.42, "tpt_total": 2.38, "Tahun": 2024 }, "geometry": { "type": "Polygon", "coordinates": [ [ [ 109.091954426629798, 3.931274863349146 ], [ 109.211954426629802, 3.931274863349146 ], [ 109.211954426629802, 4.051274863349146 ], [ 109.091954426629798, 4.051274863349146 ], [ 109.091954426629798, 3.931274863349146 ] ] ] } },
{ "type": "Feature", "properties": { "Kab_kota": "Kota Batam", "Provinsi": "Kep. Riau", "Pulau": "Sumatera", "jumlah_penduduk": 1276928, "jumlah_lansia": 70891, "pct_lansia": 5.5517, "pct_anak": 26.5392, "rasio_lansia": 8.1752, "p0_miskin": 4.85, "rls": 11.21, "pengeluaran": 19668, "ahh_laki": 72.2, "ahh_perempuan": 76.09, "ahh_rata2": 74.15, "tpt_total": 7.68, "Tahun": 2024 }, "geometry": { "type": "Polygon", "coordinates": [ [ [ 108.663702957818614, 4.895783992678645 ], [ 108.783702957818619, 4.895783992678645 ], [ 108.783702957818619, 5.015783992678644 ], [ 108.663702957818614, 5.015783992678644 ], [ 108.663702957818614, 4.895783992678645 ] ] ] } },
{ "type": "Feature", "properties": { "Kab_kota": "Kota Tanjung Pinang", "Provinsi": "Kep. Riau", "Pulau": "Sumatera", "jumlah_penduduk": 237432, "jumlah_lansia": 25422, "pct_lansia": 10.7071, "pct_anak": 24.4032, "rasio_lansia": 16.5004, "p0_miskin": 6.86, "rls": 10.67, "pengeluaran": 16663, "ahh_laki": 71.02, "ahh_perempuan": 75.4, "ahh_rata2": 73.21, "tpt_total": 4.69, "Tahun": 2024 }, "geometry": { "type": "Polygon", "coordinates": [ [ [ 107.389140353111813, 4.798711224125629 ], [ 107.509140353111817, 4.798711224125629 ], [ 107.509140353111817, 4.918711224125628 ], [ 107.389140353111813, 4.918711224125628 ], [ 107.389140353111813, 4.798711224125629 ] ] ] } },
{ "type": "Feature", "properties": { "Kab_kota": "Kep. Seribu", "Provinsi": "DKI Jakarta", "Pulau": "Jawa", "jumlah_penduduk": 28809, "jumlah_lansia": 2348, "pct_lansia": 8.1502, "pct_anak": 26.634, "rasio_lansia": 12.4973, "p0_miskin": 13.03, "rls": 9.26, "pengeluaran": 14110, "ahh_laki": 67.85, "ahh_perempuan": 71.8, "ahh_rata2": 69.82, "tpt_total": 7.93, "Tahun": 2024 }, "geometry": { "type": "Polygon", "coordinates": [ [ [ 105.478088030340189, -6.315863119179678 ], [ 105.598088030340193, -6.315863119179678 ], [ 105.598088030340193, -6.195863119179679 ], [ 105.478088030340189, -6.195863119179679 ], [ 105.478088030340189, -6.315863119179678 ] ] ] } },
{ "type": "Feature", "properties": { "Kab_kota": "Kota Jakarta Selatan", "Provinsi": "DKI Jakarta", "Pulau": "Jawa", "jumlah_penduduk": 2230653, "jumlah_lansia": 262675, "pct_lansia": 11.7757, "pct_anak": 20.7988, "rasio_lansia": 17.4648, "p0_miskin": 3.03, "rls": 11.95, "pengeluaran": 25573, "ahh_laki": 73.38, "ahh_perempuan": 76.86, "ahh_rata2": 75.12, "tpt_total": 5.22, "Tahun": 2024 }, "geometry": { "type": "Polygon", "coordinates": [ [ [ 106.265387098247842, -7.287915672135793 ], [ 106.385387098247847, -7.287915672135793 ], [ 106.385387098247847, -7.167915672135794 ], [ 106.265387098247842, -7.167915672135794 ], [ 106.265387098247842, -7.287915672135793 ] ] ] } },
{ "type": "Feature", "properties": { "Kab_kota": "Kota Jakarta Timur", "Provinsi": "DKI Jakarta", "Pulau": "Jawa", "jumlah_penduduk": 3086010, "jumlah_lansia": 339795, "pct_lansia": 11.0108, "pct_anak": 22.2151, "rasio_lansia": 16.4897, "p0_miskin": 4.09, "rls": 11.99, "pengeluaran": 19193, "ahh_laki": 73.73, "ahh_perempuan": 77.11, "ahh_rata2": 75.42, "tpt_total": 6.95, "Tahun": 2024 }, "geometry": { "type": "Polygon", "coordinates": [ [ [ 107.319033495865625, -7.407643385250806 ], [ 107.43903349586563, -7.407643385250806 ], [ 107.43903349586563, -7.287643385250806 ], [ 107.319033495865625, -7.287643385250806 ], [ 107.319033495865625, -7.407643385250806 ] ] ] } },
{ "type": "Feature", "properties": { "Kab_kota": "Kota Jakarta Pusat", "Provinsi": "DKI Jakarta", "Pulau": "Jawa", "jumlah_penduduk": 1044297, "jumlah_lansia": 139019, "pct_lansia": 13.3122, "pct_anak": 19.7485, "rasio_lansia": 19.887, "p0_miskin": 4.63, "rls": 11.61, "pengeluaran": 18661, "ahh_laki": 73.65, "ahh_perempuan": 76.94, "ahh_rata2": 75.3, "tpt_total": 6.24, "Tahun": 2024 }, "geometry": { "type": "Polygon", "coordinates": [ [ [ 108.154737456650892, -6.383022681631214 ], [ 108.274737456650897, -6.383022681631214 ], [ 108.274737456650897, -6.263022681631215 ], [ 108.154737456650892, -6.263022681631215 ], [ 108.154737456650892, -6.383022681631214 ] ] ] } },
{ "type": "Feature", "properties": { "Kab_kota": "Kota Jakarta Barat", "Provinsi": "DKI Jakarta", "Pulau": "Jawa", "jumlah_penduduk": 2479571, "jumlah_lansia": 274085, "pct_lansia": 11.0537, "pct_anak": 21.9617, "rasio_lansia": 16.5019, "p0_miskin": 3.94, "rls": 11.24, "pengeluaran": 22119, "ahh_laki": 72.55, "ahh_perempuan": 76.28, "ahh_rata2": 74.41, "tpt_total": 6.18, "Tahun": 2024 }, "geometry": { "type": "Polygon", "coordinates": [ [ [ 107.691534398631646, -5.278813585175252 ], [ 107.81153439863165, -5.278813585175252 ], [ 107.81153439863165, -5.158813585175253 ], [ 107.691534398631646, -5.158813585175253 ], [ 107.691534398631646, -5.278813585175252 ] ] ] } },
{ "type": "Feature", "properties": { "Kab_kota": "Kota Jakarta Utara", "Provinsi": "DKI Jakarta", "Pulau": "Jawa", "jumlah_penduduk": 1815606, "jumlah_lansia": 192336, "pct_lansia": 10.5935, "pct_anak": 22.8535, "rasio_lansia": 15.9174, "p0_miskin": 6.44, "rls": 10.85, "pengeluaran": 20032, "ahh_laki": 71.97, "ahh_perempuan": 76.04, "ahh_rata2": 74.0, "tpt_total": 6.18, "Tahun": 2024 }, "geometry": { "type": "Polygon", "coordinates": [ [ [ 106.374830833400566, -5.118962420438163 ], [ 106.49483083340057, -5.118962420438163 ], [ 106.49483083340057, -4.998962420438164 ], [ 106.374830833400566, -4.998962420438164 ], [ 106.374830833400566, -5.118962420438163 ] ] ] } },
{ "type": "Feature", "properties": { "Kab_kota": "Bogor", "Provinsi": "Jawa Barat", "Pulau": "Jawa", "jumlah_penduduk": 5682303, "jumlah_lansia": 492192, "pct_lansia": 8.6618, "pct_anak": 24.1386, "rasio_lansia": 12.8897, "p0_miskin": 7.05, "rls": 8.39, "pengeluaran": 11563, "ahh_laki": 70.2, "ahh_perempuan": 74.21, "ahh_rata2": 72.2, "tpt_total": 7.34, "Tahun": 2024 }, "geometry": { "type": "Polygon", "coordinates": [ [ [ 106.380700442195703, -6.912776805558695 ], [ 106.500700442195708, -6.912776805558695 ], [ 106.500700442195708, -6.792776805558696 ], [ 106.380700442195703, -6.792776805558696 ], [ 106.380700442195703, -6.912776805558695 ] ] ] } },
{ "type": "Feature", "properties": { "Kab_kota": "Sukabumi", "Provinsi": "Jawa Barat", "Pulau": "Jawa", "jumlah_penduduk": 2828024, "jumlah_lansia": 327342, "pct_lansia": 11.5749, "pct_anak": 23.4932, "rasio_lansia": 17.8263, "p0_miskin": 6.87, "rls": 7.34, "pengeluaran": 9815, "ahh_laki": 70.11, "ahh_perempuan": 74.11, "ahh_rata2": 72.11, "tpt_total": 7.11, "Tahun": 2024 }, "geometry": { "type": "Polygon", "coordinates": [ [ [ 106.584316568847825, -7.649407343267785 ], [ 106.70431656884783, -7.649407343267785 ], [ 106.70431656884783, -7.529407343267786 ], [ 106.584316568847825, -7.529407343267786 ], [ 106.584316568847825, -7.649407343267785 ] ] ] } },
{ "type": "Feature", "properties": { "Kab_kota": "Cianjur", "Provinsi": "Jawa Barat", "Pulau": "Jawa", "jumlah_penduduk": 2584994, "jumlah_lansia": 286514, "pct_lansia": 11.0837, "pct_anak": 24.718, "rasio_lansia": 17.2649, "p0_miskin": 10.14, "rls": 7.33, "pengeluaran": 9026, "ahh_laki": 69.03, "ahh_perempuan": 72.98, "ahh_rata2": 71.0, "tpt_total": 5.99, "Tahun": 2024 }, "geometry": { "type": "Polygon", "coordinates": [ [ [ 107.769590232594922, -8.330803967196257 ], [ 107.889590232594927, -8.330803967196257 ], [ 107.889590232594927, -8.210803967196256 ], [ 107.769590232594922, -8.210803967196256 ], [ 107.769590232594922, -8.330803967196257 ] ] ] } },
{ "type": "Feature", "properties": { "Kab_kota": "Bandung", "Provinsi": "Jawa Barat", "Pulau": "Jawa", "jumlah_penduduk": 3753116, "jumlah_lansia": 371104, "pct_lansia": 9.8879, "pct_anak": 24.4061, "rasio_lansia": 15.0487, "p0_miskin": 6.19, "rls": 9.15, "pengeluaran": 11392, "ahh_laki": 72.73, "ahh_perempuan": 76.44, "ahh_rata2": 74.59, "tpt_total": 6.36, "Tahun": 2024 }, "geometry": { "type": "Polygon", "coordinates": [ [ [ 108.823841709028201, -7.454433618776277 ], [ 108.943841709028206, -7.454433618776277 ], [ 108.943841709028206, -7.334433618776278 ], [ 108.823841709028201, -7.334433618776278 ], [ 108.823841709028201, -7.454433618776277 ] ] ] } },
{ "type": "Feature", "properties": { "Kab_kota": "Garut", "Provinsi": "Jawa Barat", "Pulau": "Jawa", "jumlah_penduduk": 2716950, "jumlah_lansia": 265568, "pct_lansia": 9.7745, "pct_anak": 25.9372, "rasio_lansia": 15.2042, "p0_miskin": 9.68, "rls": 7.85, "pengeluaran": 9168, "ahh_laki": 70.32, "ahh_perempuan": 74.33, "ahh_rata2": 72.32, "tpt_total": 6.96, "Tahun": 2024 }, "geometry": { "type": "Polygon", "coordinates": [ [ [ 108.691690243556778, -6.452936220148166 ], [ 108.811690243556782, -6.452936220148166 ], [ 108.811690243556782, -6.332936220148166 ], [ 108.691690243556778, -6.332936220148166 ], [ 108.691690243556778, -6.452936220148166 ] ] ] } },
{ "type": "Feature", "properties": { "Kab_kota": "Tasikmalaya", "Provinsi": "Jawa Barat", "Pulau": "Jawa", "jumlah_penduduk": 1920921, "jumlah_lansia": 269623, "pct_lansia": 14.0361, "pct_anak": 22.4987, "rasio_lansia": 22.1163, "p0_miskin": 10.23, "rls": 7.97, "pengeluaran": 8965, "ahh_laki": 68.47, "ahh_perempuan": 72.41, "ahh_rata2": 70.44, "tpt_total": 3.74, "Tahun": 2024 }, "geometry": { "type": "Polygon", "coordinates": [ [ [ 107.64118607402294, -5.707782065062148 ], [ 107.761186074022945, -5.707782065062148 ], [ 107.761186074022945, -5.587782065062149 ], [ 107.64118607402294, -5.587782065062149 ], [ 107.64118607402294, -5.707782065062148 ] ] ] } },
{ "type": "Feature", "properties": { "Kab_kota": "Ciamis", "Provinsi": "Jawa Barat", "Pulau": "Jawa", "jumlah_penduduk": 1259226, "jumlah_lansia": 217602, "pct_lansia": 17.2806, "pct_anak": 20.6948, "rasio_lansia": 27.8609, "p0_miskin": 7.39, "rls": 8.1, "pengeluaran": 10085, "ahh_laki": 70.9, "ahh_perempuan": 74.94, "ahh_rata2": 72.92, "tpt_total": 3.37, "Tahun": 2024 }, "geometry": { "type": "Polygon", "coordinates": [ [ [ 106.633329974122006, -6.354538495197837 ], [ 106.753329974122011, -6.354538495197837 ], [ 106.753329974122011, -6.234538495197838 ], [ 106.633329974122006, -6.234538495197838 ], [ 106.633329974122006, -6.354538495197837 ] ] ] } },
{ "type": "Feature", "properties": { "Kab_kota": "Kuningan", "Provinsi": "Jawa Barat", "Pulau": "Jawa", "jumlah_penduduk": 1213927, "jumlah_lansia": 165604, "pct_lansia": 13.642, "pct_anak": 22.8141, "rasio_lansia": 21.4686, "p0_miskin": 11.88, "rls": 7.9, "pengeluaran": 10418, "ahh_laki": 72.72, "ahh_perempuan": 76.42, "ahh_rata2": 74.57, "tpt_total": 7.78, "Tahun": 2024 }, "geometry": { "type": "Polygon", "coordinates": [ [ [ 106.443300180216838, -7.613942674830565 ], [ 106.563300180216842, -7.613942674830565 ], [ 106.563300180216842, -7.493942674830565 ], [ 106.443300180216838, -7.493942674830565 ], [ 106.443300180216838, -7.613942674830565 ] ] ] } },
{ "type": "Feature", "properties": { "Kab_kota": "Cirebon", "Provinsi": "Jawa Barat", "Pulau": "Jawa", "jumlah_penduduk": 2387961, "jumlah_lansia": 239263, "pct_lansia": 10.0196, "pct_anak": 23.7483, "rasio_lansia": 15.1279, "p0_miskin": 11.0, "rls": 7.65, "pengeluaran": 11529, "ahh_laki": 71.03, "ahh_perempuan": 75.15, "ahh_rata2": 73.09, "tpt_total": 6.74, "Tahun": 2024 }, "geometry": { "type": "Polygon", "coordinates": [ [ [ 107.570855523551089, -8.218158254397581 ], [ 107.690855523551093, -8.218158254397581 ], [ 107.690855523551093, -8.09815825439758 ], [ 107.570855523551089, -8.09815825439758 ], [ 107.570855523551089, -8.218158254397581 ] ] ] } },
{ "type": "Feature", "properties": { "Kab_kota": "Majalengka", "Provinsi": "Jawa Barat", "Pulau": "Jawa", "jumlah_penduduk": 1352541, "jumlah_lansia": 184946, "pct_lansia": 13.674, "pct_anak": 21.6686, "rasio_lansia": 21.1483, "p0_miskin": 10.82, "rls": 7.53, "pengeluaran": 10842, "ahh_laki": 69.37, "ahh_perempuan": 73.34, "ahh_rata2": 71.36, "tpt_total": 4.01, "Tahun": 2024 }, "geometry": { "type": "Polygon", "coordinates": [ [ [ 108.414183345991972, -7.752183371441666 ], [ 108.534183345991977, -7.752183371441666 ], [ 108.534183345991977, -7.632183371441667 ], [ 108.414183345991972, -7.632183371441667 ], [ 108.414183345991972, -7.752183371441666 ] ] ] } },
{ "type": "Feature", "properties": { "Kab_kota": "Sumedang", "Provinsi": "Jawa Barat", "Pulau": "Jawa", "jumlah_penduduk": 1187133, "jumlah_lansia": 181122, "pct_lansia": 15.2571, "pct_anak": 21.4956, "rasio_lansia": 24.1229, "p0_miskin": 9.1, "rls": 8.74, "pengeluaran": 11589, "ahh_laki": 71.29, "ahh_perempuan": 75.7, "ahh_rata2": 73.5, "tpt_total": 6.16, "Tahun": 2024 }, "geometry": { "type": "Polygon", "coordinates": [ [ [ 108.847898136008538, -6.386453310687326 ], [ 108.967898136008543, -6.386453310687326 ], [ 108.967898136008543, -6.266453310687327 ], [ 108.847898136008538, -6.266453310687327 ], [ 108.847898136008538, -6.386453310687326 ] ] ] } },
{ "type": "Feature", "properties": { "Kab_kota": "Indramayu", "Provinsi": "Jawa Barat", "Pulau": "Jawa", "jumlah_penduduk": 1914037, "jumlah_lansia": 216412, "pct_lansia": 11.3066, "pct_anak": 22.1606, "rasio_lansia": 16.994, "p0_miskin": 11.93, "rls": 6.95, "pengeluaran": 11010, "ahh_laki": 70.8, "ahh_perempuan": 74.83, "ahh_rata2": 72.82, "tpt_total": 6.25, "Tahun": 2024 }, "geometry": { "type": "Polygon", "coordinates": [ [ [ 107.871081550617788, -5.866072032032925 ], [ 107.991081550617793, -5.866072032032925 ], [ 107.991081550617793, -5.746072032032925 ], [ 107.871081550617788, -5.746072032032925 ], [ 107.871081550617788, -5.866072032032925 ] ] ] } },
{ "type": "Feature", "properties": { "Kab_kota": "Subang", "Provinsi": "Jawa Barat", "Pulau": "Jawa", "jumlah_penduduk": 1663156, "jumlah_lansia": 230825, "pct_lansia": 13.8787, "pct_anak": 21.3561, "rasio_lansia": 21.4293, "p0_miskin": 9.49, "rls": 7.46, "pengeluaran": 11894, "ahh_laki": 71.34, "ahh_perempuan": 75.8, "ahh_rata2": 73.57, "tpt_total": 6.73, "Tahun": 2024 }, "geometry": { "type": "Polygon", "coordinates": [ [ [ 106.59488484346187, -6.217572147119983 ], [ 106.714884843461874, -6.217572147119983 ], [ 106.714884843461874, -6.097572147119983 ], [ 106.59488484346187, -6.097572147119983 ], [ 106.59488484346187, -6.217572147119983 ] ] ] } },
{ "type": "Feature", "properties": { "Kab_kota": "Purwakarta", "Provinsi": "Jawa Barat", "Pulau": "Jawa", "jumlah_penduduk": 1050344, "jumlah_lansia": 106210, "pct_lansia": 10.1119, "pct_anak": 24.5298, "rasio_lansia": 15.4715, "p0_miskin": 8.41, "rls": 8.14, "pengeluaran": 13099, "ahh_laki": 70.04, "ahh_perempuan": 74.04, "ahh_rata2": 72.04, "tpt_total": 7.34, "Tahun": 2024 }, "geometry": { "type": "Polygon", "coordinates": [ [ [ 106.316907628563172, -7.29593682789746 ], [ 106.436907628563176, -7.29593682789746 ], [ 106.436907628563176, -7.175936827897461 ], [ 106.316907628563172, -7.175936827897461 ], [ 106.316907628563172, -7.29593682789746 ] ] ] } },
{ "type": "Feature", "properties": { "Kab_kota": "Karawang", "Provinsi": "Jawa Barat", "Pulau": "Jawa", "jumlah_penduduk": 2554384, "jumlah_lansia": 257141, "pct_lansia": 10.0667, "pct_anak": 23.2772, "rasio_lansia": 15.1024, "p0_miskin": 7.86, "rls": 8.05, "pengeluaran": 12942, "ahh_laki": 71.1, "ahh_perempuan": 75.29, "ahh_rata2": 73.19, "tpt_total": 8.04, "Tahun": 2024 }, "geometry": { "type": "Polygon", "coordinates": [ [ [ 107.267098590038543, -7.948343928622808 ], [ 107.387098590038548, -7.948343928622808 ], [ 107.387098590038548, -7.828343928622809 ], [ 107.267098590038543, -7.828343928622809 ], [ 107.267098590038543, -7.948343928622808 ] ] ] } },
{ "type": "Feature", "properties": { "Kab_kota": "Bekasi", "Provinsi": "Jawa Barat", "Pulau": "Jawa", "jumlah_penduduk": 3273868, "jumlah_lansia": 246041, "pct_lansia": 7.5153, "pct_anak": 24.1364, "rasio_lansia": 10.9956, "p0_miskin": 4.8, "rls": 9.76, "pengeluaran": 12500, "ahh_laki": 72.75, "ahh_perempuan": 76.55, "ahh_rata2": 74.65, "tpt_total": 8.82, "Tahun": 2024 }, "geometry": { "type": "Polygon", "coordinates": [ [ [ 108.461019152920485, -7.85501222279001 ], [ 108.58101915292049, -7.85501222279001 ], [ 108.58101915292049, -7.735012222790011 ], [ 108.461019152920485, -7.735012222790011 ], [ 108.461019152920485, -7.85501222279001 ] ] ] } },
{ "type": "Feature", "properties": { "Kab_kota": "Bandung Barat", "Provinsi": "Jawa Barat", "Pulau": "Jawa", "jumlah_penduduk": 1884191, "jumlah_lansia": 203828, "pct_lansia": 10.8178, "pct_anak": 23.9182, "rasio_lansia": 16.5754, "p0_miskin": 10.49, "rls": 8.24, "pengeluaran": 9583, "ahh_laki": 71.23, "ahh_perempuan": 75.56, "ahh_rata2": 73.4, "tpt_total": 6.7, "Tahun": 2024 }, "geometry": { "type": "Polygon", "coordinates": [ [ [ 108.654105919814853, -6.923579975460362 ], [ 108.774105919814858, -6.923579975460362 ], [ 108.774105919814858, -6.803579975460363 ], [ 108.654105919814853, -6.803579975460363 ], [ 108.654105919814853, -6.923579975460362 ] ] ] } },
{ "type": "Feature", "properties": { "Kab_kota": "Pangandaran", "Provinsi": "Jawa Barat", "Pulau": "Jawa", "jumlah_penduduk": 434104, "jumlah_lansia": 73525, "pct_lansia": 16.9372, "pct_anak": 20.6328, "rasio_lansia": 27.1299, "p0_miskin": 8.75, "rls": 8.1, "pengeluaran": 9654, "ahh_laki": 70.45, "ahh_perempuan": 74.46, "ahh_rata2": 72.46, "tpt_total": 1.58, "Tahun": 2024 }, "geometry": { "type": "Polygon", "coordinates": [ [ [ 108.054816117044865, -6.077432879790866 ], [ 108.17481611704487, -6.077432879790866 ], [ 108.17481611704487, -5.957432879790867 ], [ 108.054816117044865, -5.957432879790867 ], [ 108.054816117044865, -6.077432879790866 ] ] ] } },
{ "type": "Feature", "properties": { "Kab_kota": "Kota Bogor", "Provinsi": "Jawa Barat", "Pulau": "Jawa", "jumlah_penduduk": 1078351, "jumlah_lansia": 120085, "pct_lansia": 11.136, "pct_anak": 22.7341, "rasio_lansia": 16.8395, "p0_miskin": 6.53, "rls": 10.71, "pengeluaran": 13154, "ahh_laki": 72.89, "ahh_perempuan": 76.69, "ahh_rata2": 74.79, "tpt_total": 8.13, "Tahun": 2024 }, "geometry": { "type": "Polygon", "coordinates": [ [ [ 106.820647920192343, -6.066304103446696 ], [ 106.940647920192347, -6.066304103446696 ], [ 106.940647920192347, -5.946304103446697 ], [ 106.820647920192343, -5.946304103446697 ], [ 106.820647920192343, -6.066304103446696 ] ] ] } },
{ "type": "Feature", "properties": { "Kab_kota": "Kota Sukabumi", "Provinsi": "Jawa Barat", "Pulau": "Jawa", "jumlah_penduduk": 365735, "jumlah_lansia": 42026, "pct_lansia": 11.4908, "pct_anak": 23.9849, "rasio_lansia": 17.8085, "p0_miskin": 7.2, "rls": 10.38, "pengeluaran": 12252, "ahh_laki": 71.23, "ahh_perempuan": 75.57, "ahh_rata2": 73.4, "tpt_total": 8.34, "Tahun": 2024 }, "geometry": { "type": "Polygon", "coordinates": [ [ [ 106.307779716717349, -6.851460520630441 ], [ 106.427779716717353, -6.851460520630441 ], [ 106.427779716717353, -6.731460520630442 ], [ 106.307779716717349, -6.731460520630442 ], [ 106.307779716717349, -6.851460520630441 ] ] ] } },
{ "type": "Feature", "properties": { "Kab_kota": "Kota Bandung", "Provinsi": "Jawa Barat", "Pulau": "Jawa", "jumlah_penduduk": 2528163, "jumlah_lansia": 317897, "pct_lansia": 12.5742, "pct_anak": 21.248, "rasio_lansia": 19.0007, "p0_miskin": 3.87, "rls": 11.07, "pengeluaran": 18795, "ahh_laki": 73.5, "ahh_perempuan": 77.24, "ahh_rata2": 75.37, "tpt_total": 7.4, "Tahun": 2024 }, "geometry": { "type": "Polygon", "coordinates": [ [ [ 106.717482205418804, -7.913055025842139 ], [ 106.837482205418809, -7.913055025842139 ], [ 106.837482205418809, -7.79305502584214 ], [ 106.717482205418804, -7.79305502584214 ], [ 106.717482205418804, -7.913055025842139 ] ] ] } },
{ "type": "Feature", "properties": { "Kab_kota": "Kota Cirebon", "Provinsi": "Jawa Barat", "Pulau": "Jawa", "jumlah_penduduk": 344851, "jumlah_lansia": 40617, "pct_lansia": 11.7781, "pct_anak": 22.8728, "rasio_lansia": 18.0234, "p0_miskin": 9.02, "rls": 10.53, "pengeluaran": 12869, "ahh_laki": 71.22, "ahh_perempuan": 75.55, "ahh_rata2": 73.38, "tpt_total": 6.29, "Tahun": 2024 }, "geometry": { "type": "Polygon", "coordinates": [ [ [ 107.866258989418768, -8.030479336280068 ], [ 107.986258989418772, -8.030479336280068 ], [ 107.986258989418772, -7.910479336280069 ], [ 107.866258989418768, -7.910479336280069 ], [ 107.866258989418768, -8.030479336280068 ] ] ] } },
{ "type": "Feature", "properties": { "Kab_kota": "Kota Bekasi", "Provinsi": "Jawa Barat", "Pulau": "Jawa", "jumlah_penduduk": 2644058, "jumlah_lansia": 280895, "pct_lansia": 10.6236, "pct_anak": 22.215, "rasio_lansia": 15.8181, "p0_miskin": 4.01, "rls": 11.79, "pengeluaran": 16775, "ahh_laki": 74.29, "ahh_perempuan": 77.75, "ahh_rata2": 76.02, "tpt_total": 7.82, "Tahun": 2024 }, "geometry": { "type": "Polygon", "coordinates": [ [ [ 108.828844122504677, -7.319227841582616 ], [ 108.948844122504681, -7.319227841582616 ], [ 108.948844122504681, -7.199227841582617 ], [ 108.828844122504677, -7.199227841582617 ], [ 108.828844122504677, -7.319227841582616 ] ] ] } },
{ "type": "Feature", "properties": { "Kab_kota": "Kota Depok", "Provinsi": "Jawa Barat", "Pulau": "Jawa", "jumlah_penduduk": 2163635, "jumlah_lansia": 216208, "pct_lansia": 9.9928, "pct_anak": 23.0819, "rasio_lansia": 14.9313, "p0_miskin": 2.34, "rls": 11.59, "pengeluaran": 16640, "ahh_laki": 73.68, "ahh_perempuan": 77.41, "ahh_rata2": 75.54, "tpt_total": 6.27, "Tahun": 2024 }, "geometry": { "type": "Polygon", "coordinates": [ [ [ 108.339670138299866, -6.103188351855065 ], [ 108.45967013829987, -6.103188351855065 ], [ 108.45967013829987, -5.983188351855066 ], [ 108.339670138299866, -5.983188351855066 ], [ 108.339670138299866, -6.103188351855065 ] ] ] } },
{ "type": "Feature", "properties": { "Kab_kota": "Kota Cimahi", "Provinsi": "Jawa Barat", "Pulau": "Jawa", "jumlah_penduduk": 598698, "jumlah_lansia": 65902, "pct_lansia": 11.0076, "pct_anak": 21.8626, "rasio_lansia": 16.3974, "p0_miskin": 4.39, "rls": 11.52, "pengeluaran": 13278, "ahh_laki": 73.23, "ahh_perempuan": 77.01, "ahh_rata2": 75.12, "tpt_total": 8.97, "Tahun": 2024 }, "geometry": { "type": "Polygon", "coordinates": [ [ [ 107.378532232305758, -5.788403227033167 ], [ 107.498532232305763, -5.788403227033167 ], [ 107.498532232305763, -5.668403227033168 ], [ 107.378532232305758, -5.668403227033168 ], [ 107.378532232305758, -5.788403227033167 ] ] ] } },
{ "type": "Feature", "properties": { "Kab_kota": "Kota Tasikmalaya", "Provinsi": "Jawa Barat", "Pulau": "Jawa", "jumlah_penduduk": 750727, "jumlah_lansia": 88540, "pct_lansia": 11.7939, "pct_anak": 23.7395, "rasio_lansia": 18.2946, "p0_miskin": 11.1, "rls": 9.63, "pengeluaran": 11431, "ahh_laki": 71.11, "ahh_perempuan": 75.32, "ahh_rata2": 73.22, "tpt_total": 6.49, "Tahun": 2024 }, "geometry": { "type": "Polygon", "coordinates": [ [ [ 106.465779043897442, -6.396701735295817 ], [ 106.585779043897446, -6.396701735295817 ], [ 106.585779043897446, -6.276701735295818 ], [ 106.465779043897442, -6.276701735295818 ], [ 106.465779043897442, -6.396701735295817 ] ] ] } },
{ "type": "Feature", "properties": { "Kab_kota": "Kota Banjar", "Provinsi": "Jawa Barat", "Pulau": "Jawa", "jumlah_penduduk": 209791, "jumlah_lansia": 30234, "pct_lansia": 14.4115, "pct_anak": 22.2669, "rasio_lansia": 22.7592, "p0_miskin": 5.85, "rls": 8.83, "pengeluaran": 11811, "ahh_laki": 70.08, "ahh_perempuan": 74.08, "ahh_rata2": 72.08, "tpt_total": 5.44, "Tahun": 2024 }, "geometry": { "type": "Polygon", "coordinates": [ [ [ 106.699605405626968, -7.806854173509188 ], [ 106.819605405626973, -7.806854173509188 ], [ 106.819605405626973, -7.686854173509189 ], [ 106.699605405626968, -7.686854173509189 ], [ 106.699605405626968, -7.806854173509188 ] ] ] } },
{ "type": "Feature", "properties": { "Kab_kota": "Cilacap", "Provinsi": "Jawa Tengah", "Pulau": "Jawa", "jumlah_penduduk": 2027379, "jumlah_lansia": 287358, "pct_lansia": 14.1739, "pct_anak": 21.768, "rasio_lansia": 22.1266, "p0_miskin": 10.68, "rls": 7.4, "pengeluaran": 11868, "ahh_laki": 72.79, "ahh_perempuan": 76.58, "ahh_rata2": 74.68, "tpt_total": 7.83, "Tahun": 2024 }, "geometry": { "type": "Polygon", "coordinates": [ [ [ 110.050659905994891, -8.296397621048698 ], [ 110.170659905994896, -8.296397621048698 ], [ 110.170659905994896, -8.176397621048697 ], [ 110.050659905994891, -8.176397621048697 ], [ 110.050659905994891, -8.296397621048698 ] ] ] } },
{ "type": "Feature", "properties": { "Kab_kota": "Banyumas", "Provinsi": "Jawa Tengah", "Pulau": "Jawa", "jumlah_penduduk": 1847097, "jumlah_lansia": 269615, "pct_lansia": 14.5967, "pct_anak": 21.726, "rasio_lansia": 22.9229, "p0_miskin": 11.95, "rls": 7.91, "pengeluaran": 12960, "ahh_laki": 72.56, "ahh_perempuan": 76.32, "ahh_rata2": 74.44, "tpt_total": 6.18, "Tahun": 2024 }, "geometry": { "type": "Polygon", "coordinates": [ [ [ 111.121917454587134, -7.653298714943316 ], [ 111.241917454587139, -7.653298714943316 ], [ 111.241917454587139, -7.533298714943316 ], [ 111.121917454587134, -7.533298714943316 ], [ 111.121917454587134, -7.653298714943316 ] ] ] } },
{ "type": "Feature", "properties": { "Kab_kota": "Purbalingga", "Provinsi": "Jawa Tengah", "Pulau": "Jawa", "jumlah_penduduk": 1037637, "jumlah_lansia": 141309, "pct_lansia": 13.6183, "pct_anak": 22.6839, "rasio_lansia": 21.3796, "p0_miskin": 14.18, "rls": 7.36, "pengeluaran": 11343, "ahh_laki": 71.78, "ahh_perempuan": 75.86, "ahh_rata2": 73.82, "tpt_total": 4.96, "Tahun": 2024 }, "geometry": { "type": "Polygon", "coordinates": [ [ [ 111.025825156156429, -6.519011790762867 ], [ 111.145825156156434, -6.519011790762867 ], [ 111.145825156156434, -6.399011790762867 ], [ 111.025825156156429, -6.399011790762867 ], [ 111.025825156156429, -6.519011790762867 ] ] ] } },
{ "type": "Feature", "properties": { "Kab_kota": "Banjarnegara", "Provinsi": "Jawa Tengah", "Pulau": "Jawa", "jumlah_penduduk": 1057562, "jumlah_lansia": 150330, "pct_lansia": 14.2148, "pct_anak": 22.2303, "rasio_lansia": 22.3661, "p0_miskin": 14.71, "rls": 6.87, "pengeluaran": 10595, "ahh_laki": 72.98, "ahh_perempuan": 76.77, "ahh_rata2": 74.88, "tpt_total": 5.57, "Tahun": 2024 }, "geometry": { "type": "Polygon", "coordinates": [ [ [ 110.341347077738703, -6.080508757696209 ], [ 110.461347077738708, -6.080508757696209 ], [ 110.461347077738708, -5.96050875769621 ], [ 110.341347077738703, -5.96050875769621 ], [ 110.341347077738703, -6.080508757696209 ] ] ] } },
{ "type": "Feature", "properties": { "Kab_kota": "Kebumen", "Provinsi": "Jawa Tengah", "Pulau": "Jawa", "jumlah_penduduk": 1414754, "jumlah_lansia": 207918, "pct_lansia": 14.6964, "pct_anak": 21.9988, "rasio_lansia": 23.2153, "p0_miskin": 15.71, "rls": 7.87, "pengeluaran": 10176, "ahh_laki": 72.45, "ahh_perempuan": 76.18, "ahh_rata2": 74.32, "tpt_total": 5.07, "Tahun": 2024 }, "geometry": { "type": "Polygon", "coordinates": [ [ [ 109.224899060349017, -6.433883712586365 ], [ 109.344899060349022, -6.433883712586365 ], [ 109.344899060349022, -6.313883712586366 ], [ 109.224899060349017, -6.313883712586366 ], [ 109.224899060349017, -6.433883712586365 ] ] ] } },
{ "type": "Feature", "properties": { "Kab_kota": "Purworejo", "Provinsi": "Jawa Tengah", "Pulau": "Jawa", "jumlah_penduduk": 795033, "jumlah_lansia": 138649, "pct_lansia": 17.4394, "pct_anak": 20.3056, "rasio_lansia": 28.0128, "p0_miskin": 10.87, "rls": 8.65, "pengeluaran": 11584, "ahh_laki": 74.03, "ahh_perempuan": 77.49, "ahh_rata2": 75.76, "tpt_total": 3.89, "Tahun": 2024 }, "geometry": { "type": "Polygon", "coordinates": [ [ [ 108.840154000014678, -7.561476291893963 ], [ 108.960154000014683, -7.561476291893963 ], [ 108.960154000014683, -7.441476291893964 ], [ 108.840154000014678, -7.441476291893964 ], [ 108.840154000014678, -7.561476291893963 ] ] ] } },
{ "type": "Feature", "properties": { "Kab_kota": "Wonosobo", "Provinsi": "Jawa Tengah", "Pulau": "Jawa", "jumlah_penduduk": 920506, "jumlah_lansia": 123391, "pct_lansia": 13.4047, "pct_anak": 22.4329, "rasio_lansia": 20.8918, "p0_miskin": 15.28, "rls": 6.9, "pengeluaran": 11980, "ahh_laki": 70.44, "ahh_perempuan": 74.45, "ahh_rata2": 72.44, "tpt_total": 4.02, "Tahun": 2024 }, "geometry": { "type": "Polygon", "coordinates": [ [ [ 109.956142267695654, -8.39677239016792 ], [ 110.076142267695658, -8.39677239016792 ], [ 110.076142267695658, -8.276772390167919 ], [ 109.956142267695654, -8.276772390167919 ], [ 109.956142267695654, -8.39677239016792 ] ] ] } },
{ "type": "Feature", "properties": { "Kab_kota": "Magelang", "Provinsi": "Jawa Tengah", "Pulau": "Jawa", "jumlah_penduduk": 1341447, "jumlah_lansia": 200202, "pct_lansia": 14.9243, "pct_anak": 21.174, "rasio_lansia": 23.3552, "p0_miskin": 10.83, "rls": 7.83, "pengeluaran": 10926, "ahh_laki": 72.76, "ahh_perempuan": 76.55, "ahh_rata2": 74.66, "tpt_total": 3.55, "Tahun": 2024 }, "geometry": { "type": "Polygon", "coordinates": [ [ [ 110.736866268990312, -7.983749544358441 ], [ 110.856866268990316, -7.983749544358441 ], [ 110.856866268990316, -7.863749544358442 ], [ 110.736866268990312, -7.863749544358442 ], [ 110.736866268990312, -7.983749544358441 ] ] ] } },
{ "type": "Feature", "properties": { "Kab_kota": "Boyolali", "Provinsi": "Jawa Tengah", "Pulau": "Jawa", "jumlah_penduduk": 1099850, "jumlah_lansia": 166403, "pct_lansia": 15.1296, "pct_anak": 21.8539, "rasio_lansia": 24.009, "p0_miskin": 9.63, "rls": 8.17, "pengeluaran": 14195, "ahh_laki": 74.75, "ahh_perempuan": 78.55, "ahh_rata2": 76.65, "tpt_total": 3.16, "Tahun": 2024 }, "geometry": { "type": "Polygon", "coordinates": [ [ [ 111.18976512558875, -7.112591301345994 ], [ 111.309765125588754, -7.112591301345994 ], [ 111.309765125588754, -6.992591301345995 ], [ 111.18976512558875, -6.992591301345995 ], [ 111.18976512558875, -7.112591301345994 ] ] ] } },
{ "type": "Feature", "properties": { "Kab_kota": "Klaten", "Provinsi": "Jawa Tengah", "Pulau": "Jawa", "jumlah_penduduk": 1292800, "jumlah_lansia": 210027, "pct_lansia": 16.2459, "pct_anak": 20.0619, "rasio_lansia": 25.5069, "p0_miskin": 12.04, "rls": 9.29, "pengeluaran": 13513, "ahh_laki": 75.58, "ahh_perempuan": 79.33, "ahh_rata2": 77.46, "tpt_total": 3.97, "Tahun": 2024 }, "geometry": { "type": "Polygon", "coordinates": [ [ [ 110.487735941684448, -5.905717717468646 ], [ 110.607735941684453, -5.905717717468646 ], [ 110.607735941684453, -5.785717717468647 ], [ 110.487735941684448, -5.785717717468647 ], [ 110.487735941684448, -5.905717717468646 ] ] ] } },
{ "type": "Feature", "properties": { "Kab_kota": "Sukoharjo", "Provinsi": "Jawa Tengah", "Pulau": "Jawa", "jumlah_penduduk": 941650, "jumlah_lansia": 137295, "pct_lansia": 14.5803, "pct_anak": 20.6893, "rasio_lansia": 22.5246, "p0_miskin": 7.47, "rls": 10.01, "pengeluaran": 12758, "ahh_laki": 76.37, "ahh_perempuan": 80.38, "ahh_rata2": 78.38, "tpt_total": 3.65, "Tahun": 2024 }, "geometry": { "type": "Polygon", "coordinates": [ [ [ 109.297807250603896, -6.34786248152429 ], [ 109.4178072506039, -6.34786248152429 ], [ 109.4178072506039, -6.227862481524291 ], [ 109.297807250603896, -6.227862481524291 ], [ 109.297807250603896, -6.34786248152429 ] ] ] } },
{ "type": "Feature", "properties": { "Kab_kota": "Wonogiri", "Provinsi": "Jawa Tengah", "Pulau": "Jawa", "jumlah_penduduk": 1054145, "jumlah_lansia": 218792, "pct_lansia": 20.7554, "pct_anak": 17.7468, "rasio_lansia": 33.7498, "p0_miskin": 10.71, "rls": 7.68, "pengeluaran": 10634, "ahh_laki": 74.95, "ahh_perempuan": 78.84, "ahh_rata2": 76.9, "tpt_total": 2.4, "Tahun": 2024 }, "geometry": { "type": "Polygon", "coordinates": [ [ [ 108.852585708904684, -7.422133258975514 ], [ 108.972585708904688, -7.422133258975514 ], [ 108.972585708904688, -7.302133258975515 ], [ 108.852585708904684, -7.302133258975515 ], [ 108.852585708904684, -7.422133258975514 ] ] ] } },
{ "type": "Feature", "properties": { "Kab_kota": "Karanganyar", "Provinsi": "Jawa Tengah", "Pulau": "Jawa", "jumlah_penduduk": 961909, "jumlah_lansia": 147151, "pct_lansia": 15.2978, "pct_anak": 21.226, "rasio_lansia": 24.1001, "p0_miskin": 9.59, "rls": 9.26, "pengeluaran": 12732, "ahh_laki": 76.25, "ahh_perempuan": 80.07, "ahh_rata2": 78.16, "tpt_total": 3.47, "Tahun": 2024 }, "geometry": { "type": "Polygon", "coordinates": [ [ [ 109.652650147897262, -8.381844427461271 ], [ 109.772650147897266, -8.381844427461271 ], [ 109.772650147897266, -8.26184442746127 ], [ 109.652650147897262, -8.26184442746127 ], [ 109.652650147897262, -8.381844427461271 ] ] ] } },
{ "type": "Feature", "properties": { "Kab_kota": "Sragen", "Provinsi": "Jawa Tengah", "Pulau": "Jawa", "jumlah_penduduk": 1004761, "jumlah_lansia": 161301, "pct_lansia": 16.0537, "pct_anak": 20.6827, "rasio_lansia": 25.3758, "p0_miskin": 12.41, "rls": 7.88, "pengeluaran": 13890, "ahh_laki": 74.45, "ahh_perempuan": 78.3, "ahh_rata2": 76.38, "tpt_total": 3.53, "Tahun": 2024 }, "geometry": { "type": "Polygon", "coordinates": [ [ [ 110.576846017382707, -8.276348517040169 ], [ 110.696846017382711, -8.276348517040169 ], [ 110.696846017382711, -8.156348517040168 ], [ 110.576846017382707, -8.156348517040168 ], [ 110.576846017382707, -8.276348517040169 ] ] ] } },
{ "type": "Feature", "properties": { "Kab_kota": "Grobogan", "Provinsi": "Jawa Tengah", "Pulau": "Jawa", "jumlah_penduduk": 1506374, "jumlah_lansia": 212589, "pct_lansia": 14.1126, "pct_anak": 22.2724, "rasio_lansia": 22.1844, "p0_miskin": 11.43, "rls": 7.29, "pengeluaran": 11548, "ahh_laki": 73.59, "ahh_perempuan": 77.35, "ahh_rata2": 75.47, "tpt_total": 3.23, "Tahun": 2024 }, "geometry": { "type": "Polygon", "coordinates": [ [ [ 111.203740094547939, -7.112011641605871 ], [ 111.323740094547944, -7.112011641605871 ], [ 111.323740094547944, -6.992011641605872 ], [ 111.203740094547939, -6.992011641605872 ], [ 111.203740094547939, -7.112011641605871 ] ] ] } },
{ "type": "Feature", "properties": { "Kab_kota": "Blora", "Provinsi": "Jawa Tengah", "Pulau": "Jawa", "jumlah_penduduk": 907993, "jumlah_lansia": 147620, "pct_lansia": 16.2578, "pct_anak": 19.2907, "rasio_lansia": 25.2249, "p0_miskin": 11.42, "rls": 7.26, "pengeluaran": 10926, "ahh_laki": 73.26, "ahh_perempuan": 77.03, "ahh_rata2": 75.15, "tpt_total": 3.67, "Tahun": 2024 }, "geometry": { "type": "Polygon", "coordinates": [ [ [ 110.607281686930008, -6.079312046943667 ], [ 110.727281686930013, -6.079312046943667 ], [ 110.727281686930013, -5.959312046943668 ], [ 110.607281686930008, -5.959312046943668 ], [ 110.607281686930008, -6.079312046943667 ] ] ] } },
{ "type": "Feature", "properties": { "Kab_kota": "Rembang", "Provinsi": "Jawa Tengah", "Pulau": "Jawa", "jumlah_penduduk": 665237, "jumlah_lansia": 97153, "pct_lansia": 14.6043, "pct_anak": 20.919, "rasio_lansia": 22.6505, "p0_miskin": 14.02, "rls": 7.73, "pengeluaran": 11830, "ahh_laki": 73.29, "ahh_perempuan": 77.1, "ahh_rata2": 75.19, "tpt_total": 2.84, "Tahun": 2024 }, "geometry": { "type": "Polygon", "coordinates": [ [ [ 109.642968710327864, -6.008082335692577 ], [ 109.762968710327868, -6.008082335692577 ], [ 109.762968710327868, -5.888082335692578 ], [ 109.642968710327864, -5.888082335692578 ], [ 109.642968710327864, -6.008082335692577 ] ] ] } },
{ "type": "Feature", "properties": { "Kab_kota": "Pati", "Provinsi": "Jawa Tengah", "Pulau": "Jawa", "jumlah_penduduk": 1370821, "jumlah_lansia": 206575, "pct_lansia": 15.0694, "pct_anak": 20.4698, "rasio_lansia": 23.3777, "p0_miskin": 9.17, "rls": 7.82, "pengeluaran": 11829, "ahh_laki": 74.84, "ahh_perempuan": 78.69, "ahh_rata2": 76.76, "tpt_total": 3.87, "Tahun": 2024 }, "geometry": { "type": "Polygon", "coordinates": [ [ [ 108.719596510210081, -6.990667144293458 ], [ 108.839596510210086, -6.990667144293458 ], [ 108.839596510210086, -6.870667144293459 ], [ 108.719596510210081, -6.870667144293459 ], [ 108.719596510210081, -6.990667144293458 ] ] ] } },
{ "type": "Feature", "properties": { "Kab_kota": "Kudus", "Provinsi": "Jawa Tengah", "Pulau": "Jawa", "jumlah_penduduk": 883322, "jumlah_lansia": 104784, "pct_lansia": 11.8625, "pct_anak": 22.4821, "rasio_lansia": 18.0678, "p0_miskin": 7.23, "rls": 9.35, "pengeluaran": 12533, "ahh_laki": 75.33, "ahh_perempuan": 79.17, "ahh_rata2": 77.25, "tpt_total": 3.19, "Tahun": 2024 }, "geometry": { "type": "Polygon", "coordinates": [ [ [ 109.17432633881721, -8.252503733124765 ], [ 109.294326338817214, -8.252503733124765 ], [ 109.294326338817214, -8.132503733124764 ], [ 109.17432633881721, -8.132503733124764 ], [ 109.17432633881721, -8.252503733124765 ] ] ] } },
{ "type": "Feature", "properties": { "Kab_kota": "Jepara", "Provinsi": "Jawa Tengah", "Pulau": "Jawa", "jumlah_penduduk": 1232880, "jumlah_lansia": 148090, "pct_lansia": 12.0117, "pct_anak": 22.547, "rasio_lansia": 18.3549, "p0_miskin": 6.09, "rls": 8.27, "pengeluaran": 11729, "ahh_laki": 74.54, "ahh_perempuan": 78.39, "ahh_rata2": 76.46, "tpt_total": 3.34, "Tahun": 2024 }, "geometry": { "type": "Polygon", "coordinates": [ [ [ 110.395888387070485, -8.201622467787519 ], [ 110.51588838707049, -8.201622467787519 ], [ 110.51588838707049, -8.081622467787518 ], [ 110.395888387070485, -8.081622467787518 ], [ 110.395888387070485, -8.201622467787519 ] ] ] } },
{ "type": "Feature", "properties": { "Kab_kota": "Demak", "Provinsi": "Jawa Tengah", "Pulau": "Jawa", "jumlah_penduduk": 1252970, "jumlah_lansia": 143484, "pct_lansia": 11.4515, "pct_anak": 23.4815, "rasio_lansia": 17.5996, "p0_miskin": 11.89, "rls": 8.28, "pengeluaran": 11591, "ahh_laki": 74.07, "ahh_perempuan": 77.88, "ahh_rata2": 75.97, "tpt_total": 4.75, "Tahun": 2024 }, "geometry": { "type": "Polygon", "coordinates": [ [ [ 111.25433462455355, -7.669316096376803 ], [ 111.374334624553555, -7.669316096376803 ], [ 111.374334624553555, -7.549316096376804 ], [ 111.25433462455355, -7.549316096376804 ], [ 111.25433462455355, -7.669316096376803 ] ] ] } },
{ "type": "Feature", "properties": { "Kab_kota": "Semarang", "Provinsi": "Jawa Tengah", "Pulau": "Jawa", "jumlah_penduduk": 1089767, "jumlah_lansia": 150000, "pct_lansia": 13.7644, "pct_anak": 21.4887, "rasio_lansia": 21.2588, "p0_miskin": 6.96, "rls": 8.16, "pengeluaran": 13377, "ahh_laki": 74.41, "ahh_perempuan": 78.26, "ahh_rata2": 76.34, "tpt_total": 3.73, "Tahun": 2024 }, "geometry": { "type": "Polygon", "coordinates": [ [ [ 110.898068248612702, -6.597565869256636 ], [ 111.018068248612707, -6.597565869256636 ], [ 111.018068248612707, -6.477565869256637 ], [ 110.898068248612702, -6.477565869256637 ], [ 110.898068248612702, -6.597565869256636 ] ] ] } },
{ "type": "Feature", "properties": { "Kab_kota": "Temanggung", "Provinsi": "Jawa Tengah", "Pulau": "Jawa", "jumlah_penduduk": 814879, "jumlah_lansia": 125145, "pct_lansia": 15.3575, "pct_anak": 21.1958, "rasio_lansia": 24.2053, "p0_miskin": 8.67, "rls": 7.53, "pengeluaran": 10519, "ahh_laki": 74.24, "ahh_perempuan": 78.08, "ahh_rata2": 76.16, "tpt_total": 2.35, "Tahun": 2024 }, "geometry": { "type": "Polygon", "coordinates": [ [ [ 110.124853971069086, -6.070413123668127 ], [ 110.244853971069091, -6.070413123668127 ], [ 110.244853971069091, -5.950413123668127 ], [ 110.124853971069086, -5.950413123668127 ], [ 110.124853971069086, -6.070413123668127 ] ] ] } },
{ "type": "Feature", "properties": { "Kab_kota": "Kendal", "Provinsi": "Jawa Tengah", "Pulau": "Jawa", "jumlah_penduduk": 1064812, "jumlah_lansia": 138195, "pct_lansia": 12.9783, "pct_anak": 21.6647, "rasio_lansia": 19.8576, "p0_miskin": 9.35, "rls": 7.74, "pengeluaran": 13277, "ahh_laki": 73.14, "ahh_perempuan": 76.9, "ahh_rata2": 75.02, "tpt_total": 5.01, "Tahun": 2024 }, "geometry": { "type": "Polygon", "coordinates": [ [ [ 108.938407638603891, -6.645877087048599 ], [ 109.058407638603896, -6.645877087048599 ], [ 109.058407638603896, -6.5258770870486 ], [ 108.938407638603891, -6.5258770870486 ], [ 108.938407638603891, -6.645877087048599 ] ] ] } },
{ "type": "Feature", "properties": { "Kab_kota": "Batang", "Provinsi": "Jawa Tengah", "Pulau": "Jawa", "jumlah_penduduk": 838187, "jumlah_lansia": 104196, "pct_lansia": 12.4311, "pct_anak": 23.1191, "rasio_lansia": 19.2881, "p0_miskin": 8.73, "rls": 7.08, "pengeluaran": 10919, "ahh_laki": 73.42, "ahh_perempuan": 77.17, "ahh_rata2": 75.3, "tpt_total": 5.67, "Tahun": 2024 }, "geometry": { "type": "Polygon", "coordinates": [ [ [ 109.161327316937076, -7.620056774592895 ], [ 109.28132731693708, -7.620056774592895 ], [ 109.28132731693708, -7.500056774592895 ], [ 109.161327316937076, -7.500056774592895 ], [ 109.161327316937076, -7.620056774592895 ] ] ] } },
{ "type": "Feature", "properties": { "Kab_kota": "Pekalongan", "Provinsi": "Jawa Tengah", "Pulau": "Jawa", "jumlah_penduduk": 1019006, "jumlah_lansia": 120723, "pct_lansia": 11.8471, "pct_anak": 23.6891, "rasio_lansia": 18.378, "p0_miskin": 8.95, "rls": 7.48, "pengeluaran": 11701, "ahh_laki": 72.4, "ahh_perempuan": 76.24, "ahh_rata2": 74.32, "tpt_total": 3.3, "Tahun": 2024 }, "geometry": { "type": "Polygon", "coordinates": [ [ [ 110.200172381073997, -8.479726935435156 ], [ 110.320172381074002, -8.479726935435156 ], [ 110.320172381074002, -8.359726935435155 ], [ 110.200172381073997, -8.359726935435155 ], [ 110.200172381073997, -8.479726935435156 ] ] ] } },
{ "type": "Feature", "properties": { "Kab_kota": "Pemalang", "Provinsi": "Jawa Tengah", "Pulau": "Jawa", "jumlah_penduduk": 1541685, "jumlah_lansia": 184889, "pct_lansia": 11.9927, "pct_anak": 22.966, "rasio_lansia": 18.4385, "p0_miskin": 14.92, "rls": 6.56, "pengeluaran": 10017, "ahh_laki": 72.38, "ahh_perempuan": 76.21, "ahh_rata2": 74.29, "tpt_total": 6.63, "Tahun": 2024 }, "geometry": { "type": "Polygon", "coordinates": [ [ [ 111.01459720384203, -7.721284304651652 ], [ 111.134597203842034, -7.721284304651652 ], [ 111.134597203842034, -7.601284304651653 ], [ 111.01459720384203, -7.601284304651653 ], [ 111.01459720384203, -7.721284304651652 ] ] ] } },
{ "type": "Feature", "properties": { "Kab_kota": "Tegal", "Provinsi": "Jawa Tengah", "Pulau": "Jawa", "jumlah_penduduk": 1674803, "jumlah_lansia": 182325, "pct_lansia": 10.8864, "pct_anak": 23.8875, "rasio_lansia": 16.6902, "p0_miskin": 6.81, "rls": 7.36, "pengeluaran": 10972, "ahh_laki": 70.2, "ahh_perempuan": 74.21, "ahh_rata2": 72.2, "tpt_total": 7.53, "Tahun": 2024 }, "geometry": { "type": "Polygon", "coordinates": [ [ [ 111.160614975885551, -6.712691417192977 ], [ 111.280614975885555, -6.712691417192977 ], [ 111.280614975885555, -6.592691417192977 ], [ 111.160614975885551, -6.592691417192977 ], [ 111.160614975885551, -6.712691417192977 ] ] ] } },
{ "type": "Feature", "properties": { "Kab_kota": "Brebes", "Provinsi": "Jawa Tengah", "Pulau": "Jawa", "jumlah_penduduk": 2065501, "jumlah_lansia": 237138, "pct_lansia": 11.4809, "pct_anak": 23.0464, "rasio_lansia": 17.5354, "p0_miskin": 15.6, "rls": 6.41, "pengeluaran": 11389, "ahh_laki": 68.37, "ahh_perempuan": 72.31, "ahh_rata2": 70.34, "tpt_total": 8.35, "Tahun": 2024 }, "geometry": { "type": "Polygon", "coordinates": [ [ [ 110.150701900668409, -6.131666011355104 ], [ 110.270701900668413, -6.131666011355104 ], [ 110.270701900668413, -6.011666011355105 ], [ 110.150701900668409, -6.011666011355105 ], [ 110.150701900668409, -6.131666011355104 ] ] ] } },
{ "type": "Feature", "properties": { "Kab_kota": "Kota Magelang", "Provinsi": "Jawa Tengah", "Pulau": "Jawa", "jumlah_penduduk": 122431, "jumlah_lansia": 20642, "pct_lansia": 16.8601, "pct_anak": 18.47, "rasio_lansia": 26.071, "p0_miskin": 5.94, "rls": 11.43, "pengeluaran": 13619, "ahh_laki": 75.7, "ahh_perempuan": 79.53, "ahh_rata2": 77.62, "tpt_total": 4.4, "Tahun": 2024 }, "geometry": { "type": "Polygon", "coordinates": [ [ [ 109.127309840640237, -6.470185675538973 ], [ 109.247309840640241, -6.470185675538973 ], [ 109.247309840640241, -6.350185675538974 ], [ 109.127309840640237, -6.350185675538974 ], [ 109.127309840640237, -6.470185675538973 ] ] ] } },
{ "type": "Feature", "properties": { "Kab_kota": "Kota Surakarta", "Provinsi": "Jawa Tengah", "Pulau": "Jawa", "jumlah_penduduk": 528044, "jumlah_lansia": 81108, "pct_lansia": 15.3601, "pct_anak": 19.7343, "rasio_lansia": 23.6653, "p0_miskin": 8.31, "rls": 11.25, "pengeluaran": 16291, "ahh_laki": 76.1, "ahh_perempuan": 79.94, "ahh_rata2": 78.02, "tpt_total": 4.61, "Tahun": 2024 }, "geometry": { "type": "Polygon", "coordinates": [ [ [ 108.785883990667017, -7.525142299422977 ], [ 108.905883990667022, -7.525142299422977 ], [ 108.905883990667022, -7.405142299422978 ], [ 108.785883990667017, -7.405142299422978 ], [ 108.785883990667017, -7.525142299422977 ] ] ] } },
{ "type": "Feature", "properties": { "Kab_kota": "Kota Salatiga", "Provinsi": "Jawa Tengah", "Pulau": "Jawa", "jumlah_penduduk": 201270, "jumlah_lansia": 28064, "pct_lansia": 13.9435, "pct_anak": 20.9857, "rasio_lansia": 21.4281, "p0_miskin": 4.57, "rls": 11.48, "pengeluaran": 17096, "ahh_laki": 76.4, "ahh_perempuan": 80.25, "ahh_rata2": 78.32, "tpt_total": 3.86, "Tahun": 2024 }, "geometry": { "type": "Polygon", "coordinates": [ [ [ 109.520487588964258, -8.160402071469495 ], [ 109.640487588964262, -8.160402071469495 ], [ 109.640487588964262, -8.040402071469494 ], [ 109.520487588964258, -8.040402071469494 ], [ 109.520487588964258, -8.160402071469495 ] ] ] } },
{ "type": "Feature", "properties": { "Kab_kota": "Kota Semarang", "Provinsi": "Jawa Tengah", "Pulau": "Jawa", "jumlah_penduduk": 1708833, "jumlah_lansia": 221043, "pct_lansia": 12.9353, "pct_anak": 20.8773, "rasio_lansia": 19.5435, "p0_miskin": 4.03, "rls": 11.05, "pengeluaran": 16990, "ahh_laki": 76.37, "ahh_perempuan": 80.22, "ahh_rata2": 78.3, "tpt_total": 5.82, "Tahun": 2024 }, "geometry": { "type": "Polygon", "coordinates": [ [ [ 110.792065434797308, -8.109314276536297 ], [ 110.912065434797313, -8.109314276536297 ], [ 110.912065434797313, -7.989314276536297 ], [ 110.792065434797308, -7.989314276536297 ], [ 110.792065434797308, -8.109314276536297 ] ] ] } },
{ "type": "Feature", "properties": { "Kab_kota": "Kota Pekalongan", "Provinsi": "Jawa Tengah", "Pulau": "Jawa", "jumlah_penduduk": 321095, "jumlah_lansia": 36528, "pct_lansia": 11.3761, "pct_anak": 23.1097, "rasio_lansia": 17.3643, "p0_miskin": 6.71, "rls": 9.34, "pengeluaran": 14547, "ahh_laki": 73.19, "ahh_perempuan": 76.93, "ahh_rata2": 75.06, "tpt_total": 4.91, "Tahun": 2024 }, "geometry": { "type": "Polygon", "coordinates": [ [ [ 111.224398918215769, -7.135414325424324 ], [ 111.344398918215774, -7.135414325424324 ], [ 111.344398918215774, -7.015414325424325 ], [ 111.224398918215769, -7.015414325424325 ], [ 111.224398918215769, -7.135414325424324 ] ] ] } },
{ "type": "Feature", "properties": { "Kab_kota": "Kota Tegal", "Provinsi": "Jawa Tengah", "Pulau": "Jawa", "jumlah_penduduk": 285843, "jumlah_lansia": 33014, "pct_lansia": 11.5497, "pct_anak": 22.8244, "rasio_lansia": 17.5993, "p0_miskin": 7.64, "rls": 9.28, "pengeluaran": 14358, "ahh_laki": 73.23, "ahh_perempuan": 76.97, "ahh_rata2": 75.1, "tpt_total": 5.88, "Tahun": 2024 }, "geometry": { "type": "Polygon", "coordinates": [ [ [ 110.549053387871226, -6.000447558476512 ], [ 110.66905338787123, -6.000447558476512 ], [ 110.66905338787123, -5.880447558476513 ], [ 110.549053387871226, -5.880447558476513 ], [ 110.549053387871226, -6.000447558476512 ] ] ] } },
{ "type": "Feature", "properties": { "Kab_kota": "Kulon Progo", "Provinsi": "DI Yogyakarta", "Pulau": "Jawa", "jumlah_penduduk": 445315, "jumlah_lansia": 85505, "pct_lansia": 19.201, "pct_anak": 19.7321, "rasio_lansia": 31.4426, "p0_miskin": 15.62, "rls": 9.2, "pengeluaran": 10990, "ahh_laki": 73.87, "ahh_perempuan": 77.57, "ahh_rata2": 75.72, "tpt_total": 2.01, "Tahun": 2024 }, "geometry": { "type": "Polygon", "coordinates": [ [ [ 109.88286070887635, -7.004628531182932 ], [ 110.002860708876355, -7.004628531182932 ], [ 110.002860708876355, -6.884628531182932 ], [ 109.88286070887635, -6.884628531182932 ], [ 109.88286070887635, -7.004628531182932 ] ] ] } },
{ "type": "Feature", "properties": { "Kab_kota": "Bantul", "Provinsi": "DI Yogyakarta", "Pulau": "Jawa", "jumlah_penduduk": 1017750, "jumlah_lansia": 165320, "pct_lansia": 16.2437, "pct_anak": 20.3607, "rasio_lansia": 25.6227, "p0_miskin": 11.66, "rls": 9.81, "pengeluaran": 16851, "ahh_laki": 72.43, "ahh_perempuan": 76.28, "ahh_rata2": 74.36, "tpt_total": 3.62, "Tahun": 2024 }, "geometry": { "type": "Polygon", "coordinates": [ [ [ 109.021950709430357, -7.646143706646636 ], [ 109.141950709430361, -7.646143706646636 ], [ 109.141950709430361, -7.526143706646637 ], [ 109.021950709430357, -7.526143706646637 ], [ 109.021950709430357, -7.646143706646636 ] ] ] } },
{ "type": "Feature", "properties": { "Kab_kota": "Gunung Kidul", "Provinsi": "DI Yogyakarta", "Pulau": "Jawa", "jumlah_penduduk": 752188, "jumlah_lansia": 159233, "pct_lansia": 21.1693, "pct_anak": 18.5468, "rasio_lansia": 35.116, "p0_miskin": 15.18, "rls": 7.35, "pengeluaran": 10630, "ahh_laki": 72.78, "ahh_perempuan": 76.57, "ahh_rata2": 74.68, "tpt_total": 2.16, "Tahun": 2024 }, "geometry": { "type": "Polygon", "coordinates": [ [ [ 109.452114057004238, -8.820150177507962 ], [ 109.572114057004242, -8.820150177507962 ], [ 109.572114057004242, -8.700150177507961 ], [ 109.452114057004238, -8.700150177507961 ], [ 109.452114057004238, -8.820150177507962 ] ] ] } },
{ "type": "Feature", "properties": { "Kab_kota": "Sleman", "Provinsi": "DI Yogyakarta", "Pulau": "Jawa", "jumlah_penduduk": 1168471, "jumlah_lansia": 180275, "pct_lansia": 15.4283, "pct_anak": 20.1589, "rasio_lansia": 23.9522, "p0_miskin": 7.46, "rls": 11.33, "pengeluaran": 17586, "ahh_laki": 73.64, "ahh_perempuan": 77.25, "ahh_rata2": 75.44, "tpt_total": 4.13, "Tahun": 2024 }, "geometry": { "type": "Polygon", "coordinates": [ [ [ 110.885269684649771, -9.134343026101 ], [ 111.005269684649775, -9.134343026101 ], [ 111.005269684649775, -9.014343026100999 ], [ 110.885269684649771, -9.014343026100999 ], [ 110.885269684649771, -9.134343026101 ] ] ] } },
{ "type": "Feature", "properties": { "Kab_kota": "Kota Yogyakarta", "Provinsi": "DI Yogyakarta", "Pulau": "Jawa", "jumlah_penduduk": 375779, "jumlah_lansia": 63001, "pct_lansia": 16.7654, "pct_anak": 18.5069, "rasio_lansia": 25.9015, "p0_miskin": 6.26, "rls": 12.12, "pengeluaran": 20603, "ahh_laki": 73.33, "ahh_perempuan": 76.99, "ahh_rata2": 75.16, "tpt_total": 5.8, "Tahun": 2024 }, "geometry": { "type": "Polygon", "coordinates": [ [ [ 111.551520241281636, -8.123626293563117 ], [ 111.671520241281641, -8.123626293563117 ], [ 111.671520241281641, -8.003626293563116 ], [ 111.551520241281636, -8.003626293563116 ], [ 111.551520241281636, -8.123626293563117 ] ] ] } },
{ "type": "Feature", "properties": { "Kab_kota": "Pacitan", "Provinsi": "Jawa Timur", "Pulau": "Jawa", "jumlah_penduduk": 588569, "jumlah_lansia": 121117, "pct_lansia": 20.5782, "pct_anak": 17.767, "rasio_lansia": 33.3765, "p0_miskin": 13.08, "rls": 7.9, "pengeluaran": 10099, "ahh_laki": 71.03, "ahh_perempuan": 75.15, "ahh_rata2": 73.09, "tpt_total": 1.56, "Tahun": 2024 }, "geometry": { "type": "Polygon", "coordinates": [ [ [ 112.907901140292367, -6.553549460124381 ], [ 113.027901140292371, -6.553549460124381 ], [ 113.027901140292371, -6.433549460124381 ], [ 112.907901140292367, -6.433549460124381 ], [ 112.907901140292367, -6.553549460124381 ] ] ] } },
{ "type": "Feature", "properties": { "Kab_kota": "Ponorogo", "Provinsi": "Jawa Timur", "Pulau": "Jawa", "jumlah_penduduk": 962941, "jumlah_lansia": 186596, "pct_lansia": 19.3777, "pct_anak": 18.577, "rasio_lansia": 31.2316, "p0_miskin": 9.11, "rls": 7.8, "pengeluaran": 11065, "ahh_laki": 71.52, "ahh_perempuan": 76.11, "ahh_rata2": 73.82, "tpt_total": 4.19, "Tahun": 2024 }, "geometry": { "type": "Polygon", "coordinates": [ [ [ 111.709193256839285, -6.623688392500906 ], [ 111.829193256839289, -6.623688392500906 ], [ 111.829193256839289, -6.503688392500907 ], [ 111.709193256839285, -6.503688392500907 ], [ 111.709193256839285, -6.623688392500906 ] ] ] } },
{ "type": "Feature", "properties": { "Kab_kota": "Trenggalek", "Provinsi": "Jawa Timur", "Pulau": "Jawa", "jumlah_penduduk": 744516, "jumlah_lansia": 135322, "pct_lansia": 18.1758, "pct_anak": 19.1236, "rasio_lansia": 28.9883, "p0_miskin": 10.5, "rls": 7.92, "pengeluaran": 10872, "ahh_laki": 73.04, "ahh_perempuan": 76.72, "ahh_rata2": 74.88, "tpt_total": 3.9, "Tahun": 2024 }, "geometry": { "type": "Polygon", "coordinates": [ [ [ 111.215427850617218, -7.116390879359854 ], [ 111.335427850617222, -7.116390879359854 ], [ 111.335427850617222, -6.996390879359855 ], [ 111.215427850617218, -6.996390879359855 ], [ 111.215427850617218, -7.116390879359854 ] ] ] } },
{ "type": "Feature", "properties": { "Kab_kota": "Tulungagung", "Provinsi": "Jawa Timur", "Pulau": "Jawa", "jumlah_penduduk": 1113847, "jumlah_lansia": 181806, "pct_lansia": 16.3223, "pct_anak": 19.5378, "rasio_lansia": 25.4481, "p0_miskin": 6.28, "rls": 8.68, "pengeluaran": 11966, "ahh_laki": 73.34, "ahh_perempuan": 77.03, "ahh_rata2": 75.18, "tpt_total": 4.12, "Tahun": 2024 }, "geometry": { "type": "Polygon", "coordinates": [ [ [ 111.183208529264945, -8.348444935658888 ], [ 111.30320852926495, -8.348444935658888 ], [ 111.30320852926495, -8.228444935658887 ], [ 111.183208529264945, -8.228444935658887 ], [ 111.183208529264945, -8.348444935658888 ] ] ] } },
{ "type": "Feature", "properties": { "Kab_kota": "Blitar", "Provinsi": "Jawa Timur", "Pulau": "Jawa", "jumlah_penduduk": 1263645, "jumlah_lansia": 206181, "pct_lansia": 16.3164, "pct_anak": 20.2266, "rasio_lansia": 25.7125, "p0_miskin": 8.16, "rls": 7.87, "pengeluaran": 12020, "ahh_laki": 72.76, "ahh_perempuan": 76.46, "ahh_rata2": 74.61, "tpt_total": 4.77, "Tahun": 2024 }, "geometry": { "type": "Polygon", "coordinates": [ [ [ 112.433334197707623, -8.773776857838763 ], [ 112.553334197707628, -8.773776857838763 ], [ 112.553334197707628, -8.653776857838762 ], [ 112.433334197707623, -8.653776857838762 ], [ 112.433334197707623, -8.773776857838763 ] ] ] } },
{ "type": "Feature", "properties": { "Kab_kota": "Kediri", "Provinsi": "Jawa Timur", "Pulau": "Jawa", "jumlah_penduduk": 1689916, "jumlah_lansia": 253909, "pct_lansia": 15.0249, "pct_anak": 21.0564, "rasio_lansia": 23.5064, "p0_miskin": 9.95, "rls": 8.26, "pengeluaran": 12388, "ahh_laki": 71.31, "ahh_perempuan": 75.74, "ahh_rata2": 73.53, "tpt_total": 5.1, "Tahun": 2024 }, "geometry": { "type": "Polygon", "coordinates": [ [ [ 113.137171282410947, -8.087090518361396 ], [ 113.257171282410951, -8.087090518361396 ], [ 113.257171282410951, -7.967090518361396 ], [ 113.137171282410947, -7.967090518361396 ], [ 113.137171282410947, -8.087090518361396 ] ] ] } },
{ "type": "Feature", "properties": { "Kab_kota": "Malang", "Provinsi": "Jawa Timur", "Pulau": "Jawa", "jumlah_penduduk": 2735993, "jumlah_lansia": 404812, "pct_lansia": 14.7958, "pct_anak": 20.9517, "rasio_lansia": 23.0276, "p0_miskin": 8.98, "rls": 7.8, "pengeluaran": 11190, "ahh_laki": 71.3, "ahh_perempuan": 75.71, "ahh_rata2": 73.5, "tpt_total": 5.13, "Tahun": 2024 }, "geometry": { "type": "Polygon", "coordinates": [ [ [ 113.072347867661748, -6.887780780027833 ], [ 113.192347867661752, -6.887780780027833 ], [ 113.192347867661752, -6.767780780027834 ], [ 113.072347867661748, -6.767780780027834 ], [ 113.072347867661748, -6.887780780027833 ] ] ] } },
{ "type": "Feature", "properties": { "Kab_kota": "Lumajang", "Provinsi": "Jawa Timur", "Pulau": "Jawa", "jumlah_penduduk": 1145849, "jumlah_lansia": 186025, "pct_lansia": 16.2347, "pct_anak": 20.2418, "rasio_lansia": 25.557, "p0_miskin": 8.65, "rls": 7.27, "pengeluaran": 10124, "ahh_laki": 69.21, "ahh_perempuan": 73.17, "ahh_rata2": 71.19, "tpt_total": 3.28, "Tahun": 2024 }, "geometry": { "type": "Polygon", "coordinates": [ [ [ 112.281833113770347, -6.531295982265145 ], [ 112.401833113770351, -6.531295982265145 ], [ 112.401833113770351, -6.411295982265146 ], [ 112.281833113770347, -6.411295982265146 ], [ 112.281833113770347, -6.531295982265145 ] ] ] } },
{ "type": "Feature", "properties": { "Kab_kota": "Jember", "Provinsi": "Jawa Timur", "Pulau": "Jawa", "jumlah_penduduk": 2603817, "jumlah_lansia": 389488, "pct_lansia": 14.9583, "pct_anak": 20.4376, "rasio_lansia": 23.1539, "p0_miskin": 9.01, "rls": 6.54, "pengeluaran": 10700, "ahh_laki": 68.28, "ahh_perempuan": 72.22, "ahh_rata2": 70.25, "tpt_total": 3.23, "Tahun": 2024 }, "geometry": { "type": "Polygon", "coordinates": [ [ [ 111.283273252255782, -7.003882668355374 ], [ 111.403273252255786, -7.003882668355374 ], [ 111.403273252255786, -6.883882668355374 ], [ 111.283273252255782, -6.883882668355374 ], [ 111.283273252255782, -7.003882668355374 ] ] ] } },
{ "type": "Feature", "properties": { "Kab_kota": "Banyuwangi", "Provinsi": "Jawa Timur", "Pulau": "Jawa", "jumlah_penduduk": 1754393, "jumlah_lansia": 278325, "pct_lansia": 15.8645, "pct_anak": 20.555, "rasio_lansia": 24.9518, "p0_miskin": 6.54, "rls": 7.78, "pengeluaran": 13320, "ahh_laki": 69.63, "ahh_perempuan": 73.6, "ahh_rata2": 71.61, "tpt_total": 4.03, "Tahun": 2024 }, "geometry": { "type": "Polygon", "coordinates": [ [ [ 110.975217434506035, -8.102011096367525 ], [ 111.09521743450604, -8.102011096367525 ], [ 111.09521743450604, -7.982011096367525 ], [ 110.975217434506035, -7.982011096367525 ], [ 110.975217434506035, -8.102011096367525 ] ] ] } },
{ "type": "Feature", "properties": { "Kab_kota": "Bondowoso", "Provinsi": "Jawa Timur", "Pulau": "Jawa", "jumlah_penduduk": 792309, "jumlah_lansia": 132489, "pct_lansia": 16.7219, "pct_anak": 20.2093, "rasio_lansia": 26.5137, "p0_miskin": 12.6, "rls": 6.53, "pengeluaran": 11689, "ahh_laki": 65.82, "ahh_perempuan": 69.8, "ahh_rata2": 67.81, "tpt_total": 3.63, "Tahun": 2024 }, "geometry": { "type": "Polygon", "coordinates": [ [ [ 111.767726665667539, -8.574882081349312 ], [ 111.887726665667543, -8.574882081349312 ], [ 111.887726665667543, -8.454882081349311 ], [ 111.767726665667539, -8.454882081349311 ], [ 111.767726665667539, -8.574882081349312 ] ] ] } },
{ "type": "Feature", "properties": { "Kab_kota": "Situbondo", "Provinsi": "Jawa Timur", "Pulau": "Jawa", "jumlah_penduduk": 700719, "jumlah_lansia": 118259, "pct_lansia": 16.8768, "pct_anak": 19.2258, "rasio_lansia": 26.4124, "p0_miskin": 11.51, "rls": 6.93, "pengeluaran": 11216, "ahh_laki": 68.19, "ahh_perempuan": 72.13, "ahh_rata2": 70.16, "tpt_total": 3.15, "Tahun": 2024 }, "geometry": { "type": "Polygon", "coordinates": [ [ [ 112.862821418248814, -8.365382327143076 ], [ 112.982821418248818, -8.365382327143076 ], [ 112.982821418248818, -8.245382327143075 ], [ 112.862821418248814, -8.245382327143075 ], [ 112.862821418248814, -8.365382327143076 ] ] ] } },
{ "type": "Feature", "properties": { "Kab_kota": "Probolinggo", "Provinsi": "Jawa Timur", "Pulau": "Jawa", "jumlah_penduduk": 1185242, "jumlah_lansia": 168879, "pct_lansia": 14.2485, "pct_anak": 21.9482, "rasio_lansia": 22.3319, "p0_miskin": 16.45, "rls": 6.31, "pengeluaran": 12258, "ahh_laki": 66.34, "ahh_perempuan": 70.32, "ahh_rata2": 68.33, "tpt_total": 3.0, "Tahun": 2024 }, "geometry": { "type": "Polygon", "coordinates": [ [ [ 113.236338050418553, -7.207987079302306 ], [ 113.356338050418557, -7.207987079302306 ], [ 113.356338050418557, -7.087987079302307 ], [ 113.236338050418553, -7.087987079302307 ], [ 113.236338050418553, -7.207987079302306 ] ] ] } },
{ "type": "Feature", "properties": { "Kab_kota": "Pasuruan", "Provinsi": "Jawa Timur", "Pulau": "Jawa", "jumlah_penduduk": 1657216, "jumlah_lansia": 212611, "pct_lansia": 12.8294, "pct_anak": 21.7197, "rasio_lansia": 19.6016, "p0_miskin": 8.63, "rls": 7.46, "pengeluaran": 11617, "ahh_laki": 69.07, "ahh_perempuan": 73.02, "ahh_rata2": 71.04, "tpt_total": 5.02, "Tahun": 2024 }, "geometry": { "type": "Polygon", "coordinates": [ [ [ 112.628717451405791, -6.625633067265714 ], [ 112.748717451405795, -6.625633067265714 ], [ 112.748717451405795, -6.505633067265714 ], [ 112.628717451405791, -6.505633067265714 ], [ 112.628717451405791, -6.625633067265714 ] ] ] } },
{ "type": "Feature", "properties": { "Kab_kota": "Sidoarjo", "Provinsi": "Jawa Timur", "Pulau": "Jawa", "jumlah_penduduk": 2171480, "jumlah_lansia": 254285, "pct_lansia": 11.7102, "pct_anak": 21.1685, "rasio_lansia": 17.4463, "p0_miskin": 4.53, "rls": 10.91, "pengeluaran": 15710, "ahh_laki": 73.09, "ahh_perempuan": 76.78, "ahh_rata2": 74.94, "tpt_total": 6.49, "Tahun": 2024 }, "geometry": { "type": "Polygon", "coordinates": [ [ [ 111.506184995962798, -6.561105457151144 ], [ 111.626184995962802, -6.561105457151144 ], [ 111.626184995962802, -6.441105457151145 ], [ 111.506184995962798, -6.441105457151145 ], [ 111.506184995962798, -6.561105457151144 ] ] ] } },
{ "type": "Feature", "properties": { "Kab_kota": "Mojokerto", "Provinsi": "Jawa Timur", "Pulau": "Jawa", "jumlah_penduduk": 1154257, "jumlah_lansia": 155139, "pct_lansia": 13.4406, "pct_anak": 21.911, "rasio_lansia": 20.7903, "p0_miskin": 9.37, "rls": 9.13, "pengeluaran": 13903, "ahh_laki": 71.29, "ahh_perempuan": 75.7, "ahh_rata2": 73.5, "tpt_total": 3.87, "Tahun": 2024 }, "geometry": { "type": "Polygon", "coordinates": [ [ [ 110.901806330686583, -7.891993910168186 ], [ 111.021806330686587, -7.891993910168186 ], [ 111.021806330686587, -7.771993910168187 ], [ 110.901806330686583, -7.771993910168187 ], [ 110.901806330686583, -7.891993910168186 ] ] ] } },
{ "type": "Feature", "properties": { "Kab_kota": "Jombang", "Provinsi": "Jawa Timur", "Pulau": "Jawa", "jumlah_penduduk": 1362697, "jumlah_lansia": 187010, "pct_lansia": 13.7235, "pct_anak": 21.8531, "rasio_lansia": 21.3021, "p0_miskin": 8.6, "rls": 8.78, "pengeluaran": 12454, "ahh_laki": 71.28, "ahh_perempuan": 75.67, "ahh_rata2": 73.47, "tpt_total": 3.75, "Tahun": 2024 }, "geometry": { "type": "Polygon", "coordinates": [ [ [ 111.546110584816049, -8.683675880139583 ], [ 111.666110584816053, -8.683675880139583 ], [ 111.666110584816053, -8.563675880139582 ], [ 111.546110584816049, -8.563675880139582 ], [ 111.546110584816049, -8.683675880139583 ] ] ] } },
{ "type": "Feature", "properties": { "Kab_kota": "Nganjuk", "Provinsi": "Jawa Timur", "Pulau": "Jawa", "jumlah_penduduk": 1131777, "jumlah_lansia": 176814, "pct_lansia": 15.6227, "pct_anak": 20.6998, "rasio_lansia": 24.5341, "p0_miskin": 10.17, "rls": 8.25, "pengeluaran": 13376, "ahh_laki": 70.51, "ahh_perempuan": 74.53, "ahh_rata2": 72.52, "tpt_total": 3.87, "Tahun": 2024 }, "geometry": { "type": "Polygon", "coordinates": [ [ [ 112.633930498374781, -8.509338176704979 ], [ 112.753930498374785, -8.509338176704979 ], [ 112.753930498374785, -8.389338176704978 ], [ 112.633930498374781, -8.389338176704978 ], [ 112.633930498374781, -8.509338176704979 ] ] ] } },
{ "type": "Feature", "properties": { "Kab_kota": "Madiun", "Provinsi": "Jawa Timur", "Pulau": "Jawa", "jumlah_penduduk": 757839, "jumlah_lansia": 142350, "pct_lansia": 18.7837, "pct_anak": 19.0724, "rasio_lansia": 30.2261, "p0_miskin": 10.63, "rls": 8.2, "pengeluaran": 12668, "ahh_laki": 70.51, "ahh_perempuan": 74.53, "ahh_rata2": 72.52, "tpt_total": 4.34, "Tahun": 2024 }, "geometry": { "type": "Polygon", "coordinates": [ [ [ 113.572512553284184, -7.604283331198035 ], [ 113.692512553284189, -7.604283331198035 ], [ 113.692512553284189, -7.484283331198036 ], [ 113.572512553284184, -7.484283331198036 ], [ 113.572512553284184, -7.604283331198035 ] ] ] } },
{ "type": "Feature", "properties": { "Kab_kota": "Magetan", "Provinsi": "Jawa Timur", "Pulau": "Jawa", "jumlah_penduduk": 685500, "jumlah_lansia": 135054, "pct_lansia": 19.7015, "pct_anak": 19.5348, "rasio_lansia": 32.4232, "p0_miskin": 9.32, "rls": 8.69, "pengeluaran": 12915, "ahh_laki": 71.32, "ahh_perempuan": 75.76, "ahh_rata2": 73.54, "tpt_total": 3.28, "Tahun": 2024 }, "geometry": { "type": "Polygon", "coordinates": [ [ [ 112.759635895197704, -6.454965385013082 ], [ 112.879635895197708, -6.454965385013082 ], [ 112.879635895197708, -6.334965385013083 ], [ 112.759635895197704, -6.334965385013083 ], [ 112.759635895197704, -6.454965385013082 ] ] ] } },
{ "type": "Feature", "properties": { "Kab_kota": "Ngawi", "Provinsi": "Jawa Timur", "Pulau": "Jawa", "jumlah_penduduk": 884086, "jumlah_lansia": 165807, "pct_lansia": 18.7546, "pct_anak": 19.2523, "rasio_lansia": 30.2528, "p0_miskin": 13.81, "rls": 7.84, "pengeluaran": 12414, "ahh_laki": 71.26, "ahh_perempuan": 75.63, "ahh_rata2": 73.44, "tpt_total": 2.4, "Tahun": 2024 }, "geometry": { "type": "Polygon", "coordinates": [ [ [ 111.919993893695676, -6.683898622351307 ], [ 112.03999389369568, -6.683898622351307 ], [ 112.03999389369568, -6.563898622351308 ], [ 111.919993893695676, -6.563898622351308 ], [ 111.919993893695676, -6.683898622351307 ] ] ] } },
{ "type": "Feature", "properties": { "Kab_kota": "Bojonegoro", "Provinsi": "Jawa Timur", "Pulau": "Jawa", "jumlah_penduduk": 1325299, "jumlah_lansia": 215100, "pct_lansia": 16.2303, "pct_anak": 19.6729, "rasio_lansia": 25.3216, "p0_miskin": 11.69, "rls": 7.59, "pengeluaran": 11204, "ahh_laki": 70.79, "ahh_perempuan": 74.82, "ahh_rata2": 72.81, "tpt_total": 4.42, "Tahun": 2024 }, "geometry": { "type": "Polygon", "coordinates": [ [ [ 111.166846804465962, -7.221312263054987 ], [ 111.286846804465966, -7.221312263054987 ], [ 111.286846804465966, -7.101312263054988 ], [ 111.166846804465962, -7.101312263054988 ], [ 111.166846804465962, -7.221312263054987 ] ] ] } },
{ "type": "Feature", "properties": { "Kab_kota": "Tuban", "Provinsi": "Jawa Timur", "Pulau": "Jawa", "jumlah_penduduk": 1225205, "jumlah_lansia": 192804, "pct_lansia": 15.7365, "pct_anak": 19.7645, "rasio_lansia": 24.398, "p0_miskin": 14.36, "rls": 7.53, "pengeluaran": 11579, "ahh_laki": 70.58, "ahh_perempuan": 74.6, "ahh_rata2": 72.59, "tpt_total": 4.28, "Tahun": 2024 }, "geometry": { "type": "Polygon", "coordinates": [ [ [ 111.452488627237145, -8.502494411797326 ], [ 111.572488627237149, -8.502494411797326 ], [ 111.572488627237149, -8.382494411797325 ], [ 111.452488627237145, -8.382494411797325 ], [ 111.452488627237145, -8.502494411797326 ] ] ] } },
{ "type": "Feature", "properties": { "Kab_kota": "Lamongan", "Provinsi": "Jawa Timur", "Pulau": "Jawa", "jumlah_penduduk": 1378147, "jumlah_lansia": 226161, "pct_lansia": 16.4105, "pct_anak": 19.7732, "rasio_lansia": 25.7153, "p0_miskin": 12.16, "rls": 8.48, "pengeluaran": 12419, "ahh_laki": 71.27, "ahh_perempuan": 75.66, "ahh_rata2": 73.46, "tpt_total": 4.34, "Tahun": 2024 }, "geometry": { "type": "Polygon", "coordinates": [ [ [ 112.424507594775889, -8.875601024022506 ], [ 112.544507594775894, -8.875601024022506 ], [ 112.544507594775894, -8.755601024022505 ], [ 112.424507594775889, -8.755601024022505 ], [ 112.424507594775889, -8.875601024022506 ] ] ] } },
{ "type": "Feature", "properties": { "Kab_kota": "Gresik", "Provinsi": "Jawa Timur", "Pulau": "Jawa", "jumlah_penduduk": 1364019, "jumlah_lansia": 164175, "pct_lansia": 12.0361, "pct_anak": 21.8262, "rasio_lansia": 18.1986, "p0_miskin": 10.32, "rls": 10.03, "pengeluaran": 14356, "ahh_laki": 71.33, "ahh_perempuan": 75.78, "ahh_rata2": 73.56, "tpt_total": 6.45, "Tahun": 2024 }, "geometry": { "type": "Polygon", "coordinates": [ [ [ 113.165698136191651, -7.841393411796134 ], [ 113.285698136191655, -7.841393411796134 ], [ 113.285698136191655, -7.721393411796135 ], [ 113.165698136191651, -7.721393411796135 ], [ 113.165698136191651, -7.841393411796134 ] ] ] } },
{ "type": "Feature", "properties": { "Kab_kota": "Bangkalan", "Provinsi": "Jawa Timur", "Pulau": "Jawa", "jumlah_penduduk": 1102522, "jumlah_lansia": 130956, "pct_lansia": 11.8779, "pct_anak": 22.0066, "rasio_lansia": 17.9653, "p0_miskin": 18.66, "rls": 6.01, "pengeluaran": 9841, "ahh_laki": 69.04, "ahh_perempuan": 72.99, "ahh_rata2": 71.02, "tpt_total": 5.35, "Tahun": 2024 }, "geometry": { "type": "Polygon", "coordinates": [ [ [ 113.115657720880762, -6.690939199646161 ], [ 113.235657720880766, -6.690939199646161 ], [ 113.235657720880766, -6.570939199646162 ], [ 113.115657720880762, -6.570939199646162 ], [ 113.115657720880762, -6.690939199646161 ] ] ] } },
{ "type": "Feature", "properties": { "Kab_kota": "Sampang", "Provinsi": "Jawa Timur", "Pulau": "Jawa", "jumlah_penduduk": 1016254, "jumlah_lansia": 111320, "pct_lansia": 10.954, "pct_anak": 24.2188, "rasio_lansia": 16.8972, "p0_miskin": 20.83, "rls": 5.08, "pengeluaran": 9782, "ahh_laki": 66.88, "ahh_perempuan": 70.85, "ahh_rata2": 68.86, "tpt_total": 2.5, "Tahun": 2024 }, "geometry": { "type": "Polygon", "coordinates": [ [ [ 111.978719724764289, -6.431873263445689 ], [ 112.098719724764294, -6.431873263445689 ], [ 112.098719724764294, -6.31187326344569 ], [ 111.978719724764289, -6.31187326344569 ], [ 111.978719724764289, -6.431873263445689 ] ] ] } },
{ "type": "Feature", "properties": { "Kab_kota": "Pamekasan", "Provinsi": "Jawa Timur", "Pulau": "Jawa", "jumlah_penduduk": 884697, "jumlah_lansia": 109265, "pct_lansia": 12.3506, "pct_anak": 22.9708, "rasio_lansia": 19.0953, "p0_miskin": 13.41, "rls": 7.17, "pengeluaran": 9811, "ahh_laki": 66.54, "ahh_perempuan": 70.52, "ahh_rata2": 68.53, "tpt_total": 1.64, "Tahun": 2024 }, "geometry": { "type": "Polygon", "coordinates": [ [ [ 111.115027189814981, -6.886961808215309 ], [ 111.235027189814986, -6.886961808215309 ], [ 111.235027189814986, -6.76696180821531 ], [ 111.115027189814981, -6.76696180821531 ], [ 111.115027189814981, -6.886961808215309 ] ] ] } },
{ "type": "Feature", "properties": { "Kab_kota": "Sumenep", "Provinsi": "Jawa Timur", "Pulau": "Jawa", "jumlah_penduduk": 1153188, "jumlah_lansia": 193468, "pct_lansia": 16.7768, "pct_anak": 19.3899, "rasio_lansia": 26.2822, "p0_miskin": 17.78, "rls": 6.1, "pengeluaran": 10156, "ahh_laki": 70.69, "ahh_perempuan": 74.72, "ahh_rata2": 72.7, "tpt_total": 1.69, "Tahun": 2024 }, "geometry": { "type": "Polygon", "coordinates": [ [ [ 111.2866963855151, -8.082159414575997 ], [ 111.406696385515104, -8.082159414575997 ], [ 111.406696385515104, -7.962159414575997 ], [ 111.2866963855151, -7.962159414575997 ], [ 111.2866963855151, -8.082159414575997 ] ] ] } },
{ "type": "Feature", "properties": { "Kab_kota": "Kota Kediri", "Provinsi": "Jawa Timur", "Pulau": "Jawa", "jumlah_penduduk": 298227, "jumlah_lansia": 40777, "pct_lansia": 13.6731, "pct_anak": 21.4967, "rasio_lansia": 21.0907, "p0_miskin": 6.51, "rls": 10.92, "pengeluaran": 13670, "ahh_laki": 73.06, "ahh_perempuan": 76.76, "ahh_rata2": 74.91, "tpt_total": 3.91, "Tahun": 2024 }, "geometry": { "type": "Polygon", "coordinates": [ [ [ 112.052003381695826, -8.626196699091862 ], [ 112.172003381695831, -8.626196699091862 ], [ 112.172003381695831, -8.506196699091861 ], [ 112.052003381695826, -8.506196699091861 ], [ 112.052003381695826, -8.626196699091862 ] ] ] } },
{ "type": "Feature", "properties": { "Kab_kota": "Kota Blitar", "Provinsi": "Jawa Timur", "Pulau": "Jawa", "jumlah_penduduk": 154867, "jumlah_lansia": 21801, "pct_lansia": 14.0772, "pct_anak": 21.2557, "rasio_lansia": 21.7688, "p0_miskin": 6.75, "rls": 10.82, "pengeluaran": 14933, "ahh_laki": 73.05, "ahh_perempuan": 76.75, "ahh_rata2": 74.9, "tpt_total": 5.11, "Tahun": 2024 }, "geometry": { "type": "Polygon", "coordinates": [ [ [ 113.19959618551303, -8.348204268160913 ], [ 113.319596185513035, -8.348204268160913 ], [ 113.319596185513035, -8.228204268160912 ], [ 113.19959618551303, -8.228204268160912 ], [ 113.19959618551303, -8.348204268160913 ] ] ] } },
{ "type": "Feature", "properties": { "Kab_kota": "Kota Malang", "Provinsi": "Jawa Timur", "Pulau": "Jawa", "jumlah_penduduk": 872694, "jumlah_lansia": 121909, "pct_lansia": 13.9693, "pct_anak": 21.2007, "rasio_lansia": 21.5475, "p0_miskin": 3.91, "rls": 11.14, "pengeluaran": 17791, "ahh_laki": 72.48, "ahh_perempuan": 76.19, "ahh_rata2": 74.34, "tpt_total": 6.1, "Tahun": 2024 }, "geometry": { "type": "Polygon", "coordinates": [ [ [ 113.461700324823397, -7.164007593621048 ], [ 113.581700324823402, -7.164007593621048 ], [ 113.581700324823402, -7.044007593621049 ], [ 113.461700324823397, -7.044007593621049 ], [ 113.461700324823397, -7.164007593621048 ] ] ] } },
{ "type": "Feature", "properties": { "Kab_kota": "Kota Probolinggo", "Provinsi": "Jawa Timur", "Pulau": "Jawa", "jumlah_penduduk": 249539, "jumlah_lansia": 30455, "pct_lansia": 12.2045, "pct_anak": 23.2573, "rasio_lansia": 18.9105, "p0_miskin": 6.18, "rls": 9.72, "pengeluaran": 13405, "ahh_laki": 69.24, "ahh_perempuan": 73.21, "ahh_rata2": 71.22, "tpt_total": 4.44, "Tahun": 2024 }, "geometry": { "type": "Polygon", "coordinates": [ [ [ 112.385992178861144, -6.456762558610588 ], [ 112.505992178861149, -6.456762558610588 ], [ 112.505992178861149, -6.336762558610589 ], [ 112.385992178861144, -6.336762558610589 ], [ 112.385992178861144, -6.456762558610588 ] ] ] } },
{ "type": "Feature", "properties": { "Kab_kota": "Kota Pasuruan", "Provinsi": "Jawa Timur", "Pulau": "Jawa", "jumlah_penduduk": 219392, "jumlah_lansia": 25303, "pct_lansia": 11.5332, "pct_anak": 24.0287, "rasio_lansia": 17.8982, "p0_miskin": 6.32, "rls": 9.94, "pengeluaran": 14664, "ahh_laki": 70.54, "ahh_perempuan": 74.56, "ahh_rata2": 72.55, "tpt_total": 4.63, "Tahun": 2024 }, "geometry": { "type": "Polygon", "coordinates": [ [ [ 111.264062805814731, -6.729337919999672 ], [ 111.384062805814736, -6.729337919999672 ], [ 111.384062805814736, -6.609337919999673 ], [ 111.264062805814731, -6.609337919999673 ], [ 111.264062805814731, -6.729337919999672 ] ] ] } },
{ "type": "Feature", "properties": { "Kab_kota": "Kota Mojokerto", "Provinsi": "Jawa Timur", "Pulau": "Jawa", "jumlah_penduduk": 137393, "jumlah_lansia": 18284, "pct_lansia": 13.3078, "pct_anak": 22.0586, "rasio_lansia": 20.5896, "p0_miskin": 5.57, "rls": 11.38, "pengeluaran": 14842, "ahh_laki": 72.45, "ahh_perempuan": 76.17, "ahh_rata2": 74.31, "tpt_total": 3.76, "Tahun": 2024 }, "geometry": { "type": "Polygon", "coordinates": [ [ [ 110.854598145903182, -7.693446076528289 ], [ 110.974598145903187, -7.693446076528289 ], [ 110.974598145903187, -7.57344607652829 ], [ 110.854598145903182, -7.57344607652829 ], [ 110.854598145903182, -7.693446076528289 ] ] ] } },
{ "type": "Feature", "properties": { "Kab_kota": "Kota Madiun", "Provinsi": "Jawa Timur", "Pulau": "Jawa", "jumlah_penduduk": 201767, "jumlah_lansia": 33407, "pct_lansia": 16.5572, "pct_anak": 19.3134, "rasio_lansia": 25.8184, "p0_miskin": 4.38, "rls": 12.11, "pengeluaran": 17518, "ahh_laki": 71.43, "ahh_perempuan": 75.98, "ahh_rata2": 73.71, "tpt_total": 4.3, "Tahun": 2024 }, "geometry": { "type": "Polygon", "coordinates": [ [ [ 111.726581913221224, -8.845808724303579 ], [ 111.846581913221229, -8.845808724303579 ], [ 111.846581913221229, -8.725808724303578 ], [ 111.726581913221224, -8.725808724303578 ], [ 111.726581913221224, -8.845808724303579 ] ] ] } },
{ "type": "Feature", "properties": { "Kab_kota": "Kota Surabaya", "Provinsi": "Jawa Timur", "Pulau": "Jawa", "jumlah_penduduk": 2921996, "jumlah_lansia": 378637, "pct_lansia": 12.9582, "pct_anak": 21.2182, "rasio_lansia": 19.6862, "p0_miskin": 3.96, "rls": 10.89, "pengeluaran": 19666, "ahh_laki": 73.19, "ahh_perempuan": 76.86, "ahh_rata2": 75.03, "tpt_total": 4.91, "Tahun": 2024 }, "geometry": { "type": "Polygon", "coordinates": [ [ [ 112.843849226764235, -8.672347485142788 ], [ 112.963849226764239, -8.672347485142788 ], [ 112.963849226764239, -8.552347485142787 ], [ 112.843849226764235, -8.552347485142787 ], [ 112.843849226764235, -8.672347485142788 ] ] ] } },
{ "type": "Feature", "properties": { "Kab_kota": "Kota Batu", "Provinsi": "Jawa Timur", "Pulau": "Jawa", "jumlah_penduduk": 222685, "jumlah_lansia": 30311, "pct_lansia": 13.6116, "pct_anak": 21.6966, "rasio_lansia": 21.0407, "p0_miskin": 3.06, "rls": 9.87, "pengeluaran": 14253, "ahh_laki": 71.32, "ahh_perempuan": 75.76, "ahh_rata2": 73.54, "tpt_total": 3.63, "Tahun": 2024 }, "geometry": { "type": "Polygon", "coordinates": [ [ [ 113.380793919015787, -7.357180899335671 ], [ 113.500793919015791, -7.357180899335671 ], [ 113.500793919015791, -7.237180899335672 ], [ 113.380793919015787, -7.237180899335672 ], [ 113.380793919015787, -7.357180899335671 ] ] ] } },
{ "type": "Feature", "properties": { "Kab_kota": "Pandeglang", "Provinsi": "Banten", "Pulau": "Jawa", "jumlah_penduduk": 1325952, "jumlah_lansia": 131235, "pct_lansia": 9.8974, "pct_anak": 25.247, "rasio_lansia": 15.2607, "p0_miskin": 9.18, "rls": 7.16, "pengeluaran": 9574, "ahh_laki": 63.9, "ahh_perempuan": 67.78, "ahh_rata2": 65.84, "tpt_total": 8.09, "Tahun": 2024 }, "geometry": { "type": "Polygon", "coordinates": [ [ [ 106.734705034443977, -5.579406341448158 ], [ 106.854705034443981, -5.579406341448158 ], [ 106.854705034443981, -5.459406341448159 ], [ 106.734705034443977, -5.459406341448159 ], [ 106.734705034443977, -5.579406341448158 ] ] ] } },
{ "type": "Feature", "properties": { "Kab_kota": "Lebak", "Provinsi": "Banten", "Pulau": "Jawa", "jumlah_penduduk": 1449205, "jumlah_lansia": 135778, "pct_lansia": 9.3691, "pct_anak": 25.5715, "rasio_lansia": 14.4009, "p0_miskin": 8.44, "rls": 6.61, "pengeluaran": 9631, "ahh_laki": 66.4, "ahh_perempuan": 70.38, "ahh_rata2": 68.39, "tpt_total": 6.23, "Tahun": 2024 }, "geometry": { "type": "Polygon", "coordinates": [ [ [ 105.21533222630606, -5.387332577215858 ], [ 105.335332226306065, -5.387332577215858 ], [ 105.335332226306065, -5.267332577215859 ], [ 105.21533222630606, -5.267332577215859 ], [ 105.21533222630606, -5.387332577215858 ] ] ] } },
{ "type": "Feature", "properties": { "Kab_kota": "Tangerang", "Provinsi": "Banten", "Pulau": "Jawa", "jumlah_penduduk": 3400486, "jumlah_lansia": 260035, "pct_lansia": 7.647, "pct_anak": 24.6187, "rasio_lansia": 11.2897, "p0_miskin": 6.55, "rls": 9.06, "pengeluaran": 13254, "ahh_laki": 68.95, "ahh_perempuan": 72.9, "ahh_rata2": 70.93, "tpt_total": 6.06, "Tahun": 2024 }, "geometry": { "type": "Polygon", "coordinates": [ [ [ 104.75609852791807, -6.358890678573797 ], [ 104.876098527918074, -6.358890678573797 ], [ 104.876098527918074, -6.238890678573798 ], [ 104.75609852791807, -6.238890678573798 ], [ 104.75609852791807, -6.358890678573797 ] ] ] } },
{ "type": "Feature", "properties": { "Kab_kota": "Serang", "Provinsi": "Banten", "Pulau": "Jawa", "jumlah_penduduk": 1701803, "jumlah_lansia": 149456, "pct_lansia": 8.7822, "pct_anak": 25.0726, "rasio_lansia": 13.2772, "p0_miskin": 4.51, "rls": 7.88, "pengeluaran": 11767, "ahh_laki": 64.0, "ahh_perempuan": 67.89, "ahh_rata2": 65.94, "tpt_total": 9.18, "Tahun": 2024 }, "geometry": { "type": "Polygon", "coordinates": [ [ [ 105.345795164152634, -7.597732694365379 ], [ 105.465795164152638, -7.597732694365379 ], [ 105.465795164152638, -7.47773269436538 ], [ 105.345795164152634, -7.47773269436538 ], [ 105.345795164152634, -7.597732694365379 ] ] ] } },
{ "type": "Feature", "properties": { "Kab_kota": "Kota Tangerang", "Provinsi": "Banten", "Pulau": "Jawa", "jumlah_penduduk": 1963966, "jumlah_lansia": 190783, "pct_lansia": 9.7142, "pct_anak": 23.7319, "rasio_lansia": 14.5959, "p0_miskin": 5.43, "rls": 11.14, "pengeluaran": 15641, "ahh_laki": 70.5, "ahh_perempuan": 74.52, "ahh_rata2": 72.51, "tpt_total": 5.92, "Tahun": 2024 }, "geometry": { "type": "Polygon", "coordinates": [ [ [ 106.532922179987821, -7.483104276090252 ], [ 106.652922179987826, -7.483104276090252 ], [ 106.652922179987826, -7.363104276090253 ], [ 106.532922179987821, -7.363104276090253 ], [ 106.532922179987821, -7.483104276090252 ] ] ] } },
{ "type": "Feature", "properties": { "Kab_kota": "Kota Cilegon", "Provinsi": "Banten", "Pulau": "Jawa", "jumlah_penduduk": 455617, "jumlah_lansia": 39227, "pct_lansia": 8.6096, "pct_anak": 26.4753, "rasio_lansia": 13.2629, "p0_miskin": 3.75, "rls": 10.39, "pengeluaran": 14294, "ahh_laki": 65.72, "ahh_perempuan": 69.7, "ahh_rata2": 67.71, "tpt_total": 6.08, "Tahun": 2024 }, "geometry": { "type": "Polygon", "coordinates": [ [ [ 107.195204829340156, -6.778049874365311 ], [ 107.315204829340161, -6.778049874365311 ], [ 107.315204829340161, -6.658049874365312 ], [ 107.195204829340156, -6.658049874365312 ], [ 107.195204829340156, -6.778049874365311 ] ] ] } },
{ "type": "Feature", "properties": { "Kab_kota": "Kota Serang", "Provinsi": "Banten", "Pulau": "Jawa", "jumlah_penduduk": 734866, "jumlah_lansia": 54961, "pct_lansia": 7.4791, "pct_anak": 26.33, "rasio_lansia": 11.2992, "p0_miskin": 5.65, "rls": 8.93, "pengeluaran": 14603, "ahh_laki": 67.33, "ahh_perempuan": 71.29, "ahh_rata2": 69.31, "tpt_total": 7.12, "Tahun": 2024 }, "geometry": { "type": "Polygon", "coordinates": [ [ [ 106.906723018129156, -5.570881640041191 ], [ 107.026723018129161, -5.570881640041191 ], [ 107.026723018129161, -5.450881640041191 ], [ 106.906723018129156, -5.450881640041191 ], [ 106.906723018129156, -5.570881640041191 ] ] ] } },
{ "type": "Feature", "properties": { "Kab_kota": "Kota Tangerang Selatan", "Provinsi": "Banten", "Pulau": "Jawa", "jumlah_penduduk": 1399496, "jumlah_lansia": 154218, "pct_lansia": 11.0195, "pct_anak": 22.1843, "rasio_lansia": 16.4973, "p0_miskin": 2.36, "rls": 11.86, "pengeluaran": 17028, "ahh_laki": 71.21, "ahh_perempuan": 75.52, "ahh_rata2": 73.36, "tpt_total": 5.09, "Tahun": 2024 }, "geometry": { "type": "Polygon", "coordinates": [ [ [ 105.823609867779808, -5.359824734301904 ], [ 105.943609867779813, -5.359824734301904 ], [ 105.943609867779813, -5.239824734301905 ], [ 105.823609867779808, -5.239824734301905 ], [ 105.823609867779808, -5.359824734301904 ] ] ] } }
]
}
