Pulau,Provinsi,Kab_kota,jumlah_penduduk,jumlah_lansia,pct_lansia,pct_anak,rasio_lansia,p0_miskin,rls,pengeluaran,ahh_laki,ahh_perempuan,ahh_rata2,tpt_total,Tahun
Sumatera,Aceh,Simeulue,92865,6844,7.3698,27.2115,11.2657,18.49,9.34,7085,63.3,67.14,65.22,5.47,2020
Sumatera,Aceh,Aceh Singkil,126514,6834,5.4018,31.5823,8.5721,20.2,8.53,8707,65.39,69.31,67.35,8.24,2020
Sumatera,Aceh,Aceh Selatan,232414,22238,9.5683,23.703,14.339,12.87,8.87,8089,62.4,66.2,64.3,6.54,2020
Sumatera,Aceh,Aceh Tenggara,220860,16024,7.2553,28.6127,11.313,13.21,9.66,8020,66.11,70.06,68.09,5.72,2020
Sumatera,Aceh,Aceh Timur,422401,28304,6.7007,30.8212,10.7249,14.08,8.15,8489,66.72,70.63,68.68,7.26,2020
Sumatera,Aceh,Aceh Tengah,215576,16748,7.769,28.3779,12.1669,15.08,9.85,10673,66.8,70.78,68.79,3.05,2020
Sumatera,Aceh,Aceh Barat,198736,17476,8.7936,25.7502,13.4343,18.34,9.37,9516,65.95,69.91,67.93,7.3,2020
Sumatera,Aceh,Aceh Besar,405535,33878,8.3539,28.6594,13.263,13.84,10.32,9641,67.8,71.69,69.74,7.62,2020
Sumatera,Aceh,Pidie,435275,44456,10.2133,25.4931,15.8854,19.23,8.99,9816,64.94,68.84,66.89,6.45,2020
Sumatera,Aceh,Bireuen,436418,38868,8.9061,27.5135,14.0077,13.06,9.28,8857,69.23,73.11,71.17,4.12,2020
Sumatera,Aceh,Aceh Utara,602793,48867,8.1068,27.9832,12.6847,17.02,8.63,8122,66.78,70.73,68.76,8.56,2020
Sumatera,Aceh,Aceh Barat Daya,150775,12377,8.2089,24.9829,12.2873,15.93,8.66,8316,63.04,66.86,64.95,3.93,2020
Sumatera,Aceh,Gayo Lues,99532,6206,6.2352,29.1444,9.6489,19.32,8.2,8791,63.5,67.34,65.42,2.01,2020
Sumatera,Aceh,Aceh Tamiang,294356,22765,7.7338,27.6315,11.9655,13.08,8.9,8327,67.56,71.5,69.53,7.97,2020
Sumatera,Aceh,Nagan Raya,168392,15605,9.2671,25.3628,14.1763,17.7,8.68,8216,67.21,71.13,69.17,5.11,2020
Sumatera,Aceh,Aceh Jaya,93159,7570,8.1259,29.2425,12.9741,12.87,8.7,9615,65.16,69.06,67.11,4.08,2020
Sumatera,Aceh,Bener Meriah,161342,11818,7.3248,29.0842,11.5186,18.89,9.79,11098,67.21,71.14,69.18,1.35,2020
Sumatera,Aceh,Pidie Jaya,158397,15821,9.9882,25.9658,15.5953,19.19,9.33,10071,68.15,72.04,70.1,6.58,2020
Sumatera,Aceh,Kota Banda Aceh,252899,17220,6.809,28.9222,10.5946,6.9,12.65,16778,69.48,73.33,71.4,9.54,2020
Sumatera,Aceh,Kota Sabang,41197,3574,8.6754,28.4001,13.787,14.94,11.14,11273,68.51,72.42,70.46,4.81,2020
Sumatera,Aceh,Kota Langsa,185971,15126,8.1335,25.1878,12.1981,10.44,11.11,12057,67.41,71.34,69.38,9.75,2020
Sumatera,Aceh,Kota Lhokseumawe,188713,13541,7.1754,27.5461,10.9921,10.8,10.91,11367,69.63,73.47,71.55,11.99,2020
Sumatera,Aceh,Kota Subulussalam,90751,4197,4.6247,32.436,7.3479,17.6,7.84,7317,62.08,65.86,63.97,6.93,2020
Sumatera,Sumatera Utara,Nias,146672,9797,6.6795,30.9302,10.7061,16.6,5.36,6898,67.74,71.67,69.7,3.49,2020
Sumatera,Sumatera Utara,Mandailing Natal,472886,36050,7.6234,30.961,12.4128,9.18,8.62,9684,60.68,64.42,62.55,6.5,2020
Sumatera,Sumatera Utara,Tapanuli Selatan,300911,23888,7.9386,30.4552,12.886,8.47,9.28,11236,62.96,66.77,64.86,4.42,2020
Sumatera,Sumatera Utara,Tapanuli Tengah,365177,28592,7.8296,27.5825,12.1224,12.38,8.62,10071,65.11,69.09,67.1,7.54,2020
Sumatera,Sumatera Utara,Tapanuli Utara,312758,33774,10.7988,30.2323,18.3126,9.37,9.85,11648,66.6,70.57,68.58,2.94,2020
Sumatera,Sumatera Utara,Toba Samosir / Toba,206199,22171,10.7522,29.941,18.1299,8.71,10.52,12154,68.08,71.99,70.04,2.5,2020
Sumatera,Sumatera Utara,Labuhan Batu,493899,33394,6.7613,28.6834,10.4737,8.44,9.24,11150,67.9,71.86,69.88,6.05,2020
Sumatera,Sumatera Utara,Asahan,769960,62475,8.1141,28.1252,12.7258,9.04,8.79,10890,66.22,70.2,68.21,7.24,2020
Sumatera,Sumatera Utara,Simalungun,990246,106526,10.7575,24.7999,16.6932,8.46,9.6,11308,69.24,73.12,71.18,4.58,2020
Sumatera,Sumatera Utara,Dairi,308764,28824,9.3353,29.4024,15.2382,8.04,9.58,10350,66.99,70.91,68.95,1.75,2020
Sumatera,Sumatera Utara,Karo,404998,39979,9.8714,26.2051,15.4425,8.7,9.79,12349,69.42,73.28,71.35,1.83,2020
Sumatera,Sumatera Utara,Deli Serdang,1931441,147211,7.6218,27.5073,11.7492,3.88,10.09,12225,69.76,73.61,71.68,9.5,2020
Sumatera,Sumatera Utara,Langkat,1030202,89040,8.643,25.5279,13.1294,9.73,8.65,11071,66.78,70.71,68.74,7.02,2020
Sumatera,Sumatera Utara,Nias Selatan,360531,20412,5.6616,28.2076,8.5613,16.74,5.85,6974,66.72,70.65,68.68,4.15,2020
Sumatera,Sumatera Utara,Humbang Hasundutan,197751,20224,10.227,31.8977,17.6708,9.36,9.54,7850,67.25,71.18,69.22,0.84,2020
Sumatera,Sumatera Utara,Pakpak Bharat,52351,3506,6.6971,33.4492,11.1891,9.28,9.03,8170,63.79,67.62,65.7,1.93,2020
Sumatera,Sumatera Utara,Samosir,136441,15086,11.0568,30.4051,18.8882,12.48,9.43,8422,69.29,73.16,71.22,1.2,2020
Sumatera,Sumatera Utara,Serdang Bedagai,657490,57438,8.736,28.0684,13.8237,7.97,8.54,10950,66.66,70.61,68.63,5.54,2020
Sumatera,Sumatera Utara,Batu Bara,410678,33675,8.1999,28.714,12.9979,11.88,8.06,10410,64.95,68.85,66.9,6.48,2020
Sumatera,Sumatera Utara,Padang Lawas Utara,260720,15319,5.8757,32.6036,9.5507,9.7,9.37,9987,65.11,69.1,67.1,3.11,2020
Sumatera,Sumatera Utara,Padang Lawas,261011,14813,5.6752,31.96,9.1001,8.37,9.01,8807,65.09,68.99,67.04,4.11,2020
Sumatera,Sumatera Utara,Labuhan Batu Selatan,314094,15623,4.974,31.0054,7.7694,8.34,8.75,11495,66.63,70.65,68.64,4.9,2020
Sumatera,Sumatera Utara,Labuhan Batu Utara,381994,25049,6.5574,29.5036,10.2558,9.53,8.4,11779,67.46,71.37,69.41,6.82,2020
Sumatera,Sumatera Utara,Nias Utara,147274,9544,6.4804,29.8505,10.1783,25.07,6.58,6064,67.41,71.34,69.38,4.54,2020
Sumatera,Sumatera Utara,Nias Barat,89994,5975,6.6393,31.8721,10.7977,25.69,6.49,5830,66.94,70.88,68.91,1.71,2020
Sumatera,Sumatera Utara,Kota Sibolga,89584,6730,7.5125,28.2517,11.6952,11.95,10.4,11473,67.0,70.93,68.96,8.0,2020
Sumatera,Sumatera Utara,Kota Tanjung Balai,176027,12501,7.1018,29.2836,11.1637,13.33,9.44,11132,61.34,65.1,63.22,6.97,2020
Sumatera,Sumatera Utara,Kota Pematang Siantar,268254,30341,11.3105,24.7925,17.7012,8.27,11.16,12372,71.65,75.38,73.52,11.5,2020
Sumatera,Sumatera Utara,Kota Tebing Tinggi,172838,16285,9.4221,26.8951,14.7954,9.85,10.31,12876,68.9,72.77,70.84,9.98,2020
Sumatera,Sumatera Utara,Kota Medan,2435252,234827,9.6428,24.0599,14.5448,8.01,11.39,14890,71.21,74.98,73.1,10.74,2020
Sumatera,Sumatera Utara,Kota Binjai,291842,25436,8.7157,26.4612,13.4453,5.71,10.93,10997,70.43,74.24,72.34,8.67,2020
Sumatera,Sumatera Utara,Kota Padangsidimpuan,225105,18392,8.1704,27.4414,12.6893,7.4,11.0,10856,67.25,71.35,69.3,7.45,2020
Sumatera,Sumatera Utara,Kota Gunungsitoli,136017,9066,6.6653,31.96,10.8601,16.41,8.61,7980,69.22,73.08,71.15,5.94,2020
Sumatera,Sumatera Barat,Kepulauan Mentawai,87623,5752,6.5645,28.246,10.0699,14.35,7.09,6281,62.72,66.59,64.66,3.98,2020
Sumatera,Sumatera Barat,Pesisir Selatan,504418,53767,10.6592,25.8466,16.7877,7.61,8.26,9212,68.85,72.76,70.81,7.0,2020
Sumatera,Sumatera Barat,Solok,391497,41095,10.4969,25.5057,16.402,7.81,7.86,10171,66.56,70.5,68.53,4.65,2020
Sumatera,Sumatera Barat,Sijunjung,235045,21521,9.1561,26.5724,14.246,6.78,8.11,10361,64.23,68.09,66.16,5.3,2020
Sumatera,Sumatera Barat,Tanah Datar,371704,53116,14.2899,22.2785,22.528,4.4,8.61,10588,67.94,71.86,69.9,4.79,2020
Sumatera,Sumatera Barat,Padang Pariaman,430626,51739,12.0148,25.7372,19.3016,6.95,7.87,10998,66.77,70.72,68.74,8.13,2020
Sumatera,Sumatera Barat,Agam,529138,70682,13.358,23.1873,21.0512,6.75,8.96,9651,70.41,74.24,72.32,4.61,2020
Sumatera,Sumatera Barat,Lima Puluh Kota,383525,48250,12.5807,24.0589,19.8557,6.86,7.99,9596,67.79,71.71,69.75,3.03,2020
Sumatera,Sumatera Barat,Pasaman,299851,27300,9.1045,27.0998,14.2714,7.16,8.09,8425,65.37,69.34,67.36,5.04,2020
Sumatera,Sumatera Barat,Solok Selatan,182027,15414,8.468,25.9769,12.9173,7.15,8.28,10325,65.77,69.76,67.76,5.62,2020
Sumatera,Sumatera Barat,Dharmasraya,228591,17830,7.8,26.7985,11.9263,6.23,8.47,11273,69.35,73.22,71.28,5.31,2020
Sumatera,Sumatera Barat,Pasaman Barat,431672,29987,6.9467,28.4526,10.7533,7.04,8.19,9047,65.69,69.78,67.74,4.69,2020
Sumatera,Sumatera Barat,Kota Padang,909040,88894,9.7789,24.7332,14.9324,4.4,11.58,14481,71.76,75.45,73.6,13.64,2020
Sumatera,Sumatera Barat,Kota Solok,73438,5831,7.94,27.3782,12.2755,2.77,11.03,12117,71.7,75.44,73.57,8.35,2020
Sumatera,Sumatera Barat,Kota Sawah Lunto,65138,7155,10.9844,25.2295,17.2206,2.16,10.17,10182,68.02,71.9,69.96,8.2,2020
Sumatera,Sumatera Barat,Kota Padang Panjang,56311,5162,9.1669,26.7763,14.3107,5.24,11.62,10734,70.87,74.63,72.75,7.22,2020
Sumatera,Sumatera Barat,Kota Bukittinggi,121028,11736,9.6969,25.7808,15.0288,4.54,11.33,13282,72.51,76.18,74.34,7.51,2020
Sumatera,Sumatera Barat,Kota Payakumbuh,139576,14261,10.2174,26.2187,16.0742,5.65,10.73,13281,71.84,75.56,73.7,6.68,2020
Sumatera,Sumatera Barat,Kota Pariaman,94224,9559,10.145,25.5158,15.7679,4.1,10.59,12796,68.22,72.2,70.21,5.73,2020
Sumatera,Riau,Kuantan Singingi,334943,28600,8.5388,26.3457,13.1133,8.91,8.59,10243,66.43,70.48,68.46,5.21,2020
Sumatera,Riau,Indragiri Hulu,444548,28092,6.3192,28.2606,9.6595,5.96,8.38,10202,68.24,72.17,70.2,4.91,2020
Sumatera,Riau,Indragiri Hilir,654909,49718,7.5916,26.2328,11.4719,5.93,7.23,9954,65.81,69.79,67.8,4.35,2020
Sumatera,Riau,Pelalawan,390046,17407,4.4628,30.9704,6.9119,9.16,8.5,11606,69.17,73.05,71.11,5.99,2020
Sumatera,Riau,Siak,457940,22746,4.967,28.8819,7.5086,5.09,9.66,11799,69.12,72.99,71.06,5.8,2020
Sumatera,Riau,Kampar,841332,51124,6.0766,27.9818,9.2151,7.38,9.26,10796,68.75,72.68,70.72,6.15,2020
Sumatera,Riau,Rokan Hulu,561385,33865,6.0324,28.0661,9.1537,10.31,8.39,9374,68.05,71.97,70.01,4.42,2020
Sumatera,Riau,Bengkalis,565569,39468,6.9785,28.6651,10.8435,6.4,9.69,11331,69.22,73.08,71.15,9.31,2020
Sumatera,Riau,Rokan Hilir,637161,39894,6.2612,29.0322,9.6763,6.72,8.25,9362,68.31,72.21,70.26,4.8,2020
Sumatera,Riau,Kepulauan Meranti,206116,19500,9.4607,25.033,14.4424,25.28,7.7,7790,65.66,69.59,67.62,7.94,2020
Sumatera,Riau,Kota Pekanbaru,983356,66725,6.7854,27.0563,10.2564,2.62,11.68,14433,70.41,74.2,72.31,8.56,2020
Sumatera,Riau,Kota Dumai,316782,20489,6.4679,29.061,10.0322,3.16,10.07,11751,68.92,72.83,70.88,8.19,2020
Sumatera,Jambi,Kerinci,250259,30920,12.3552,22.758,19.0412,7.3,8.55,9995,67.98,71.84,69.91,2.43,2020
Sumatera,Jambi,Merangin,354052,25217,7.1224,27.3485,10.8691,8.63,7.76,10279,69.34,73.15,71.24,4.86,2020
Sumatera,Jambi,Sarolangun,290047,19265,6.642,27.7134,10.1182,8.42,7.87,11616,67.13,71.16,69.14,5.71,2020
Sumatera,Jambi,Batang Hari,301700,21796,7.2244,26.1601,10.8449,9.65,8.11,9825,68.61,72.48,70.54,4.42,2020
Sumatera,Jambi,Muaro Jambi,402017,25512,6.346,26.6001,9.464,3.83,8.57,8556,69.34,73.16,71.25,5.43,2020
Sumatera,Jambi,Tanjung Jabung Timur,229813,22126,9.6278,24.2171,14.5534,10.95,6.7,9026,64.3,68.12,66.21,1.41,2020
Sumatera,Jambi,Tanjung Jabung Barat,317498,22799,7.1808,27.1003,10.9266,10.29,7.71,9480,66.11,70.06,68.09,2.16,2020
Sumatera,Jambi,Tebo,337669,24825,7.3519,26.4256,11.1018,6.26,7.58,10389,67.96,71.9,69.93,2.95,2020
Sumatera,Jambi,Bungo,362363,26605,7.3421,27.9165,11.3406,5.8,8.27,11471,65.77,69.66,67.72,5.94,2020
Sumatera,Jambi,Kota Jambi,606200,49918,8.2346,25.7151,12.4671,8.27,10.92,12056,70.76,74.5,72.63,10.49,2020
Sumatera,Jambi,Kota Sungai Penuh,96610,11526,11.9304,23.0163,18.3395,3.03,10.32,10248,70.22,73.98,72.1,5.56,2020
Sumatera,Sumatera Selatan,Ogan Komering Ulu,367603,31304,8.5157,27.9367,13.4005,12.75,8.7,10020,65.98,70.15,68.06,6.01,2020
Sumatera,Sumatera Selatan,Ogan Komering Ilir,769348,60838,7.9077,26.3387,12.0263,14.73,7.04,10725,66.41,70.57,68.49,3.29,2020
Sumatera,Sumatera Selatan,Muara Enim,612900,51917,8.4707,27.6477,13.26,12.32,7.79,10951,67.25,70.86,69.06,4.9,2020
Sumatera,Sumatera Selatan,Lahat,430071,41823,9.7247,26.4831,15.2443,15.95,8.46,9730,64.01,67.95,65.98,4.18,2020
Sumatera,Sumatera Selatan,Musi Rawas,395570,35127,8.8801,26.5311,13.7487,13.5,7.52,9520,66.05,70.1,68.07,3.29,2020
Sumatera,Sumatera Selatan,Musi Banyuasin,622206,46558,7.4827,28.974,11.7758,16.13,7.62,10088,66.58,70.71,68.64,4.79,2020
Sumatera,Sumatera Selatan,Banyu Asin,836914,67894,8.1124,26.6477,12.4348,11.17,7.2,9850,66.8,70.92,68.86,4.73,2020
Sumatera,Sumatera Selatan,Ogan Komering Ulu Selatan,408981,35742,8.7393,24.6136,13.1128,10.85,7.84,8580,64.98,68.97,66.97,3.28,2020
Sumatera,Sumatera Selatan,Ogan Komering Ulu Timur,649853,64376,9.9062,25.3713,15.3057,10.43,7.55,11505,67.04,71.05,69.04,3.81,2020
Sumatera,Sumatera Selatan,Ogan Ilir,416549,36920,8.8633,27.505,13.9291,13.36,7.86,10424,63.46,67.38,65.42,4.91,2020
Sumatera,Sumatera Selatan,Empat Lawang,333622,32939,9.8731,21.9299,14.4774,12.63,7.6,9350,63.09,66.97,65.03,3.61,2020
Sumatera,Sumatera Selatan,Penukal Abab Lematang Ilir,194900,13700,7.0292,29.9523,11.1543,12.62,7.04,8196,66.09,70.23,68.16,3.74,2020
Sumatera,Sumatera Selatan,Musi Rawas Utara,188861,14568,7.7136,27.5912,11.923,19.47,6.84,9783,63.66,67.57,65.61,6.88,2020
Sumatera,Sumatera Selatan,Kota Palembang,1668848,160912,9.6421,26.2359,15.0371,10.89,10.53,14679,68.74,72.71,70.72,9.86,2020
Sumatera,Sumatera Selatan,Kota Prabumulih,193196,14035,7.2646,29.5798,11.5028,11.59,9.96,12723,68.27,72.24,70.26,6.64,2020
Sumatera,Sumatera Selatan,Kota Pagar Alam,143844,14267,9.9184,26.1499,15.514,9.07,9.39,8795,64.67,68.64,66.66,2.5,2020
Sumatera,Sumatera Selatan,Kota Lubuklinggau,234166,17972,7.6749,28.0562,11.9418,12.71,9.89,13243,67.14,71.19,69.16,7.41,2020
Sumatera,Bengkulu,Bengkulu Selatan,166249,15726,9.4593,25.4702,14.537,17.82,9.26,9837,65.86,69.88,67.87,3.52,2020
Sumatera,Bengkulu,Rejang Lebong,276645,24023,8.6837,24.372,12.9715,15.85,8.28,10234,66.65,70.5,68.58,3.7,2020
Sumatera,Bengkulu,Bengkulu Utara,296523,26522,8.9443,26.977,13.9584,11.67,7.87,10263,66.16,70.12,68.14,3.82,2020
Sumatera,Bengkulu,Kaur,126551,11025,8.7119,25.8536,13.3139,18.47,8.37,8593,64.72,68.52,66.62,2.73,2020
Sumatera,Bengkulu,Seluma,207877,17888,8.6051,25.2596,13.0113,18.56,7.99,8220,65.79,69.66,67.72,3.04,2020
Sumatera,Bengkulu,Mukomuko,190498,13503,7.0883,28.6617,11.0323,11.72,8.29,10266,64.71,68.54,66.62,3.59,2020
Sumatera,Bengkulu,Lebong,106293,10172,9.5698,24.9781,14.621,11.85,7.99,11124,61.29,65.18,63.24,3.92,2020
Sumatera,Bengkulu,Kepahiang,149737,12493,8.3433,23.948,12.3223,14.69,8.24,9273,66.0,69.88,67.94,2.52,2020
Sumatera,Bengkulu,Bengkulu Tengah,116706,9169,7.8565,26.5856,11.9841,9.3,7.47,9392,66.14,70.17,68.16,4.45,2020
Sumatera,Bengkulu,Kota Bengkulu,373591,26844,7.1854,26.4112,10.8208,17.65,11.79,13938,68.21,72.05,70.13,6.82,2020
Sumatera,Lampung,Lampung Barat,302139,25357,8.3925,26.6629,12.9225,12.52,8.06,9929,65.53,69.5,67.52,2.13,2020
Sumatera,Lampung,Tanggamus,640275,62736,9.7983,25.4709,15.137,11.68,7.22,9250,66.54,70.47,68.5,2.96,2020
Sumatera,Lampung,Lampung Selatan,1064301,92877,8.7266,26.6133,13.4961,14.08,7.69,9875,67.31,71.24,69.28,5.19,2020
Sumatera,Lampung,Lampung Timur,1110340,121574,10.9493,24.2827,16.9054,14.62,7.6,9983,68.71,72.63,70.67,2.64,2020
Sumatera,Lampung,Lampung Tengah,1460045,146778,10.053,23.6021,15.1526,11.82,7.58,11219,67.81,71.77,69.79,4.22,2020
Sumatera,Lampung,Lampung Utara,633099,58700,9.2719,27.2747,14.6121,19.3,8.21,8733,67.17,71.13,69.15,5.34,2020
Sumatera,Lampung,Way Kanan,473575,42583,8.9918,27.5202,14.163,12.9,7.7,9102,67.36,71.32,69.34,3.56,2020
Sumatera,Lampung,Tulangbawang,430021,33989,7.904,27.0691,12.155,9.33,7.49,10683,67.94,71.89,69.91,4.84,2020
Sumatera,Lampung,Pesawaran,477468,47300,9.9064,26.7476,15.6386,14.76,7.7,7892,67.0,70.94,68.97,4.64,2020
Sumatera,Lampung,Pringsewu,405466,41139,10.1461,25.2754,15.7113,9.97,8.38,10262,68.06,71.98,70.02,5.77,2020
Sumatera,Lampung,Mesuji,227518,18710,8.2235,26.3267,12.5646,7.33,6.88,7894,66.13,70.12,68.12,3.71,2020
Sumatera,Lampung,Tulang Bawang Barat,286162,28604,9.9957,25.2969,15.4476,7.39,7.24,8395,67.98,71.91,69.94,3.46,2020
Sumatera,Lampung,Pesisir Barat,162697,13958,8.5791,29.3914,13.8308,14.29,8.01,8457,61.55,65.34,63.44,3.41,2020
Sumatera,Lampung,Kota Bandar Lampung,1166066,114197,9.7934,23.7356,14.7333,8.81,10.93,12197,69.36,73.23,71.3,8.79,2020
Sumatera,Lampung,Kota Metro,168676,16785,9.951,24.9105,15.2767,8.47,10.96,11906,69.64,73.51,71.58,5.4,2020
Sumatera,Kep. Bangka Belitung,Bangka,326265,28964,8.8774,24.9693,13.4195,4.51,8.24,12416,69.06,72.94,71.0,5.42,2020
Sumatera,Kep. Bangka Belitung,Belitung,182079,17313,9.5085,22.9274,14.0733,6.27,8.46,13554,69.04,72.93,70.99,4.82,2020
Sumatera,Kep. Bangka Belitung,Bangka Barat,204612,16022,7.8304,26.3719,11.9008,2.7,7.22,12233,68.05,71.98,70.02,4.12,2020
Sumatera,Kep. Bangka Belitung,Bangka Tengah,198946,13690,6.8813,26.4479,10.3212,4.85,7.19,12909,69.39,73.23,71.31,5.59,2020
Sumatera,Kep. Bangka Belitung,Bangka Selatan,198189,13112,6.6159,24.5331,9.609,3.52,6.67,11757,66.1,70.1,68.1,5.42,2020
Sumatera,Kep. Bangka Belitung,Belitung Timur,127018,12507,9.8466,22.8031,14.62,6.52,8.22,11730,70.07,73.91,71.99,3.93,2020
Sumatera,Kep. Bangka Belitung,Kota Pangkal Pinang,218569,19936,9.1211,25.4698,13.9448,4.36,9.92,15663,71.36,75.12,73.24,6.93,2020
Sumatera,Kep. Riau,Karimun,253457,25309,9.9855,25.5365,15.4867,6.83,8.17,11885,68.91,72.81,70.86,8.36,2020
Sumatera,Kep. Riau,Bintan,159518,12476,7.8211,25.9344,11.8063,6.36,8.44,14482,68.34,72.3,70.32,8.86,2020
Sumatera,Kep. Riau,Natuna,81495,6916,8.4864,27.7134,13.3015,4.43,8.73,14705,63.08,66.92,65.0,4.1,2020
Sumatera,Kep. Riau,Lingga,98633,11660,11.8216,24.289,18.5032,13.85,6.67,11998,60.15,63.88,62.02,4.41,2020
Sumatera,Kep. Riau,Kepulauan Anambas,47402,3983,8.4026,27.1402,13.0359,6.56,7.17,11875,65.2,69.11,67.16,3.44,2020
Sumatera,Kep. Riau,Kota Batam,1196396,43867,3.6666,27.7602,5.347,4.75,11.14,18095,71.38,75.17,73.28,11.79,2020
Sumatera,Kep. Riau,Kota Tanjung Pinang,227663,21071,9.2553,25.1582,14.1117,9.37,10.25,15498,70.12,73.97,72.04,9.3,2020
Jawa,DKI Jakarta,Kep. Seribu,27749,1797,6.4759,27.2767,9.7753,14.87,8.68,12412,66.67,70.74,68.7,7.37,2020
Jawa,DKI Jakarta,Kota Jakarta Selatan,2226812,206441,9.2707,22.3816,13.564,3.43,11.63,23575,72.23,76.04,74.14,10.79,2020
Jawa,DKI Jakarta,Kota Jakarta Timur,3037139,264608,8.7124,23.6585,12.8826,4.16,11.66,17438,72.6,76.22,74.41,9.29,2020
Jawa,DKI Jakarta,Kota Jakarta Pusat,1056896,111771,10.5754,21.4067,15.548,4.51,11.38,17179,72.22,75.92,74.07,10.97,2020
Jawa,DKI Jakarta,Kota Jakarta Barat,2434511,216633,8.8984,23.2708,13.1186,4.25,10.63,20468,71.72,75.43,73.58,12.27,2020
Jawa,DKI Jakarta,Kota Jakarta Utara,1778981,152930,8.5965,24.0591,12.765,6.78,10.8,18437,71.36,75.13,73.24,11.79,2020
Jawa,Jawa Barat,Bogor,5427068,377790,6.9612,25.3908,10.2904,7.69,8.3,10317,69.24,73.06,71.15,14.29,2020
Jawa,Jawa Barat,Sukabumi,2725450,267985,9.8327,24.6832,15.0154,7.09,7.07,8823,69.03,72.87,70.95,9.6,2020
Jawa,Jawa Barat,Cianjur,2477560,232119,9.3689,25.8163,14.4548,10.36,7.18,7980,68.17,72.03,70.1,11.05,2020
Jawa,Jawa Barat,Bandung,3623790,294226,8.1193,26.4627,12.4114,6.91,8.96,10201,71.67,75.34,73.5,8.58,2020
Jawa,Jawa Barat,Garut,2585607,214848,8.3094,27.0997,12.8646,9.98,7.52,7876,69.49,73.3,71.4,8.96,2020
Jawa,Jawa Barat,Tasikmalaya,1865203,226695,12.1539,23.4318,18.8683,10.34,7.35,7852,67.51,71.39,69.45,7.12,2020
Jawa,Jawa Barat,Ciamis,1229069,191524,15.5829,21.3475,24.7074,7.62,7.7,9288,69.92,73.72,71.82,5.66,2020
Jawa,Jawa Barat,Kuningan,1167686,142273,12.1842,23.8048,19.0345,12.82,7.57,9459,71.72,75.42,73.57,11.22,2020
Jawa,Jawa Barat,Cirebon,2270621,191520,8.4347,24.0338,12.49,11.24,6.92,10342,70.08,73.87,71.97,11.52,2020
Jawa,Jawa Barat,Majalengka,1305476,158353,12.1299,22.2927,18.4971,11.43,7.27,9521,68.31,72.18,70.24,5.84,2020
Jawa,Jawa Barat,Sumedang,1152507,155649,13.5053,22.6192,21.1431,10.26,8.51,10217,70.52,74.3,72.41,9.89,2020
Jawa,Jawa Barat,Indramayu,1834434,173606,9.4637,22.8659,13.9851,12.7,6.3,9859,69.72,73.52,71.62,9.21,2020
Jawa,Jawa Barat,Subang,1595320,183965,11.5315,21.9367,17.3324,9.31,7.1,10790,70.46,74.22,72.34,9.48,2020
Jawa,Jawa Barat,Purwakarta,997869,86698,8.6883,25.2424,13.1503,8.27,8.09,11614,69.05,72.89,70.97,11.07,2020
Jawa,Jawa Barat,Karawang,2439085,203497,8.3432,24.2329,12.3742,8.26,7.77,11315,70.25,74.03,72.14,11.52,2020
Jawa,Jawa Barat,Bekasi,3113017,182750,5.8705,25.3192,8.5314,4.82,9.12,11241,71.81,75.5,73.66,11.54,2020
Jawa,Jawa Barat,Bandung Barat,1788336,165945,9.2793,25.0603,14.1323,10.49,8.19,8455,70.43,74.2,72.32,12.25,2020
Jawa,Jawa Barat,Pangandaran,423667,62991,14.868,21.1843,23.2503,8.99,7.74,9084,69.49,73.29,71.39,5.08,2020
Jawa,Jawa Barat,Kota Bogor,1043070,96581,9.2593,24.4041,13.9581,6.68,10.33,11564,71.74,75.44,73.59,12.68,2020
Jawa,Jawa Barat,Kota Sukabumi,346325,34325,9.9112,25.1293,15.2575,7.7,9.59,10999,70.52,74.28,72.4,12.17,2020
Jawa,Jawa Barat,Kota Bandung,2444160,262781,10.7514,22.837,16.189,3.99,10.75,16887,72.45,75.97,74.21,11.19,2020
Jawa,Jawa Barat,Kota Cirebon,333303,33295,9.9894,24.2551,15.1918,9.52,9.91,11800,70.35,74.13,72.24,10.97,2020
Jawa,Jawa Barat,Kota Bekasi,2543676,209163,8.2229,23.5725,12.0562,4.38,11.16,15776,73.22,76.71,74.96,10.68,2020
Jawa,Jawa Barat,Kota Depok,2056335,164223,7.9862,24.5878,11.8444,2.45,11.28,15281,72.61,76.42,74.52,9.87,2020
Jawa,Jawa Barat,Kota Cimahi,568400,51892,9.1295,23.1179,13.4747,5.11,10.96,12025,72.19,75.77,73.98,13.3,2020
Jawa,Jawa Barat,Kota Tasikmalaya,716155,73240,10.2268,24.8988,15.7641,12.97,9.33,10263,70.25,74.02,72.13,7.99,2020
Jawa,Jawa Barat,Kota Banjar,200973,25390,12.6335,22.7752,19.5592,6.09,8.63,10535,69.04,72.89,70.96,6.73,2020
Jawa,Jawa Tengah,Cilacap,1944857,237548,12.2142,22.3476,18.6652,11.46,6.97,10440,71.85,75.56,73.7,9.1,2020
Jawa,Jawa Tengah,Banyumas,1776918,234162,13.178,22.3984,20.4552,13.26,7.52,11448,71.8,75.55,73.68,6.0,2020
Jawa,Jawa Tengah,Purbalingga,998561,124789,12.4969,23.3609,19.4831,15.9,7.24,9914,71.22,74.99,73.1,6.1,2020
Jawa,Jawa Tengah,Banjarnegara,1017767,131512,12.9216,22.6222,20.0471,15.64,6.74,9263,72.31,75.99,74.15,5.86,2020
Jawa,Jawa Tengah,Kebumen,1350438,179182,13.2684,22.616,20.6946,17.59,7.54,8901,71.5,75.24,73.37,6.07,2020
Jawa,Jawa Tengah,Purworejo,769880,120627,15.6683,20.8344,24.6755,11.78,8.12,10163,72.85,76.51,74.68,4.04,2020
Jawa,Jawa Tengah,Wonosobo,879124,104766,11.9171,22.8269,18.2621,17.36,6.81,10621,69.89,73.7,71.8,5.37,2020
Jawa,Jawa Tengah,Magelang,1299859,172423,13.2647,21.8672,20.4488,11.27,7.78,9301,71.84,75.55,73.69,4.27,2020
Jawa,Jawa Tengah,Boyolali,1062713,145754,13.7153,22.4675,21.4915,10.18,7.84,12910,74.15,77.85,76.0,5.28,2020
Jawa,Jawa Tengah,Klaten,1260506,182789,14.5012,21.0181,22.4893,12.89,8.58,11921,75.01,78.69,76.85,5.46,2020
Jawa,Jawa Tengah,Sukoharjo,907587,115386,12.7135,21.8745,19.436,7.68,9.34,11325,75.9,79.61,77.76,6.93,2020
Jawa,Jawa Tengah,Wonogiri,1043177,201107,19.2783,18.2744,30.8713,10.86,7.33,9286,74.35,78.02,76.18,4.27,2020
Jawa,Jawa Tengah,Karanganyar,931963,125057,13.4187,22.3119,20.8788,10.28,8.56,11428,75.72,79.32,77.52,5.96,2020
Jawa,Jawa Tengah,Sragen,976951,143009,14.6383,21.6995,22.9937,13.38,7.65,12589,73.91,77.54,75.72,4.75,2020
Jawa,Jawa Tengah,Grobogan,1453526,176741,12.1595,22.6322,18.6471,12.46,6.91,10221,72.9,76.54,74.72,4.5,2020
Jawa,Jawa Tengah,Blora,884333,125280,14.1666,19.8249,21.4618,11.96,6.83,9571,72.54,76.21,74.38,4.89,2020
Jawa,Jawa Tengah,Rembang,645333,81676,12.6564,21.2717,19.1555,15.6,7.16,10328,72.67,76.34,74.5,4.83,2020
Jawa,Jawa Tengah,Pati,1324188,171124,12.9229,21.2263,19.6246,10.08,7.44,10390,74.22,78.01,76.12,4.74,2020
Jawa,Jawa Tengah,Kudus,849184,82292,9.6907,23.3186,14.4658,7.31,8.75,11160,74.8,78.57,76.68,5.53,2020
Jawa,Jawa Tengah,Jepara,1184947,121448,10.2492,23.456,15.4601,7.17,7.68,10343,74.04,77.81,75.93,6.7,2020
Jawa,Jawa Tengah,Demak,1203956,116549,9.6805,24.2146,14.6442,12.54,7.71,10128,73.59,77.29,75.44,7.31,2020
Jawa,Jawa Tengah,Semarang,1053094,126233,11.9869,22.1638,18.2035,7.51,8.02,11966,73.93,77.61,75.77,4.57,2020
Jawa,Jawa Tengah,Temanggung,790174,106027,13.4182,22.0076,20.7795,9.96,7.24,9343,73.75,77.49,75.62,3.85,2020
Jawa,Jawa Tengah,Kendal,1018505,111179,10.9159,22.332,16.3529,9.99,7.45,11425,72.58,76.26,74.42,7.56,2020
Jawa,Jawa Tengah,Batang,801718,83605,10.4282,23.4526,15.7719,9.13,6.87,9431,72.84,76.58,74.71,6.92,2020
Jawa,Jawa Tengah,Pekalongan,968821,95781,9.8863,24.1712,14.9924,10.19,6.91,10312,71.79,75.52,73.66,6.97,2020
Jawa,Jawa Tengah,Pemalang,1471489,153708,10.4457,23.3307,15.7735,16.02,6.42,8461,71.5,75.24,73.37,7.64,2020
Jawa,Jawa Tengah,Tegal,1596996,148761,9.3151,24.7106,14.1192,8.14,6.98,9612,69.68,73.47,71.58,9.82,2020
Jawa,Jawa Tengah,Brebes,1978759,200770,10.1463,23.5002,15.2912,17.03,6.21,10058,67.4,71.23,69.32,9.83,2020
Jawa,Jawa Tengah,Kota Magelang,121526,17381,14.3023,20.0558,21.7883,7.58,10.39,12210,75.04,78.74,76.89,8.59,2020
Jawa,Jawa Tengah,Kota Surakarta,522364,68718,13.1552,21.128,20.018,9.03,10.69,14761,75.45,79.12,77.28,7.92,2020
Jawa,Jawa Tengah,Kota Salatiga,192322,23709,12.3278,21.7458,18.6993,4.94,10.42,15699,75.45,79.29,77.37,7.44,2020
Jawa,Jawa Tengah,Kota Semarang,1653524,177373,10.727,22.1961,15.992,4.34,10.53,15243,75.59,79.26,77.43,9.57,2020
Jawa,Jawa Tengah,Kota Pekalongan,307150,28748,9.3596,23.7617,13.9949,7.17,8.96,12467,72.5,76.18,74.34,7.02,2020
Jawa,Jawa Tengah,Kota Tegal,273825,27220,9.9407,23.5592,14.9483,7.8,8.51,12999,72.61,76.38,74.5,8.4,2020
Jawa,DI Yogyakarta,Kulon Progo,436395,78399,17.9651,20.3371,29.118,18.01,8.86,10041,73.38,77.15,75.26,3.71,2020
Jawa,DI Yogyakarta,Bantul,985770,143191,14.5258,21.2597,22.6208,13.5,9.55,15517,71.96,75.68,73.82,4.06,2020
Jawa,DI Yogyakarta,Gunung Kidul,747161,152275,20.3805,18.8251,33.5236,17.07,7.21,9486,72.21,75.93,74.07,2.16,2020
Jawa,DI Yogyakarta,Sleman,1125804,157011,13.9466,21.0641,21.4598,8.12,10.91,15926,72.94,76.68,74.81,5.09,2020
Jawa,DI Yogyakarta,Kota Yogyakarta,373589,53815,14.4049,19.4438,21.7756,7.27,11.46,18678,72.78,76.37,74.58,9.16,2020
Jawa,Jawa Timur,Pacitan,586110,111129,18.9604,18.1799,30.1631,14.54,7.6,8796,69.96,73.82,71.89,2.28,2020
Jawa,Jawa Timur,Ponorogo,949318,169823,17.8889,18.6438,28.1861,9.95,7.54,9670,70.8,74.62,72.71,4.45,2020
Jawa,Jawa Timur,Trenggalek,731125,119284,16.3151,19.3506,25.3599,11.62,7.55,9630,71.81,75.56,73.68,4.11,2020
Jawa,Jawa Timur,Tulungagung,1089775,158121,14.5095,20.1547,22.2076,7.33,8.33,10705,72.16,75.88,74.02,4.61,2020
Jawa,Jawa Timur,Blitar,1223745,176751,14.4435,20.9826,22.3673,9.33,7.39,10654,71.58,75.35,73.46,3.82,2020
Jawa,Jawa Timur,Kediri,1635294,209608,12.8178,21.6024,19.5453,11.4,8.02,11000,70.64,74.46,72.55,5.24,2020
Jawa,Jawa Timur,Malang,2654448,340310,12.8204,21.3787,19.4836,10.15,7.42,10028,70.58,74.41,72.5,5.49,2020
Jawa,Jawa Timur,Lumajang,1119251,161365,14.4172,20.8076,22.2573,9.83,6.4,9088,68.06,72.02,70.04,3.36,2020
Jawa,Jawa Timur,Jember,2536729,340071,13.4059,20.86,20.3941,10.09,6.48,9294,67.11,71.08,69.1,5.12,2020
Jawa,Jawa Timur,Banyuwangi,1708114,238587,13.9679,21.1803,21.5381,8.06,7.16,12140,68.61,72.58,70.6,5.34,2020
Jawa,Jawa Timur,Bondowoso,776151,120724,15.5542,20.2336,24.2231,14.17,5.93,10610,64.71,68.65,66.68,4.13,2020
Jawa,Jawa Timur,Situbondo,685967,105173,15.3321,19.297,23.454,12.22,6.46,9857,67.09,71.04,69.06,3.85,2020
Jawa,Jawa Timur,Probolinggo,1152537,145078,12.5877,22.5605,19.41,18.61,6.11,10859,65.17,69.12,67.15,4.86,2020
Jawa,Jawa Timur,Pasuruan,1605969,172231,10.7244,22.6207,16.0895,9.26,7.4,10164,68.19,72.15,70.17,6.24,2020
Jawa,Jawa Timur,Sidoarjo,2082801,196878,9.4526,22.5831,13.9081,5.59,10.5,14458,72.12,75.83,73.97,10.97,2020
Jawa,Jawa Timur,Mojokerto,1119209,125529,11.2159,22.835,17.0068,10.57,8.51,12779,70.57,74.38,72.47,5.75,2020
Jawa,Jawa Timur,Jombang,1318062,155891,11.8273,22.6161,18.0413,9.94,8.54,11261,70.43,74.26,72.34,7.48,2020
Jawa,Jawa Timur,Nganjuk,1103902,152180,13.7856,21.4424,21.2834,11.62,7.64,12130,69.54,73.43,71.49,4.8,2020
Jawa,Jawa Timur,Madiun,744350,126553,17.0018,19.2615,26.6751,11.46,7.81,11574,69.38,73.27,71.32,4.8,2020
Jawa,Jawa Timur,Magetan,670812,124213,18.5168,19.7979,30.0182,10.35,8.24,11776,70.61,74.46,72.54,3.74,2020
Jawa,Jawa Timur,Ngawi,870057,145244,16.6936,19.8203,26.2949,15.44,7.06,11418,70.33,74.16,72.24,5.44,2020
Jawa,Jawa Timur,Bojonegoro,1301635,180558,13.8716,20.4875,21.1326,12.87,7.33,10121,69.57,73.44,71.5,4.92,2020
Jawa,Jawa Timur,Tuban,1198012,162443,13.5594,20.4544,20.5488,15.91,6.95,10238,69.43,73.32,71.38,4.81,2020
Jawa,Jawa Timur,Lamongan,1344165,193001,14.3584,20.1135,21.9119,13.85,7.92,11456,70.43,74.26,72.34,5.13,2020
Jawa,Jawa Timur,Gresik,1311215,132220,10.0838,22.9269,15.0528,12.4,9.3,13246,70.69,74.52,72.6,8.21,2020
Jawa,Jawa Timur,Bangkalan,1060377,111364,10.5023,22.5855,15.6956,20.56,5.95,8610,68.15,72.1,70.12,8.77,2020
Jawa,Jawa Timur,Sampang,969694,95419,9.8401,23.3914,14.7377,22.78,4.85,8739,65.99,69.98,67.98,3.35,2020
Jawa,Jawa Timur,Pamekasan,850057,92436,10.8741,23.0552,16.4583,14.6,6.69,8739,65.54,69.51,67.53,3.49,2020
Jawa,Jawa Timur,Sumenep,1124436,169997,15.1184,19.0806,22.976,20.18,5.71,8888,69.41,73.29,71.35,2.84,2020
Jawa,Jawa Timur,Kota Kediri,286796,33647,11.732,22.7179,17.8978,7.69,9.93,12239,72.09,75.84,73.96,6.21,2020
Jawa,Jawa Timur,Kota Blitar,149149,18455,12.3735,22.32,18.9469,7.78,10.11,13733,71.82,75.56,73.69,6.68,2020
Jawa,Jawa Timur,Kota Malang,843810,101911,12.0775,22.2616,18.3937,4.44,10.18,16593,71.31,75.13,73.22,9.61,2020
Jawa,Jawa Timur,Kota Probolinggo,239649,25177,10.5058,24.1587,16.0797,7.43,8.7,12180,68.25,72.21,70.23,6.7,2020
Jawa,Jawa Timur,Kota Pasuruan,208006,20016,9.6228,24.9387,14.7051,6.66,9.12,13281,69.52,73.4,71.46,6.33,2020
Jawa,Jawa Timur,Kota Mojokerto,132434,15018,11.34,23.5846,17.4259,6.24,10.25,13499,71.36,75.16,73.26,6.74,2020
Jawa,Jawa Timur,Kota Madiun,195175,29481,15.1049,20.0492,23.2935,4.98,11.14,16018,70.85,74.67,72.76,8.32,2020
Jawa,Jawa Timur,Kota Surabaya,2874314,313903,10.921,22.9533,16.5155,5.02,10.49,17755,72.26,75.97,74.12,9.79,2020
Jawa,Jawa Timur,Kota Batu,213046,24909,11.6918,22.2346,17.6952,3.89,9.07,12824,70.62,74.49,72.56,5.93,2020
Jawa,Banten,Pandeglang,1272687,103749,8.152,26.7888,12.5301,9.92,7.1,8572,62.69,66.54,64.62,9.15,2020
Jawa,Banten,Lebak,1386793,108842,7.8485,27.0232,12.0508,9.24,6.4,8690,65.19,69.13,67.16,9.63,2020
Jawa,Banten,Tangerang,3245619,192092,5.9185,25.9289,8.6842,6.23,8.39,12203,67.86,71.81,69.84,13.06,2020
Jawa,Banten,Serang,1622630,117911,7.2667,25.7684,10.8514,4.94,7.5,10665,62.68,66.5,64.59,12.22,2020
Jawa,Banten,Kota Tangerang,1895486,143212,7.5554,25.1621,11.2294,5.22,10.69,14484,69.61,73.49,71.55,8.63,2020
Jawa,Banten,Kota Cilegon,434896,28874,6.6393,27.7326,10.1165,3.69,9.87,13010,64.66,68.58,66.62,12.69,2020
Jawa,Banten,Kota Serang,692101,40632,5.8708,27.9297,8.8684,6.06,8.76,13212,65.87,69.94,67.9,9.26,2020
Jawa,Banten,Kota Tangerang Selatan,1354350,115562,8.5327,24.0364,12.6539,2.29,11.81,15667,70.51,74.31,72.41,8.48,2020
Sumatera,Aceh,Simeulue,94072,7163,7.6144,26.9485,11.6362,18.98,9.48,7148,63.33,67.15,65.24,5.71,2021
Sumatera,Aceh,Aceh Singkil,128432,7187,5.596,31.3419,8.8737,20.36,8.68,8776,65.4,69.31,67.36,8.36,2021
Sumatera,Aceh,Aceh Selatan,234380,23007,9.8161,23.6727,14.7586,13.18,8.88,8180,62.46,66.26,64.36,6.46,2021
Sumatera,Aceh,Aceh Tenggara,223673,16711,7.4712,28.3543,11.642,13.41,9.67,8030,66.17,70.14,68.16,6.43,2021
Sumatera,Aceh,Aceh Timur,426888,29780,6.9761,30.2693,11.1164,14.45,8.21,8577,66.76,70.65,68.71,7.13,2021
Sumatera,Aceh,Aceh Tengah,217908,17411,7.9901,28.1215,12.5063,15.26,9.86,10780,66.8,70.78,68.79,2.61,2021
Sumatera,Aceh,Aceh Barat,200445,18182,9.0708,25.5412,13.8723,18.81,9.55,9593,65.96,69.93,67.94,7.09,2021
Sumatera,Aceh,Aceh Besar,410322,35156,8.5679,28.2142,13.553,14.05,10.33,9644,67.8,71.69,69.74,7.7,2021
Sumatera,Aceh,Pidie,438976,45505,10.3662,25.2622,16.1036,19.59,9.0,9860,64.95,68.85,66.9,7.28,2021
Sumatera,Aceh,Bireuen,441275,40233,9.1174,27.3081,14.3414,13.25,9.29,8867,69.26,73.14,71.2,4.32,2021
Sumatera,Aceh,Aceh Utara,610428,52545,8.6079,27.5672,13.4867,17.43,8.64,8201,66.78,70.73,68.76,8.31,2021
Sumatera,Aceh,Aceh Barat Daya,152517,12918,8.4699,24.9316,12.7178,16.34,8.67,8428,63.1,66.93,65.02,4.04,2021
Sumatera,Aceh,Gayo Lues,101034,6409,6.3434,29.1536,9.8343,19.64,8.4,8856,63.55,67.4,65.47,1.84,2021
Sumatera,Aceh,Aceh Tamiang,297416,24085,8.0981,27.2336,12.5225,13.34,8.91,8367,67.59,71.54,69.56,5.87,2021
Sumatera,Aceh,Nagan Raya,170055,16089,9.4611,25.2583,14.4929,18.23,8.69,8292,67.24,71.19,69.22,4.99,2021
Sumatera,Aceh,Aceh Jaya,94430,7759,8.2167,29.0861,13.1053,13.23,8.71,9666,65.19,69.09,67.14,3.47,2021
Sumatera,Aceh,Bener Meriah,163491,12260,7.4989,28.8248,11.7766,19.16,10.0,11118,67.27,71.14,69.2,1.24,2021
Sumatera,Aceh,Pidie Jaya,160062,16116,10.0686,25.85,15.7122,19.55,9.34,10290,68.21,72.08,70.14,3.57,2021
Sumatera,Aceh,Kota Banda Aceh,255495,18246,7.1414,28.5822,11.1105,7.61,12.83,16891,69.56,73.38,71.47,8.94,2021
Sumatera,Aceh,Kota Sabang,41674,3688,8.8496,28.0271,14.0196,15.32,11.18,11378,68.55,72.46,70.5,3.56,2021
Sumatera,Aceh,Kota Langsa,188339,15955,8.4714,24.9322,12.7205,10.96,11.12,12067,67.42,71.35,69.38,7.21,2021
Sumatera,Aceh,Kota Lhokseumawe,191137,14426,7.5475,27.1904,11.5649,11.16,11.11,11390,69.7,73.52,71.61,11.16,2021
Sumatera,Aceh,Kota Subulussalam,92448,4430,4.7919,32.2819,7.6151,17.65,8.03,7385,62.14,65.91,64.03,6.26,2021
Sumatera,Sumatera Utara,Nias,149500,10954,7.3271,30.5284,11.7904,16.82,5.64,6995,67.79,71.7,69.74,3.12,2021
Sumatera,Sumatera Utara,Mandailing Natal,479672,37880,7.8971,30.794,12.8808,9.49,8.63,9771,60.74,64.47,62.6,6.12,2021
Sumatera,Sumatera Utara,Tapanuli Selatan,304365,25186,8.2749,30.0862,13.4249,8.8,9.29,11304,63.05,66.82,64.94,4.0,2021
Sumatera,Sumatera Utara,Tapanuli Tengah,370800,29660,7.9989,27.3843,12.379,12.67,8.84,10138,65.19,69.17,67.18,7.24,2021
Sumatera,Sumatera Utara,Tapanuli Utara,315304,34709,11.0081,29.731,18.5757,9.72,9.99,11710,66.72,70.7,68.71,1.54,2021
Sumatera,Sumatera Utara,Toba Samosir / Toba,208045,22651,10.8875,29.5268,18.2721,8.99,10.57,12224,68.22,72.2,70.21,0.83,2021
Sumatera,Sumatera Utara,Labuhan Batu,499789,35365,7.076,28.3852,10.9639,8.74,9.25,11212,67.92,71.9,69.91,5.66,2021
Sumatera,Sumatera Utara,Asahan,779483,65937,8.4591,27.8972,13.2913,9.35,8.8,11030,66.34,70.33,68.34,6.39,2021
Sumatera,Sumatera Utara,Simalungun,1003380,110677,11.0304,24.6677,17.1541,8.81,9.61,11376,69.38,73.27,71.32,4.17,2021
Sumatera,Sumatera Utara,Dairi,313119,30034,9.5919,29.1071,15.6472,8.31,9.59,10504,67.2,71.08,69.14,1.49,2021
Sumatera,Sumatera Utara,Karo,409286,41208,10.0683,25.9227,15.7294,8.79,10.0,12412,69.55,73.46,71.5,1.95,2021
Sumatera,Sumatera Utara,Deli Serdang,1955550,157048,8.0309,27.2511,12.409,4.01,10.1,12291,69.88,73.65,71.76,9.13,2021
Sumatera,Sumatera Utara,Langkat,1040829,94193,9.0498,25.6308,13.8547,10.12,8.66,11142,66.98,70.89,68.94,5.12,2021
Sumatera,Sumatera Utara,Nias Selatan,367344,22190,6.0407,27.9539,9.1518,16.92,6.06,7041,66.87,70.76,68.82,3.91,2021
Sumatera,Sumatera Utara,Humbang Hasundutan,199967,21368,10.6858,31.1671,18.3771,9.65,9.71,8016,67.45,71.42,69.44,1.94,2021
Sumatera,Sumatera Utara,Pakpak Bharat,53046,3601,6.7884,33.2956,11.33,9.35,9.14,8254,63.94,67.84,65.89,1.36,2021
Sumatera,Sumatera Utara,Samosir,137798,15675,11.3753,29.885,19.3657,12.68,9.44,8504,69.39,73.3,71.34,0.7,2021
Sumatera,Sumatera Utara,Serdang Bedagai,664740,60656,9.1248,27.7952,14.4654,8.3,8.69,11017,66.86,70.75,68.81,3.93,2021
Sumatera,Sumatera Utara,Batu Bara,416360,35498,8.5258,28.735,13.5893,12.38,8.07,10539,65.13,69.02,67.07,6.62,2021
Sumatera,Sumatera Utara,Padang Lawas Utara,264938,16105,6.0788,32.2109,9.8505,9.92,9.38,10055,65.2,69.18,67.19,3.19,2021
Sumatera,Sumatera Utara,Padang Lawas,265129,15716,5.9277,31.8256,9.5229,8.69,9.02,8921,65.18,69.04,67.11,4.07,2021
Sumatera,Sumatera Utara,Labuhan Batu Selatan,318887,16980,5.3248,30.7068,8.3241,8.53,8.9,11562,66.72,70.71,68.72,4.71,2021
Sumatera,Sumatera Utara,Labuhan Batu Utara,387714,26642,6.8716,29.2984,10.7654,10.02,8.41,11840,67.59,71.48,69.54,5.74,2021
Sumatera,Sumatera Utara,Nias Utara,150174,10647,7.0898,29.4232,11.1673,25.66,6.77,6155,67.52,71.45,69.48,3.0,2021
Sumatera,Sumatera Utara,Nias Barat,91422,6229,6.8135,31.756,11.0913,26.42,6.69,5924,67.07,70.99,69.03,0.74,2021
Sumatera,Sumatera Utara,Kota Sibolga,90311,7116,7.8794,27.8925,12.2679,12.33,10.41,11540,67.29,71.18,69.24,8.72,2021
Sumatera,Sumatera Utara,Kota Tanjung Balai,178105,13225,7.4254,28.9217,11.6654,13.4,9.45,11225,61.58,65.27,63.42,6.59,2021
Sumatera,Sumatera Utara,Kota Pematang Siantar,270223,31459,11.6419,24.4998,18.2308,8.52,11.29,12436,71.9,75.58,73.74,11.0,2021
Sumatera,Sumatera Utara,Kota Tebing Tinggi,174573,17179,9.8406,26.7006,15.507,10.3,10.44,12939,69.02,72.85,70.94,8.37,2021
Sumatera,Sumatera Utara,Kota Medan,2449155,246010,10.0447,23.8237,15.1889,8.34,11.48,14999,71.37,75.07,73.22,10.81,2021
Sumatera,Sumatera Utara,Kota Binjai,295113,26903,9.1162,26.3228,14.1202,5.81,10.94,11063,70.54,74.32,72.43,7.86,2021
Sumatera,Sumatera Utara,Kota Padangsidimpuan,228354,19296,8.45,27.1591,13.123,7.53,11.09,10965,67.34,71.43,69.39,7.18,2021
Sumatera,Sumatera Utara,Kota Gunungsitoli,138023,9552,6.9206,31.6382,11.2638,16.45,8.62,8134,69.34,73.2,71.27,4.8,2021
Sumatera,Sumatera Barat,Kepulauan Mentawai,88712,6023,6.7894,27.8903,10.394,14.84,7.2,6321,62.72,66.6,64.66,2.79,2021
Sumatera,Sumatera Barat,Pesisir Selatan,509992,55657,10.9133,25.6053,17.1914,7.92,8.27,9270,68.93,72.85,70.89,5.97,2021
Sumatera,Sumatera Barat,Solok,395168,42537,10.7643,25.2237,16.816,8.01,7.87,10215,66.77,70.71,68.74,4.67,2021
Sumatera,Sumatera Barat,Sijunjung,237420,22386,9.4289,26.2695,14.6635,6.8,8.12,10389,64.38,68.24,66.31,3.57,2021
Sumatera,Sumatera Barat,Tanah Datar,374549,54489,14.5479,22.0996,22.9634,4.54,8.62,10616,68.12,72.04,70.08,4.63,2021
Sumatera,Sumatera Barat,Padang Pariaman,436141,52861,12.1202,25.4076,19.4009,7.22,7.88,11050,66.94,70.89,68.91,8.41,2021
Sumatera,Sumatera Barat,Agam,537207,75244,14.0065,22.9208,22.2069,6.85,8.97,9662,70.58,74.39,72.48,5.06,2021
Sumatera,Sumatera Barat,Lima Puluh Kota,387047,49528,12.7964,23.7524,20.1673,7.29,8.07,9668,67.84,71.76,69.8,2.25,2021
Sumatera,Sumatera Barat,Pasaman,303393,28397,9.3598,26.7541,14.6508,7.48,8.1,8440,65.53,69.55,67.54,4.92,2021
Sumatera,Sumatera Barat,Solok Selatan,184544,15926,8.6299,25.8372,13.1688,7.52,8.32,10367,65.94,69.99,67.96,4.84,2021
Sumatera,Sumatera Barat,Dharmasraya,231594,18585,8.0248,26.5603,12.2676,6.67,8.55,11324,69.55,73.41,71.48,5.0,2021
Sumatera,Sumatera Barat,Pasaman Barat,436879,31640,7.2423,28.0938,11.1999,7.51,8.27,9089,65.69,69.94,67.82,5.02,2021
Sumatera,Sumatera Barat,Kota Padang,919511,93230,10.1391,24.6496,15.5481,4.94,11.59,14540,71.83,75.46,73.64,13.37,2021
Sumatera,Sumatera Barat,Kota Solok,74581,6158,8.2568,27.2415,12.8009,3.12,11.04,12168,71.83,75.56,73.69,5.15,2021
Sumatera,Sumatera Barat,Kota Sawah Lunto,65807,7435,11.2982,25.0414,17.7476,2.38,10.32,10195,68.15,71.99,70.07,6.38,2021
Sumatera,Sumatera Barat,Kota Padang Panjang,56938,5339,9.3769,26.6606,14.6599,5.92,11.63,10754,70.87,74.63,72.75,4.9,2021
Sumatera,Sumatera Barat,Kota Bukittinggi,121979,12185,9.9894,25.6741,15.5268,5.14,11.34,13331,72.66,76.3,74.48,6.09,2021
Sumatera,Sumatera Barat,Kota Payakumbuh,140950,14792,10.4945,25.9546,16.5135,6.16,10.81,13317,71.96,75.65,73.81,6.47,2021
Sumatera,Sumatera Barat,Kota Pariaman,94901,9866,10.3961,25.3854,16.1886,4.38,10.67,12818,68.26,72.3,70.28,6.09,2021
Sumatera,Riau,Kuantan Singingi,338024,29788,8.8124,26.1754,13.555,8.97,8.75,10309,66.43,70.54,68.49,2.06,2021
Sumatera,Riau,Indragiri Hulu,449596,29881,6.6462,27.9366,10.1597,6.18,8.39,10260,68.24,72.17,70.2,3.32,2021
Sumatera,Riau,Indragiri Hilir,661449,52237,7.8974,26.0165,11.9501,6.18,7.24,9945,65.94,69.95,67.94,2.66,2021
Sumatera,Riau,Pelalawan,395404,18773,4.7478,30.5819,7.3415,9.63,8.7,11672,69.25,73.12,71.18,2.34,2021
Sumatera,Riau,Siak,463472,24368,5.2577,28.4716,7.9337,5.18,9.86,11807,69.16,73.01,71.09,4.34,2021
Sumatera,Riau,Kampar,852633,54469,6.3883,27.8802,9.7188,7.82,9.27,10858,68.81,72.75,70.78,4.27,2021
Sumatera,Riau,Rokan Hulu,568268,35923,6.3215,27.6222,9.5698,10.4,8.54,9406,68.18,72.09,70.14,2.25,2021
Sumatera,Riau,Bengkalis,570155,44801,7.8577,27.6228,12.1788,6.64,9.7,11415,69.28,73.11,71.19,6.63,2021
Sumatera,Riau,Rokan Hilir,645005,42880,6.648,28.5596,10.2605,7.18,8.26,9417,68.41,72.29,70.35,3.25,2021
Sumatera,Riau,Kepulauan Meranti,207802,20243,9.7415,24.916,14.9083,25.68,7.84,7780,65.77,69.69,67.73,4.43,2021
Sumatera,Riau,Kota Pekanbaru,994582,72278,7.2672,26.9302,11.0439,2.83,11.92,14360,70.51,74.26,72.39,8.29,2021
Sumatera,Riau,Kota Dumai,320373,21820,6.8108,28.7946,10.5767,3.42,10.14,11818,68.98,72.88,70.93,6.29,2021
Sumatera,Jambi,Kerinci,251747,29910,11.881,23.5244,18.3931,7.71,8.56,10184,68.04,71.96,70.0,2.32,2021
Sumatera,Jambi,Merangin,358110,26920,7.5172,26.4829,11.3898,9.11,7.9,10380,69.4,73.18,71.29,4.83,2021
Sumatera,Jambi,Sarolangun,293430,20444,6.9672,28.7827,10.844,8.87,8.04,11792,67.13,71.34,69.24,5.52,2021
Sumatera,Jambi,Batang Hari,304875,23427,7.6841,26.3659,11.6515,10.05,8.12,10032,68.7,72.56,70.63,4.26,2021
Sumatera,Jambi,Muaro Jambi,406910,28814,7.0812,25.82,10.5533,4.53,8.58,8825,69.42,73.26,71.34,5.59,2021
Sumatera,Jambi,Tanjung Jabung Timur,232023,23013,9.9184,25.4367,15.3429,11.39,6.92,9163,64.42,68.23,66.32,1.56,2021
Sumatera,Jambi,Tanjung Jabung Barat,321210,24808,7.7233,26.8469,11.8039,10.75,8.0,9699,66.13,70.16,68.14,2.53,2021
Sumatera,Jambi,Tebo,341451,26122,7.6503,27.1767,11.7384,6.68,7.59,10546,67.96,71.98,69.97,2.83,2021
Sumatera,Jambi,Bungo,366368,28332,7.7332,26.6262,11.7811,6.23,8.28,11670,65.87,69.81,67.84,5.86,2021
Sumatera,Jambi,Kota Jambi,612717,54139,8.8359,24.3491,13.2244,9.02,11.2,12240,70.82,74.58,72.7,10.66,2021
Sumatera,Jambi,Kota Sungai Penuh,97554,11222,11.5034,23.9857,17.8317,3.41,10.33,10454,70.31,74.1,72.2,3.0,2021
Sumatera,Sumatera Selatan,Ogan Komering Ulu,370955,32805,8.8434,27.6912,13.9342,12.62,8.71,10040,65.99,70.19,68.09,4.57,2021
Sumatera,Sumatera Selatan,Ogan Komering Ilir,777396,64158,8.2529,26.0562,12.5633,14.68,7.05,10755,66.44,70.62,68.53,3.01,2021
Sumatera,Sumatera Selatan,Muara Enim,618844,54552,8.8151,27.4105,13.8224,12.32,7.8,10995,67.37,70.97,69.17,5.03,2021
Sumatera,Sumatera Selatan,Lahat,434132,43397,9.9963,26.1568,15.6566,16.46,8.52,9735,64.17,68.07,66.12,3.6,2021
Sumatera,Sumatera Selatan,Musi Rawas,399094,36708,9.1978,26.3061,14.2611,13.89,7.53,9550,66.21,70.21,68.21,2.78,2021
Sumatera,Sumatera Selatan,Musi Banyuasin,628614,48749,7.755,28.71,12.2059,15.84,7.63,10140,66.61,70.79,68.7,3.99,2021
Sumatera,Sumatera Selatan,Banyu Asin,850393,75338,8.8592,26.2073,13.6435,10.75,7.44,9860,66.83,71.0,68.91,3.84,2021
Sumatera,Sumatera Selatan,Ogan Komering Ulu Selatan,413246,37246,9.013,24.3521,13.526,11.12,7.85,8585,65.08,68.98,67.03,3.23,2021
Sumatera,Sumatera Selatan,Ogan Komering Ulu Timur,655056,66856,10.2062,25.2368,15.8095,10.6,7.56,11531,67.17,71.12,69.15,3.18,2021
Sumatera,Sumatera Selatan,Ogan Ilir,420679,38845,9.2339,27.1739,14.5205,13.82,7.87,10454,63.63,67.49,65.56,3.07,2021
Sumatera,Sumatera Selatan,Empat Lawang,334879,32656,9.7516,21.9028,14.2681,13.35,7.64,9400,63.2,66.99,65.1,2.41,2021
Sumatera,Sumatera Selatan,Penukal Abab Lematang Ilir,197122,14372,7.2909,29.6461,11.5613,12.91,7.05,8210,66.1,70.28,68.19,3.61,2021
Sumatera,Sumatera Selatan,Musi Rawas Utara,190895,15349,8.0405,27.3637,12.4475,20.11,7.09,9855,63.8,67.64,65.72,6.72,2021
Sumatera,Sumatera Selatan,Kota Palembang,1680383,168476,10.026,26.1347,15.7051,11.34,10.75,14704,69.01,72.93,70.97,10.11,2021
Sumatera,Sumatera Selatan,Kota Prabumulih,195289,14851,7.6046,29.1768,12.0291,12.2,9.97,12752,68.47,72.37,70.42,5.86,2021
Sumatera,Sumatera Selatan,Kota Pagar Alam,144972,14788,10.2006,26.0243,15.9946,9.4,9.4,8877,64.86,68.78,66.82,1.64,2021
Sumatera,Sumatera Selatan,Kota Lubuklinggau,236664,19009,8.0321,27.7837,12.5141,13.23,9.9,13267,67.26,71.31,69.28,6.27,2021
Sumatera,Bengkulu,Bengkulu Selatan,167685,16448,9.8089,25.2503,15.1043,18.16,9.27,9916,65.86,70.01,67.94,2.55,2021
Sumatera,Bengkulu,Rejang Lebong,279280,25322,9.0669,24.107,13.5679,15.85,8.33,10323,66.85,70.68,68.76,2.45,2021
Sumatera,Bengkulu,Bengkulu Utara,299479,27797,9.2818,26.7581,14.5118,11.61,8.09,10410,66.2,70.23,68.22,3.51,2021
Sumatera,Bengkulu,Kaur,127816,11581,9.0607,25.5852,13.864,18.62,8.38,8638,64.83,68.63,66.73,3.45,2021
Sumatera,Bengkulu,Seluma,209961,18786,8.9474,25.0913,13.5646,18.72,8.0,8256,65.94,69.82,67.88,3.44,2021
Sumatera,Bengkulu,Mukomuko,192863,14254,7.3907,28.3771,11.5063,11.93,8.3,10405,64.8,68.64,66.72,3.68,2021
Sumatera,Bengkulu,Lebong,107447,10652,9.9137,24.9211,15.2132,12.0,8.18,11317,61.29,65.38,63.33,3.18,2021
Sumatera,Bengkulu,Kepahiang,151130,13142,8.6958,23.8027,12.8824,14.83,8.29,9377,66.13,70.02,68.07,1.89,2021
Sumatera,Bengkulu,Bengkulu Tengah,117986,9611,8.1459,26.3904,12.4434,9.68,7.48,9471,66.14,70.25,68.19,4.07,2021
Sumatera,Bengkulu,Kota Bengkulu,378737,28837,7.614,26.1947,11.503,17.89,11.8,14108,68.28,72.11,70.19,6.35,2021
Sumatera,Lampung,Lampung Barat,305171,26546,8.6987,26.5268,13.4292,12.82,8.07,9969,65.58,69.58,67.58,2.83,2021
Sumatera,Lampung,Tanggamus,646509,65114,10.0716,25.3724,15.6014,11.81,7.34,9266,66.67,70.56,68.62,2.93,2021
Sumatera,Lampung,Lampung Selatan,1075714,97145,9.0307,26.4575,13.9986,14.19,7.7,9931,67.4,71.33,69.37,5.27,2021
Sumatera,Lampung,Lampung Timur,1119422,125387,11.201,24.1406,17.3234,15.08,7.77,10026,68.77,72.68,70.72,3.05,2021
Sumatera,Lampung,Lampung Tengah,1473684,152895,10.375,23.559,15.704,11.99,7.59,11259,67.84,71.81,69.82,4.31,2021
Sumatera,Lampung,Lampung Utara,641354,64450,10.0491,26.8805,15.9331,19.63,8.34,8737,67.26,71.24,69.25,6.14,2021
Sumatera,Lampung,Way Kanan,478502,44471,9.2938,27.309,14.6596,13.09,7.71,9173,67.41,71.38,69.4,3.36,2021
Sumatera,Lampung,Tulangbawang,434468,35636,8.2022,26.8066,12.6205,9.67,7.55,10735,67.98,71.94,69.96,4.1,2021
Sumatera,Lampung,Pesawaran,482065,48996,10.1638,26.4547,16.0359,15.11,7.71,7934,67.12,71.05,69.09,4.19,2021
Sumatera,Lampung,Pringsewu,409334,42913,10.4836,25.0812,16.27,10.11,8.39,10302,68.25,72.16,70.2,4.85,2021
Sumatera,Lampung,Mesuji,230420,19475,8.452,26.3237,12.9583,7.54,7.08,7980,66.18,70.21,68.19,3.42,2021
Sumatera,Lampung,Tulang Bawang Barat,288688,29750,10.3052,25.3887,16.0253,8.32,7.39,8422,68.02,71.95,69.98,3.35,2021
Sumatera,Lampung,Pesisir Barat,164613,14592,8.8644,29.1077,14.291,14.81,8.19,8533,61.71,65.52,63.61,3.08,2021
Sumatera,Lampung,Kota Bandar Lampung,1176450,118406,10.0647,23.6764,15.1899,9.11,10.95,12247,69.42,73.25,71.34,8.85,2021
Sumatera,Lampung,Kota Metro,170121,17539,10.3097,24.6901,15.8611,8.93,10.97,11916,69.69,73.55,71.62,5.0,2021
Sumatera,Kep. Bangka Belitung,Bangka,329486,30186,9.1615,24.7428,13.861,4.81,8.25,12424,69.15,73.0,71.08,5.97,2021
Sumatera,Kep. Bangka Belitung,Belitung,184827,19200,10.3881,22.6244,15.5075,7.15,8.47,13563,69.09,73.0,71.04,3.51,2021
Sumatera,Kep. Bangka Belitung,Bangka Barat,206857,16712,8.079,25.9435,12.2451,2.75,7.44,12269,68.07,72.03,70.05,3.83,2021
Sumatera,Kep. Bangka Belitung,Bangka Tengah,201237,14482,7.1965,26.1244,10.7927,5.13,7.2,12945,69.57,73.39,71.48,4.95,2021
Sumatera,Kep. Bangka Belitung,Bangka Selatan,200337,13955,6.9658,24.2327,10.1244,3.69,6.71,11768,66.26,70.34,68.3,5.29,2021
Sumatera,Kep. Bangka Belitung,Belitung Timur,128111,12957,10.1139,22.5796,15.0266,7.2,8.47,11760,70.15,74.0,72.08,3.78,2021
Sumatera,Kep. Bangka Belitung,Kota Pangkal Pinang,220932,20709,9.3735,25.358,14.3614,4.76,10.13,15716,71.48,75.23,73.36,6.81,2021
Sumatera,Kep. Riau,Karimun,254962,25237,9.8983,25.0594,15.2183,6.85,8.18,11879,69.11,73.02,71.06,7.2,2021
Sumatera,Kep. Riau,Bintan,161182,12589,7.8104,25.8757,11.778,6.42,8.67,14393,68.41,72.41,70.41,8.62,2021
Sumatera,Kep. Riau,Natuna,82279,6915,8.4043,27.5769,13.1279,4.95,8.92,14711,63.32,67.17,65.24,5.15,2021
Sumatera,Kep. Riau,Lingga,99017,11497,11.6111,24.2352,18.099,13.93,6.88,11938,60.47,64.23,62.35,4.23,2021
Sumatera,Kep. Riau,Kepulauan Anambas,47775,3977,8.3244,27.079,12.8868,7.09,7.34,11950,65.35,69.27,67.31,1.27,2021
Sumatera,Kep. Riau,Kota Batam,1215135,52543,4.324,27.5194,6.3443,5.05,11.15,18034,71.41,75.21,73.31,11.64,2021
Sumatera,Kep. Riau,Kota Tanjung Pinang,229541,21327,9.2912,25.0178,14.1437,9.57,10.26,15439,70.21,74.05,72.13,6.31,2021
Jawa,DKI Jakarta,Kep. Seribu,27996,1919,6.8546,27.0217,10.3662,15.06,8.81,12587,66.84,71.03,68.94,8.58,2021
Jawa,DKI Jakarta,Kota Jakarta Selatan,2232442,219931,9.8516,21.9491,14.4453,3.56,11.64,23888,72.33,76.12,74.22,7.33,2021
Jawa,DKI Jakarta,Kota Jakarta Timur,3051866,282152,9.2452,23.2683,13.6994,4.28,11.67,17733,72.7,76.27,74.48,8.23,2021
Jawa,DKI Jakarta,Kota Jakarta Pusat,1057465,118468,11.203,20.9421,16.5103,4.94,11.39,17365,72.3,76.0,74.15,7.75,2021
Jawa,DKI Jakarta,Kota Jakarta Barat,2446687,229961,9.3989,22.9388,13.8908,4.31,10.78,20801,71.82,75.49,73.66,9.06,2021
Jawa,DKI Jakarta,Kota Jakarta Utara,1788981,162128,9.0626,23.7558,13.4897,7.24,10.81,18762,71.44,75.22,73.33,9.84,2021
Jawa,Jawa Barat,Bogor,5484150,402760,7.3441,25.0547,10.8638,8.13,8.31,10410,69.52,73.25,71.38,12.22,2021
Jawa,Jawa Barat,Sukabumi,2747445,280878,10.2232,24.3675,15.6297,7.7,7.1,8850,69.27,73.13,71.2,9.51,2021
Jawa,Jawa Barat,Cianjur,2500639,244008,9.7578,25.551,15.0837,11.18,7.19,8052,68.45,72.23,70.34,9.32,2021
Jawa,Jawa Barat,Bandung,3652398,311083,8.5172,25.949,12.9967,7.15,9.07,10307,71.94,75.52,73.73,8.32,2021
Jawa,Jawa Barat,Garut,2613529,225570,8.6309,26.7777,13.3622,10.65,7.53,7961,69.74,73.48,71.61,8.68,2021
Jawa,Jawa Barat,Tasikmalaya,1876888,235401,12.5421,23.1794,19.5121,11.15,7.48,7829,67.78,71.59,69.68,6.16,2021
Jawa,Jawa Barat,Ciamis,1234827,196928,15.9478,21.1708,25.3618,7.97,7.9,9259,70.19,73.91,72.05,5.06,2021
Jawa,Jawa Barat,Kuningan,1175947,146792,12.4829,23.571,19.5209,13.1,7.8,9409,71.98,75.61,73.8,11.68,2021
Jawa,Jawa Barat,Cirebon,2301331,202605,8.8038,23.9733,13.0965,12.3,7.1,10368,70.34,74.07,72.2,10.38,2021
Jawa,Jawa Barat,Majalengka,1315005,163857,12.4606,22.1306,19.0503,12.33,7.31,9591,68.58,72.37,70.47,5.71,2021
Jawa,Jawa Barat,Sumedang,1159256,160925,13.8817,22.296,21.7506,10.71,8.52,10262,70.77,74.49,72.63,9.18,2021
Jawa,Jawa Barat,Indramayu,1851733,183552,9.9124,22.6943,14.7084,13.04,6.52,9810,70.01,73.72,71.87,8.3,2021
Jawa,Jawa Barat,Subang,1620703,204128,12.595,21.6562,19.1563,10.03,7.11,10854,70.78,74.44,72.61,9.77,2021
Jawa,Jawa Barat,Purwakarta,1008931,90753,8.995,25.0705,13.6423,8.83,8.1,11669,69.31,73.08,71.19,10.7,2021
Jawa,Jawa Barat,Karawang,2465574,217296,8.8132,23.9927,13.116,8.95,7.78,11522,70.5,74.21,72.35,11.83,2021
Jawa,Jawa Barat,Bekasi,3148739,196134,6.229,25.0907,9.0695,5.21,9.3,11341,71.99,75.63,73.81,10.09,2021
Jawa,Jawa Barat,Bandung Barat,1808416,173754,9.6081,24.7533,14.6378,11.3,8.2,8546,70.7,74.39,72.54,11.65,2021
Jawa,Jawa Barat,Pangandaran,425587,65270,15.3365,21.0561,24.1111,9.65,7.85,9065,69.75,73.48,71.62,3.25,2021
Jawa,Jawa Barat,Kota Bogor,1050920,101757,9.6827,23.9651,14.5928,7.24,10.53,11716,72.02,75.65,73.84,11.79,2021
Jawa,Jawa Barat,Kota Sukabumi,350154,35939,10.2638,24.8214,15.8111,8.25,9.81,10942,70.75,74.44,72.6,10.78,2021
Jawa,Jawa Barat,Kota Bandung,2461412,274681,11.1595,22.3972,16.7955,4.37,10.99,16996,72.71,76.16,74.44,11.46,2021
Jawa,Jawa Barat,Kota Cirebon,335807,34956,10.4096,23.8804,15.8416,10.03,10.12,11810,70.61,74.31,72.46,10.53,2021
Jawa,Jawa Barat,Kota Bekasi,2568022,225656,8.7872,23.2246,12.9245,4.74,11.31,15903,73.48,76.89,75.18,10.88,2021
Jawa,Jawa Barat,Kota Depok,2081129,175422,8.4292,24.2051,12.5126,2.58,11.46,15420,72.87,76.6,74.74,9.76,2021
Jawa,Jawa Barat,Kota Cimahi,574453,54886,9.5545,22.7617,14.1163,5.35,11.08,12019,72.45,75.96,74.2,13.07,2021
Jawa,Jawa Barat,Kota Tasikmalaya,723095,76473,10.5758,24.5845,16.3107,13.13,9.52,10213,70.52,74.21,72.36,7.66,2021
Jawa,Jawa Barat,Kota Banjar,202718,26429,13.0373,22.6127,20.26,7.11,8.77,10476,69.31,73.08,71.19,6.09,2021
Jawa,Jawa Tengah,Cilacap,1967217,253530,12.8877,22.1596,19.8418,11.67,7.09,10534,72.05,75.75,73.9,9.97,2021
Jawa,Jawa Tengah,Banyumas,1790533,241178,13.4696,22.2359,20.9499,13.66,7.63,11546,71.93,75.71,73.82,6.05,2021
Jawa,Jawa Tengah,Purbalingga,1006164,127825,12.7042,23.209,19.8234,16.24,7.25,10032,71.3,75.09,73.19,6.05,2021
Jawa,Jawa Tengah,Banjarnegara,1025708,135249,13.1859,22.5482,20.5178,16.23,6.75,9407,72.4,76.11,74.26,5.86,2021
Jawa,Jawa Tengah,Kebumen,1362757,185034,13.5779,22.453,21.2258,17.83,7.55,9028,71.65,75.41,73.53,6.03,2021
Jawa,Jawa Tengah,Purworejo,774469,124259,16.0444,20.6906,25.3606,12.4,8.21,10275,73.0,76.69,74.84,3.59,2021
Jawa,Jawa Tengah,Wonosobo,887384,108611,12.2395,22.7342,18.8223,17.67,6.82,10760,70.01,73.84,71.93,5.26,2021
Jawa,Jawa Tengah,Magelang,1308198,178262,13.6265,21.7038,21.071,11.91,7.79,9440,71.99,75.73,73.86,5.03,2021
Jawa,Jawa Tengah,Boyolali,1069986,149906,14.0101,22.3279,22.007,10.62,7.85,13031,74.24,77.96,76.1,5.09,2021
Jawa,Jawa Tengah,Klaten,1266692,188291,14.8648,20.7823,23.0989,13.49,8.81,12017,75.1,78.8,76.95,5.48,2021
Jawa,Jawa Tengah,Sukoharjo,914211,119861,13.1109,21.5759,20.0738,8.23,9.35,11428,75.99,79.72,77.85,3.32,2021
Jawa,Jawa Tengah,Wonogiri,1044599,204532,19.58,18.1009,31.4188,11.55,7.34,9429,74.44,78.13,76.28,2.43,2021
Jawa,Jawa Tengah,Karanganyar,940888,132687,14.1023,21.9811,22.0636,10.68,8.57,11509,75.81,79.43,77.62,5.89,2021
Jawa,Jawa Tengah,Sragen,982320,146796,14.9438,21.4646,23.4997,13.83,7.66,12679,74.0,77.64,75.82,4.76,2021
Jawa,Jawa Tengah,Grobogan,1464598,184385,12.5895,22.5527,19.4109,12.74,7.11,10294,73.0,76.66,74.83,4.38,2021
Jawa,Jawa Tengah,Blora,888277,129961,14.6307,19.6649,22.2674,12.39,6.99,9669,72.66,76.35,74.5,3.81,2021
Jawa,Jawa Tengah,Rembang,649385,85120,13.1078,21.1649,19.9427,15.8,7.3,10519,72.73,76.43,74.58,3.67,2021
Jawa,Jawa Tengah,Pati,1335385,180782,13.5378,20.998,20.6797,10.21,7.48,10506,74.28,78.1,76.19,4.6,2021
Jawa,Jawa Tengah,Kudus,856452,87277,10.1905,23.11,15.2783,7.6,8.76,11272,74.87,78.66,76.76,3.77,2021
Jawa,Jawa Tengah,Jepara,1196481,128589,10.7473,23.201,16.271,7.44,7.79,10536,74.11,77.89,76.0,4.23,2021
Jawa,Jawa Tengah,Demak,1214424,122497,10.0868,24.0375,15.3119,12.92,7.86,10248,73.64,77.37,75.5,5.28,2021
Jawa,Jawa Tengah,Semarang,1061546,131496,12.3872,22.0003,18.8794,7.82,8.03,12070,74.0,77.69,75.84,5.02,2021
Jawa,Jawa Tengah,Temanggung,795029,110078,13.8458,21.8169,21.5206,10.17,7.25,9408,73.81,77.57,75.69,2.62,2021
Jawa,Jawa Tengah,Kendal,1027954,117218,11.403,22.1664,17.1653,10.24,7.46,11608,72.64,76.34,74.49,7.55,2021
Jawa,Jawa Tengah,Batang,809420,88124,10.8873,23.3765,16.5621,9.68,6.88,9524,72.89,76.65,74.77,6.59,2021
Jawa,Jawa Tengah,Pekalongan,983356,105113,10.6892,23.9646,16.3578,10.57,7.17,10409,71.84,75.6,73.72,4.28,2021
Jawa,Jawa Tengah,Pemalang,1486268,160572,10.8037,23.2474,16.3819,16.56,6.45,8573,71.65,75.46,73.56,6.71,2021
Jawa,Jawa Tengah,Tegal,1613380,156322,9.6891,24.5427,14.7322,8.6,6.99,9700,69.83,73.61,71.72,9.97,2021
Jawa,Jawa Tengah,Brebes,1996612,208293,10.4323,23.3951,15.7653,17.43,6.22,10152,67.64,71.44,69.54,9.78,2021
Jawa,Jawa Tengah,Kota Magelang,121581,18085,14.8749,19.6067,22.7033,7.75,10.62,12349,75.11,78.82,76.96,8.73,2021
Jawa,Jawa Tengah,Kota Surakarta,524110,71611,13.6634,20.7439,20.8306,9.4,10.9,14911,75.57,79.23,77.4,7.85,2021
Jawa,Jawa Tengah,Kota Salatiga,194121,24669,12.7081,21.5453,19.3288,5.14,10.66,15843,75.5,79.44,77.47,7.26,2021
Jawa,Jawa Tengah,Kota Semarang,1665115,187151,11.2395,21.8527,16.7985,4.56,10.78,15425,75.79,79.43,77.61,9.54,2021
Jawa,Jawa Tengah,Kota Pekalongan,310123,30486,9.8303,23.5806,14.7626,7.59,9.18,12598,72.54,76.26,74.4,6.89,2021
Jawa,Jawa Tengah,Kota Tegal,276399,28545,10.3275,23.376,15.5777,8.12,8.73,13143,72.66,76.46,74.56,8.25,2021
Jawa,DI Yogyakarta,Kulon Progo,438195,79939,18.2428,20.1969,29.634,18.38,9.02,10069,73.39,77.18,75.28,3.69,2021
Jawa,DI Yogyakarta,Bantul,991878,148147,14.936,21.0595,23.3359,14.04,9.57,15545,71.97,75.71,73.84,4.04,2021
Jawa,DI Yogyakarta,Gunung Kidul,748269,153767,20.5497,18.7785,33.8703,17.69,7.3,9505,72.26,76.02,74.14,2.2,2021
Jawa,DI Yogyakarta,Sleman,1134153,162125,14.2948,20.8419,22.0384,8.64,10.92,16060,73.08,76.73,74.9,5.17,2021
Jawa,DI Yogyakarta,Kota Yogyakarta,375274,56198,14.9752,19.1468,22.7317,7.69,11.72,18801,72.92,76.4,74.66,9.13,2021
Jawa,Jawa Timur,Pacitan,586463,113146,19.2929,18.0886,30.8103,15.11,7.61,8887,70.11,73.95,72.03,2.04,2021
Jawa,Jawa Timur,Ponorogo,951761,173349,18.2135,18.6473,28.8466,10.26,7.55,9851,70.9,74.69,72.8,4.38,2021
Jawa,Jawa Timur,Trenggalek,733877,122761,16.7277,19.3084,26.1519,12.14,7.56,9743,71.95,75.65,73.8,3.53,2021
Jawa,Jawa Timur,Tulungagung,1094809,163035,14.8916,20.0068,22.8745,7.51,8.34,10807,72.27,75.96,74.11,4.91,2021
Jawa,Jawa Timur,Blitar,1232584,184059,14.9328,20.7736,23.2259,9.65,7.5,10757,71.69,75.43,73.56,3.66,2021
Jawa,Jawa Timur,Kediri,1650470,222779,13.4979,21.4011,20.7338,11.64,8.08,11127,70.69,74.48,72.59,5.15,2021
Jawa,Jawa Timur,Malang,2672120,354732,13.2753,21.2973,20.2901,10.5,7.43,10163,70.64,74.46,72.55,5.4,2021
Jawa,Jawa Timur,Lumajang,1124917,167035,14.8487,20.6374,23.0162,10.05,6.67,9203,68.19,72.15,70.17,3.51,2021
Jawa,Jawa Timur,Jember,2550859,350429,13.7377,20.747,20.9687,10.41,6.49,9410,67.24,71.21,69.22,5.44,2021
Jawa,Jawa Timur,Banyuwangi,1721948,251274,14.5924,20.9613,22.6428,8.07,7.42,12217,68.67,72.67,70.67,5.42,2021
Jawa,Jawa Timur,Bondowoso,779445,123191,15.805,20.2051,24.6992,14.73,5.94,10690,64.85,68.81,66.83,4.46,2021
Jawa,Jawa Timur,Situbondo,689114,108054,15.6801,19.2601,24.1011,12.63,6.62,9996,67.22,71.15,69.18,3.68,2021
Jawa,Jawa Timur,Probolinggo,1159476,150184,12.9527,22.4165,20.0412,18.91,6.12,10969,65.34,69.31,67.32,4.55,2021
Jawa,Jawa Timur,Pasuruan,1617263,181515,11.2236,22.4022,16.9096,9.7,7.41,10297,68.21,72.18,70.19,6.03,2021
Jawa,Jawa Timur,Sidoarjo,2101208,209639,9.9771,22.2328,14.7176,5.93,10.72,14578,72.15,75.83,73.99,10.87,2021
Jawa,Jawa Timur,Mojokerto,1126783,132132,11.7265,22.6162,17.8601,10.62,8.64,12844,70.64,74.43,72.54,5.54,2021
Jawa,Jawa Timur,Jombang,1327472,162691,12.2557,22.4197,18.7612,10.0,8.55,11394,70.53,74.34,72.44,7.09,2021
Jawa,Jawa Timur,Nganjuk,1109721,157496,14.1924,21.2786,21.9938,11.85,7.78,12172,69.61,73.49,71.55,4.98,2021
Jawa,Jawa Timur,Madiun,747135,130074,17.4097,19.24,27.4817,11.91,7.82,11658,69.52,73.39,71.46,4.99,2021
Jawa,Jawa Timur,Magetan,673569,126655,18.8036,19.7479,30.6005,10.66,8.36,11833,70.67,74.52,72.6,3.86,2021
Jawa,Jawa Timur,Ngawi,873151,150174,17.1991,19.6834,27.2493,15.57,7.26,11459,70.46,74.25,72.35,4.25,2021
Jawa,Jawa Timur,Bojonegoro,1306974,188533,14.4252,20.2976,22.0983,13.27,7.38,10221,69.75,73.6,71.68,4.82,2021
Jawa,Jawa Timur,Tuban,1204099,169585,14.084,20.314,21.4688,16.31,7.18,10380,69.58,73.45,71.52,4.68,2021
Jawa,Jawa Timur,Lamongan,1351293,200615,14.8462,20.0095,22.7896,13.86,8.04,11510,70.53,74.34,72.44,4.9,2021
Jawa,Jawa Timur,Gresik,1322046,139393,10.5437,22.6525,15.7832,12.42,9.56,13280,70.71,74.53,72.62,8.0,2021
Jawa,Jawa Timur,Bangkalan,1069510,115625,10.811,22.4411,16.1968,21.57,5.96,8673,68.19,72.14,70.16,8.07,2021
Jawa,Jawa Timur,Sampang,979814,98706,10.074,23.6629,15.2029,23.76,4.86,8790,66.02,70.03,68.03,3.45,2021
Jawa,Jawa Timur,Pamekasan,857392,95913,11.1866,23.0483,17.0099,15.3,6.7,8804,65.62,69.63,67.62,3.1,2021
Jawa,Jawa Timur,Sumenep,1132238,176678,15.6043,19.1423,23.9134,20.51,5.92,9000,69.58,73.43,71.5,2.31,2021
Jawa,Jawa Timur,Kota Kediri,289125,35264,12.1968,22.3308,18.6289,7.75,10.15,12359,72.11,75.88,74.0,6.37,2021
Jawa,Jawa Timur,Kota Blitar,150300,19185,12.7645,22.0319,19.5763,7.89,10.35,13816,71.95,75.65,73.8,6.61,2021
Jawa,Jawa Timur,Kota Malang,849794,106408,12.5216,22.0045,19.1246,4.62,10.41,16663,71.4,75.22,73.31,9.65,2021
Jawa,Jawa Timur,Kota Probolinggo,241703,26349,10.9014,23.9066,16.722,7.44,8.95,12245,68.3,72.27,70.28,6.55,2021
Jawa,Jawa Timur,Kota Pasuruan,210322,21203,10.0812,24.6993,15.4573,6.88,9.33,13354,69.61,73.47,71.54,6.23,2021
Jawa,Jawa Timur,Kota Mojokerto,133476,15771,11.8156,23.1952,18.1809,6.39,10.47,13610,71.43,75.23,73.33,6.87,2021
Jawa,Jawa Timur,Kota Madiun,196395,30304,15.4301,19.805,23.8248,5.09,11.37,16095,70.89,74.69,72.79,8.15,2021
Jawa,Jawa Timur,Kota Surabaya,2887458,329134,11.3987,22.5282,17.2517,5.23,10.5,17862,72.27,75.97,74.12,9.68,2021
Jawa,Jawa Timur,Kota Batu,215000,26117,12.1474,22.0958,18.4733,4.09,9.31,12887,70.66,74.54,72.6,6.57,2021
Jawa,Banten,Pandeglang,1284642,109909,8.5556,26.3866,13.1508,10.72,7.11,8635,62.82,66.68,64.75,7.7,2021
Jawa,Banten,Lebak,1400632,115117,8.2189,26.6344,12.616,10.29,6.41,8724,65.33,69.24,67.28,7.86,2021
Jawa,Banten,Tangerang,3279714,207035,6.3126,25.6045,9.2719,7.12,8.61,12273,67.93,71.84,69.89,9.06,2021
Jawa,Banten,Serang,1640115,125049,7.6244,25.5691,11.4127,5.49,7.51,10713,62.82,66.61,64.72,10.58,2021
Jawa,Banten,Kota Tangerang,1912025,154104,8.0597,24.8091,12.0059,5.93,10.83,14575,69.61,73.49,71.55,9.07,2021
Jawa,Banten,Kota Cilegon,439481,31210,7.1016,27.4597,10.8522,4.24,10.08,13041,64.68,68.61,66.65,10.13,2021
Jawa,Banten,Kota Serang,700946,43737,6.2397,27.5127,9.4188,6.79,8.89,13281,65.91,70.06,67.98,9.41,2021
Jawa,Banten,Kota Tangerang Selatan,1365391,124374,9.109,23.5642,13.5296,2.57,11.82,15751,70.55,74.31,72.43,8.6,2021
Sumatera,Aceh,Simeulue,95600,7547,7.8944,26.7437,12.0779,18.37,9.73,7371,63.52,67.36,65.44,6.0,2022
Sumatera,Aceh,Aceh Singkil,130867,7634,5.8334,31.1316,9.2542,19.18,8.69,8994,65.56,69.54,67.55,6.88,2022
Sumatera,Aceh,Aceh Selatan,236931,23989,10.1249,23.6947,15.2989,12.43,8.89,8353,62.68,66.51,64.6,4.82,2022
Sumatera,Aceh,Aceh Tenggara,227303,17549,7.7205,28.1127,12.032,12.83,9.92,8222,66.39,70.42,68.4,5.09,2022
Sumatera,Aceh,Aceh Timur,432543,31520,7.2871,29.7335,11.5707,13.91,8.32,9127,66.92,70.86,68.89,8.07,2022
Sumatera,Aceh,Aceh Tengah,220886,18269,8.2708,27.8737,12.9523,14.5,9.87,10957,66.95,70.98,68.96,4.44,2022
Sumatera,Aceh,Aceh Barat,202636,19072,9.412,25.264,14.4081,17.93,9.87,9775,66.13,70.14,68.13,6.09,2022
Sumatera,Aceh,Aceh Besar,416401,36863,8.8528,27.6805,13.9487,13.38,10.35,9894,67.96,71.9,69.93,8.28,2022
Sumatera,Aceh,Pidie,443555,46631,10.513,25.0402,16.3127,18.79,9.02,10211,65.12,69.06,67.09,5.94,2022
Sumatera,Aceh,Bireuen,447310,42027,9.3955,27.0978,14.7945,12.51,9.31,9438,69.45,73.37,71.41,4.2,2022
Sumatera,Aceh,Aceh Utara,617717,54700,8.8552,27.267,13.8627,16.86,8.73,8620,66.94,70.94,68.94,7.08,2022
Sumatera,Aceh,Aceh Barat Daya,154762,13616,8.798,24.8717,13.264,15.44,8.68,8651,63.31,67.18,65.24,4.12,2022
Sumatera,Aceh,Gayo Lues,102968,6712,6.5185,29.143,10.1316,18.87,8.41,9094,63.76,67.65,65.7,2.7,2022
Sumatera,Aceh,Aceh Tamiang,301344,25626,8.5039,26.8477,13.1541,12.61,9.04,8759,67.78,71.79,69.78,7.38,2022
Sumatera,Aceh,Nagan Raya,172219,16734,9.7167,25.1151,14.9102,17.38,8.95,8581,67.43,71.39,69.41,5.84,2022
Sumatera,Aceh,Aceh Jaya,96055,8044,8.3744,28.7502,13.319,12.51,8.72,10041,65.37,69.31,67.34,3.12,2022
Sumatera,Aceh,Bener Meriah,166357,12877,7.7406,28.5302,12.1461,18.39,10.01,11421,67.49,71.39,69.44,2.61,2022
Sumatera,Aceh,Pidie Jaya,162220,16569,10.2139,25.7465,15.9494,18.45,9.53,10701,68.43,72.31,70.37,4.4,2022
Sumatera,Aceh,Kota Banda Aceh,258786,19567,7.5611,28.1039,11.7527,7.13,13.03,17228,69.81,73.65,71.73,8.62,2022
Sumatera,Aceh,Kota Sabang,42289,3831,9.0591,27.6337,14.3097,14.66,11.19,11780,68.75,72.71,70.73,4.01,2022
Sumatera,Aceh,Kota Langsa,191534,16970,8.86,24.7126,13.3379,10.62,11.14,12353,67.59,71.56,69.58,7.85,2022
Sumatera,Aceh,Kota Lhokseumawe,194255,15466,7.9617,26.8462,12.2127,10.84,11.12,11701,69.93,73.76,71.84,9.15,2022
Sumatera,Aceh,Kota Subulussalam,94649,4725,4.9921,32.1609,7.9433,16.94,8.22,7689,62.35,66.16,64.26,5.75,2022
Sumatera,Sumatera Utara,Nias,151608,11237,7.4119,30.2985,11.8991,16.0,5.88,7196,68.01,72.0,70.0,2.81,2022
Sumatera,Sumatera Utara,Mandailing Natal,488419,40011,8.1919,30.5862,13.3808,8.92,8.76,10061,61.07,64.88,62.97,7.64,2022
Sumatera,Sumatera Utara,Tapanuli Selatan,308488,26620,8.6292,29.6858,13.9891,8.07,9.34,11727,63.3,67.13,65.22,3.65,2022
Sumatera,Sumatera Utara,Tapanuli Tengah,378852,31046,8.1948,27.2188,12.688,11.71,8.86,10495,65.44,69.52,67.48,7.97,2022
Sumatera,Sumatera Utara,Tapanuli Utara,319218,35921,11.2528,29.2446,18.9115,8.93,10.0,11892,67.01,71.11,69.06,1.07,2022
Sumatera,Sumatera Utara,Toba Samosir / Toba,210960,23343,11.0651,29.1283,18.5015,8.89,10.58,12475,68.54,72.69,70.62,1.39,2022
Sumatera,Sumatera Utara,Labuhan Batu,506898,37580,7.4137,28.0974,11.4961,8.26,9.4,11474,68.32,72.35,70.33,6.9,2022
Sumatera,Sumatera Utara,Asahan,791132,69860,8.8304,27.6585,13.9037,8.64,8.82,11515,66.63,70.72,68.68,6.26,2022
Sumatera,Sumatera Utara,Simalungun,1019741,115492,11.3256,24.5372,17.6584,8.26,9.63,11524,69.66,73.69,71.68,5.51,2022
Sumatera,Sumatera Utara,Dairi,318922,31432,9.8557,28.8315,16.0745,7.88,9.72,10740,67.58,71.53,69.56,0.88,2022
Sumatera,Sumatera Utara,Karo,415075,42855,10.3246,25.6291,16.1206,8.17,10.02,12554,69.85,73.91,71.88,2.71,2022
Sumatera,Sumatera Utara,Deli Serdang,1987142,168163,8.4626,26.9632,13.1052,3.62,10.27,12657,70.17,73.96,72.06,8.79,2022
Sumatera,Sumatera Utara,Langkat,1054073,100221,9.508,25.7146,14.6779,9.49,8.68,11439,67.34,71.33,69.34,6.88,2022
Sumatera,Sumatera Utara,Nias Selatan,374986,23358,6.229,27.7981,9.4418,16.48,6.23,7195,67.15,71.11,69.13,3.69,2022
Sumatera,Sumatera Utara,Humbang Hasundutan,202330,21861,10.8046,30.5926,18.4371,8.86,10.0,8250,67.83,71.94,69.88,0.42,2022
Sumatera,Sumatera Utara,Pakpak Bharat,54109,3735,6.9027,33.1331,11.5114,8.66,9.39,8558,64.27,68.34,66.31,0.26,2022
Sumatera,Sumatera Utara,Samosir,139563,16115,11.5468,29.4569,19.572,11.77,9.46,8991,69.67,73.72,71.69,1.16,2022
Sumatera,Sumatera Utara,Serdang Bedagai,673948,64271,9.5365,27.4721,15.1394,7.82,8.71,11499,67.23,71.15,69.19,4.98,2022
Sumatera,Sumatera Utara,Batu Bara,423520,37603,8.8787,28.7115,14.2264,11.53,8.26,10755,65.44,69.45,67.44,6.21,2022
Sumatera,Sumatera Utara,Padang Lawas Utara,270228,17010,6.2947,31.7772,10.1645,8.94,9.46,10447,65.45,69.52,67.48,4.31,2022
Sumatera,Sumatera Utara,Padang Lawas,270430,16778,6.2042,31.6673,9.9861,8.05,9.31,9207,65.43,69.35,67.39,5.9,2022
Sumatera,Sumatera Utara,Labuhan Batu Selatan,324893,18504,5.6954,30.3743,8.9088,8.09,8.92,11751,66.97,71.06,69.02,3.15,2022
Sumatera,Sumatera Utara,Labuhan Batu Utara,394843,28458,7.2074,29.0969,11.3154,9.09,8.64,12258,67.89,71.85,69.87,3.75,2022
Sumatera,Sumatera Utara,Nias Utara,153022,11013,7.197,29.2317,11.3212,23.4,6.78,6575,67.78,71.81,69.8,2.59,2022
Sumatera,Sumatera Utara,Nias Barat,93393,6524,6.9855,31.6705,11.3875,24.75,6.97,6152,67.34,71.35,69.34,0.53,2022
Sumatera,Sumatera Utara,Kota Sibolga,90800,7492,8.2511,27.5154,12.8455,11.47,10.43,12135,67.73,71.71,69.72,7.05,2022
Sumatera,Sumatera Utara,Kota Tanjung Balai,180645,14044,7.7744,28.5743,12.214,12.45,9.55,11589,61.99,65.71,63.85,4.62,2022
Sumatera,Sumatera Utara,Kota Pematang Siantar,272569,32783,12.0274,24.2405,18.8718,7.88,11.31,12744,72.33,76.06,74.19,9.36,2022
Sumatera,Sumatera Utara,Kota Tebing Tinggi,176774,18226,10.3103,26.4598,16.3061,9.59,10.65,13144,69.32,73.2,71.26,6.39,2022
Sumatera,Sumatera Utara,Kota Medan,2461929,258280,10.491,23.5751,15.9113,8.07,11.5,15503,71.71,75.43,73.57,8.89,2022
Sumatera,Sumatera Utara,Kota Binjai,299244,28573,9.5484,26.1372,14.8464,5.1,11.18,11358,70.84,74.67,72.76,6.36,2022
Sumatera,Sumatera Utara,Kota Padangsidimpuan,232298,20338,8.7551,26.9047,13.6076,6.89,11.11,11337,67.66,71.79,69.72,7.76,2022
Sumatera,Sumatera Utara,Kota Gunungsitoli,140476,10102,7.1913,31.3271,11.6966,14.81,8.64,8434,69.64,73.59,71.62,3.65,2022
Sumatera,Sumatera Barat,Kepulauan Mentawai,90087,6355,7.0543,27.449,10.7705,13.97,7.48,6567,62.9,66.82,64.86,1.39,2022
Sumatera,Sumatera Barat,Pesisir Selatan,517715,58003,11.2037,25.3529,17.6593,7.11,8.43,9686,69.19,73.14,71.16,4.61,2022
Sumatera,Sumatera Barat,Solok,400288,44405,11.0933,24.946,17.3439,7.12,7.89,10539,67.15,71.11,69.13,5.89,2022
Sumatera,Sumatera Barat,Sijunjung,240590,23469,9.7548,25.9554,15.1731,6.0,8.3,10582,64.7,68.59,66.65,4.87,2022
Sumatera,Sumatera Barat,Tanah Datar,379113,56492,14.9011,21.9241,23.5871,4.26,8.9,10695,68.48,72.42,70.45,5.91,2022
Sumatera,Sumatera Barat,Padang Pariaman,443700,54589,12.3031,25.0854,19.65,6.25,8.16,11159,67.28,71.27,69.28,6.6,2022
Sumatera,Sumatera Barat,Agam,544517,76974,14.1362,22.8318,22.427,6.22,8.98,10171,70.93,74.75,72.84,4.93,2022
Sumatera,Sumatera Barat,Lima Puluh Kota,391755,50950,13.0056,23.4522,20.4676,6.59,8.08,10035,68.07,72.01,70.04,3.72,2022
Sumatera,Sumatera Barat,Pasaman,308306,29850,9.6819,26.3936,15.1459,6.85,8.11,8619,65.86,69.95,67.9,5.38,2022
Sumatera,Sumatera Barat,Solok Selatan,188040,16646,8.8524,25.7078,13.5275,6.51,8.41,10560,66.26,70.39,68.32,3.71,2022
Sumatera,Sumatera Barat,Dharmasraya,235778,19624,8.3231,26.2747,12.726,5.56,8.56,11650,69.91,73.78,71.84,6.23,2022
Sumatera,Sumatera Barat,Pasaman Barat,443506,33654,7.5882,27.7146,11.7287,6.93,8.55,9381,65.87,70.3,68.09,6.33,2022
Sumatera,Sumatera Barat,Kota Padang,931373,98348,10.5595,24.5289,16.2675,4.26,11.6,14889,72.08,75.7,73.89,11.69,2022
Sumatera,Sumatera Barat,Kota Solok,76225,6591,8.6468,27.0751,13.4521,3.02,11.35,12515,72.15,75.9,74.03,3.9,2022
Sumatera,Sumatera Barat,Kota Sawah Lunto,66778,7834,11.7314,24.839,18.4952,2.28,10.43,10537,68.46,72.29,70.38,5.0,2022
Sumatera,Sumatera Barat,Kota Padang Panjang,57775,5598,9.6893,26.5011,15.1847,5.14,11.92,11153,71.04,74.84,72.94,4.84,2022
Sumatera,Sumatera Barat,Kota Bukittinggi,123036,12763,10.3734,25.5185,16.1811,4.46,11.63,13633,72.99,76.62,74.81,4.9,2022
Sumatera,Sumatera Barat,Kota Payakumbuh,142902,15518,10.8592,25.6413,17.1012,5.66,10.82,13687,72.25,75.95,74.1,5.16,2022
Sumatera,Sumatera Barat,Kota Pariaman,96065,10316,10.7386,25.2662,16.7803,4.13,10.78,13150,68.47,72.61,70.54,5.19,2022
Sumatera,Riau,Kuantan Singingi,341874,31367,9.175,25.9104,14.134,8.24,8.76,10647,66.57,70.81,68.69,2.66,2022
Sumatera,Riau,Indragiri Hulu,455958,32190,7.0599,27.5174,10.7911,6.14,8.4,10472,68.38,72.39,70.38,2.53,2022
Sumatera,Riau,Indragiri Hilir,669482,55413,8.277,25.6812,12.533,5.98,7.26,10234,66.19,70.3,68.24,1.5,2022
Sumatera,Riau,Pelalawan,402040,20496,5.098,30.0525,7.8613,8.97,8.72,12163,69.47,73.41,71.44,2.73,2022
Sumatera,Riau,Siak,470309,26471,5.6284,27.9931,8.4793,5.07,9.87,12230,69.34,73.25,71.3,6.11,2022
Sumatera,Riau,Kampar,866942,58859,6.7893,27.6514,10.3559,7.12,9.39,11394,69.02,73.04,71.03,3.62,2022
Sumatera,Riau,Rokan Hulu,576766,38527,6.6798,27.1217,10.0906,9.95,8.55,9841,68.45,72.42,70.44,3.62,2022
Sumatera,Riau,Bengkalis,577700,48216,8.3462,27.5749,13.0249,6.32,9.71,11857,69.48,73.37,71.43,7.18,2022
Sumatera,Riau,Rokan Hilir,654522,46072,7.039,28.0347,10.8416,6.73,8.28,9906,68.65,72.59,70.62,4.55,2022
Sumatera,Riau,Kepulauan Meranti,209817,21204,10.1059,24.7759,15.5194,23.84,7.88,8246,66.01,70.0,68.0,5.5,2022
Sumatera,Riau,Kota Pekanbaru,1005658,78080,7.7641,26.6987,11.8468,3.06,11.93,14804,70.76,74.55,72.66,6.4,2022
Sumatera,Riau,Kota Dumai,324678,23447,7.2216,28.4149,11.2201,3.2,10.15,12249,69.18,73.14,71.16,5.38,2022
Sumatera,Jambi,Kerinci,253469,31148,12.2887,23.4609,19.1262,7.57,8.57,10570,68.27,72.26,70.26,2.63,2022
Sumatera,Jambi,Merangin,363290,28824,7.9342,26.1686,12.0402,8.7,7.91,10714,69.63,73.43,71.53,4.69,2022
Sumatera,Jambi,Sarolangun,297882,21826,7.3271,28.6926,11.452,8.48,8.12,12069,67.31,71.71,69.51,5.22,2022
Sumatera,Jambi,Batang Hari,308838,25009,8.0978,26.1173,12.3095,9.63,8.21,10173,68.97,72.87,70.92,3.53,2022
Sumatera,Jambi,Muaro Jambi,412912,31100,7.5319,25.5868,11.2615,4.47,8.59,9118,69.67,73.55,71.61,5.35,2022
Sumatera,Jambi,Tanjung Jabung Timur,234408,23933,10.21,25.34,15.8417,10.91,7.19,9503,64.72,68.56,66.64,1.32,2022
Sumatera,Jambi,Tanjung Jabung Barat,325849,26434,8.1123,26.5549,12.417,10.0,8.18,9968,66.33,70.46,68.4,2.88,2022
Sumatera,Jambi,Tebo,346161,27833,8.0405,27.0406,12.3854,6.34,7.7,10725,68.13,72.25,70.19,1.38,2022
Sumatera,Jambi,Bungo,371419,30018,8.082,26.3164,12.3198,5.38,8.29,11956,66.14,70.15,68.15,5.5,2022
Sumatera,Jambi,Kota Jambi,620308,57650,9.2938,24.0543,13.9437,8.33,11.21,12597,71.06,74.88,72.97,8.95,2022
Sumatera,Jambi,Kota Sungai Penuh,98654,11644,11.8029,23.8095,18.3309,2.97,10.34,10745,70.59,74.43,72.51,2.49,2022
Sumatera,Sumatera Selatan,Ogan Komering Ulu,375104,34574,9.2172,27.4068,14.5436,11.61,8.73,10499,66.15,70.49,68.32,4.39,2022
Sumatera,Sumatera Selatan,Ogan Komering Ilir,787528,68131,8.6512,25.7376,13.1856,13.23,7.07,11251,66.62,70.95,68.78,3.75,2022
Sumatera,Sumatera Selatan,Muara Enim,626405,57666,9.2059,27.1524,14.4651,11.12,7.9,11304,67.64,71.33,69.48,4.12,2022
Sumatera,Sumatera Selatan,Lahat,439554,45322,10.3109,25.8573,16.1533,15.61,8.53,10296,64.49,68.44,66.46,4.02,2022
Sumatera,Sumatera Selatan,Musi Rawas,403466,38599,9.5669,26.0728,14.8645,13.34,7.55,10107,66.52,70.58,68.55,1.92,2022
Sumatera,Sumatera Selatan,Musi Banyuasin,636606,51340,8.0646,28.4267,12.6985,15.19,7.65,10453,66.79,71.14,68.96,4.4,2022
Sumatera,Sumatera Selatan,Banyu Asin,862365,79088,9.1711,25.918,14.1287,10.0,7.45,10299,67.01,71.38,69.19,3.39,2022
Sumatera,Sumatera Selatan,Ogan Komering Ulu Selatan,418752,39055,9.3265,24.1128,14.0121,10.56,7.86,8895,65.32,69.27,67.29,1.83,2022
Sumatera,Sumatera Selatan,Ogan Komering Ulu Timur,661660,70026,10.5834,25.0676,16.4468,10.05,7.8,11759,67.45,71.44,69.44,4.79,2022
Sumatera,Sumatera Selatan,Ogan Ilir,425885,41071,9.6437,26.8777,15.192,12.33,7.91,11069,63.95,67.87,65.91,2.15,2022
Sumatera,Sumatera Selatan,Empat Lawang,338584,33959,10.0297,21.7937,14.7114,12.03,7.65,9838,63.45,67.31,65.38,3.59,2022
Sumatera,Sumatera Selatan,Penukal Abab Lematang Ilir,199932,15180,7.5926,29.331,12.0371,11.76,7.06,8680,66.26,70.59,68.43,4.31,2022
Sumatera,Sumatera Selatan,Musi Rawas Utara,193454,16266,8.4082,27.1393,13.0456,18.45,7.26,10283,64.09,67.96,66.03,5.29,2022
Sumatera,Sumatera Selatan,Kota Palembang,1693682,176993,10.4502,26.0219,16.4498,10.48,10.91,15168,69.45,73.41,71.43,8.2,2022
Sumatera,Sumatera Selatan,Kota Prabumulih,198004,15808,7.9837,28.759,12.621,11.28,10.2,13106,68.84,72.78,70.81,5.25,2022
Sumatera,Sumatera Selatan,Kota Pagar Alam,146427,15441,10.5452,25.8607,16.582,8.47,9.41,9330,65.21,69.22,67.22,3.62,2022
Sumatera,Sumatera Selatan,Kota Lubuklinggau,239854,20221,8.4305,27.5122,13.1609,12.68,9.91,13832,67.54,71.75,69.65,5.94,2022
Sumatera,Bengkulu,Bengkulu Selatan,169591,17254,10.1739,25.0408,15.704,17.86,9.39,10318,66.06,70.24,68.15,3.51,2022
Sumatera,Bengkulu,Rejang Lebong,282519,26716,9.4564,23.86,14.1809,15.65,8.55,10547,67.09,71.01,69.05,2.28,2022
Sumatera,Bengkulu,Bengkulu Utara,303111,29176,9.6255,26.5055,15.0707,11.48,8.1,10774,66.36,70.5,68.43,4.16,2022
Sumatera,Bengkulu,Kaur,129449,12199,9.4238,25.3281,14.443,18.1,8.39,9009,65.06,68.91,66.98,3.83,2022
Sumatera,Bengkulu,Seluma,212544,19776,9.3044,24.9482,14.1518,18.36,8.09,8657,66.21,70.13,68.17,1.74,2022
Sumatera,Bengkulu,Mukomuko,195854,15086,7.7027,28.0658,11.9921,11.44,8.31,10747,65.01,68.91,66.96,3.07,2022
Sumatera,Bengkulu,Lebong,108902,11186,10.2716,24.8995,15.8442,12.03,8.24,11644,61.42,65.72,63.57,3.16,2022
Sumatera,Bengkulu,Kepahiang,152912,13899,9.0895,23.6646,13.5169,14.53,8.3,9708,66.27,70.23,68.25,2.92,2022
Sumatera,Bengkulu,Bengkulu Tengah,119571,10103,8.4494,26.1936,12.928,9.76,7.49,9697,66.31,70.49,68.4,2.48,2022
Sumatera,Bengkulu,Kota Bengkulu,384920,31029,8.0612,26.0031,12.2258,15.73,11.82,14503,68.48,72.36,70.42,6.15,2022
Sumatera,Lampung,Lampung Barat,308851,27922,9.0406,26.3648,13.9959,11.71,8.2,10175,65.76,69.86,67.81,2.1,2022
Sumatera,Lampung,Tanggamus,654591,68004,10.3888,25.2836,16.1498,10.98,7.35,9557,66.92,70.86,68.89,3.7,2022
Sumatera,Lampung,Lampung Selatan,1090462,102268,9.3784,26.2937,14.5791,13.14,7.72,10266,67.62,71.62,69.62,5.31,2022
Sumatera,Lampung,Lampung Timur,1131127,130227,11.513,23.9856,17.8493,13.98,8.04,10403,68.95,72.93,70.94,3.3,2022
Sumatera,Lampung,Lampung Tengah,1491201,160369,10.7544,23.5149,16.3612,10.96,7.64,11710,68.0,72.06,70.03,3.56,2022
Sumatera,Lampung,Lampung Utara,647670,67492,10.4207,26.6026,16.547,18.41,8.35,8951,67.48,71.55,69.52,6.15,2022
Sumatera,Lampung,Way Kanan,484853,46733,9.6386,27.0841,15.2323,11.76,7.72,9450,67.58,71.64,69.61,3.28,2022
Sumatera,Lampung,Tulangbawang,439871,37476,8.5198,26.518,13.115,8.42,7.56,11114,68.14,72.18,70.16,3.52,2022
Sumatera,Lampung,Pesawaran,488193,51051,10.4571,26.1747,16.5022,13.85,7.77,8192,67.37,71.36,69.37,5.06,2022
Sumatera,Lampung,Pringsewu,414469,45084,10.8775,24.9198,16.9425,9.34,8.4,10577,68.58,72.55,70.56,4.77,2022
Sumatera,Lampung,Mesuji,234197,20442,8.7285,26.2839,13.4311,6.84,7.09,8466,66.36,70.49,68.42,3.22,2022
Sumatera,Lampung,Tulang Bawang Barat,292147,31213,10.684,25.3896,16.713,7.44,7.72,8737,68.18,72.19,70.18,4.12,2022
Sumatera,Lampung,Pesisir Barat,167190,15357,9.1854,28.8026,14.8122,13.84,8.53,8663,61.99,65.89,63.94,3.73,2022
Sumatera,Lampung,Kota Bandar Lampung,1189436,123514,10.3842,23.621,15.735,8.21,10.96,12593,69.61,73.49,71.55,7.91,2022
Sumatera,Lampung,Kota Metro,172003,18409,10.7027,24.5025,16.5179,7.87,10.98,12233,69.88,73.8,71.84,4.34,2022
Sumatera,Kep. Bangka Belitung,Bangka,333755,31825,9.5354,24.4901,14.4532,4.26,8.27,12863,69.34,73.23,71.28,5.39,2022
Sumatera,Kep. Bangka Belitung,Belitung,187035,20154,10.7755,22.4797,16.1444,6.45,8.74,14045,69.24,73.23,71.24,4.3,2022
Sumatera,Kep. Bangka Belitung,Bangka Barat,209866,17650,8.4101,25.4972,12.7248,2.46,7.46,12790,68.19,72.24,70.22,4.86,2022
Sumatera,Kep. Bangka Belitung,Bangka Tengah,204357,15481,7.5755,25.8004,11.3705,4.86,7.22,13422,69.84,73.7,71.77,3.99,2022
Sumatera,Kep. Bangka Belitung,Bangka Selatan,203102,15009,7.3899,23.9333,10.7604,3.22,6.89,12341,66.51,70.72,68.62,5.09,2022
Sumatera,Kep. Bangka Belitung,Belitung Timur,129706,13607,10.4906,22.3906,15.63,6.49,8.67,12357,70.35,74.26,72.31,2.5,2022
Sumatera,Kep. Bangka Belitung,Kota Pangkal Pinang,224165,21772,9.7125,25.1855,14.9189,4.55,10.27,16307,71.71,75.51,73.61,5.9,2022
Sumatera,Kep. Riau,Karimun,257797,26506,10.2817,25.1853,15.9325,6.87,8.48,12304,69.5,73.46,71.48,6.87,2022
Sumatera,Kep. Riau,Bintan,163558,13400,8.1928,25.7346,12.3997,6.44,8.7,14739,68.66,72.75,70.7,6.91,2022
Sumatera,Kep. Riau,Natuna,83430,7281,8.7271,27.3703,13.6568,5.32,8.96,14834,63.72,67.63,65.68,4.15,2022
Sumatera,Kep. Riau,Lingga,100033,11936,11.9321,24.124,18.6602,14.05,7.12,12134,60.95,64.78,62.86,3.09,2022
Sumatera,Kep. Riau,Kepulauan Anambas,48444,4204,8.6781,26.9321,13.4774,7.51,7.38,12137,65.67,69.65,67.66,2.15,2022
Sumatera,Kep. Riau,Kota Batam,1236013,58132,4.7032,27.2142,6.9081,5.19,11.17,18506,71.63,75.49,73.56,9.56,2022
Sumatera,Kep. Riau,Kota Tanjung Pinang,232203,22667,9.7617,24.7973,14.9168,9.85,10.49,15864,70.49,74.37,72.43,5.27,2022
Jawa,DKI Jakarta,Kep. Seribu,28262,2053,7.2642,26.8594,11.027,14.11,9.02,12999,67.02,71.27,69.14,8.47,2022
Jawa,DKI Jakarta,Kota Jakarta Selatan,2234262,233602,10.4554,21.5421,15.3751,3.52,11.66,24221,72.6,76.51,74.56,5.63,2022
Jawa,DKI Jakarta,Kota Jakarta Timur,3066074,300757,9.8092,22.8964,14.5765,4.3,11.73,18199,72.98,76.63,74.81,8.39,2022
Jawa,DKI Jakarta,Kota Jakarta Pusat,1053482,125089,11.8739,20.5133,17.5616,4.9,11.53,17765,72.55,76.39,74.47,5.88,2022
Jawa,DKI Jakarta,Kota Jakarta Barat,2458707,244175,9.931,22.6078,14.7211,4.22,11.13,21357,71.97,75.65,73.81,7.1,2022
Jawa,DKI Jakarta,Kota Jakarta Utara,1799220,171894,9.5538,23.4518,14.2606,7.24,10.82,19201,71.58,75.41,73.5,8.04,2022
Jawa,Jawa Barat,Bogor,5556308,431240,7.7613,24.7335,11.4973,7.73,8.34,10860,69.72,73.54,71.63,10.64,2022
Jawa,Jawa Barat,Sukabumi,2775312,296010,10.6658,24.0583,16.3396,7.34,7.11,9210,69.53,73.47,71.5,7.77,2022
Jawa,Jawa Barat,Cianjur,2529814,257882,10.1937,25.2738,15.7963,10.55,7.2,8244,68.62,72.5,70.56,8.41,2022
Jawa,Jawa Barat,Bandung,3687251,330389,8.9603,25.4174,13.6544,6.8,9.08,10588,72.14,75.81,73.97,6.98,2022
Jawa,Jawa Barat,Garut,2648952,238478,9.0027,26.4702,13.9519,10.42,7.83,8227,69.74,73.74,71.74,7.6,2022
Jawa,Jawa Barat,Tasikmalaya,1892215,246447,13.0243,22.9269,20.3349,10.73,7.73,8177,67.97,71.88,69.92,4.17,2022
Jawa,Jawa Barat,Ciamis,1243320,203854,16.3959,20.9856,26.1839,7.72,8.0,9428,70.39,74.2,72.3,3.75,2022
Jawa,Jawa Barat,Kuningan,1189011,152869,12.8568,23.3084,20.1408,12.76,7.88,9620,72.18,75.87,74.03,9.81,2022
Jawa,Jawa Barat,Cirebon,2331364,214428,9.1975,23.9013,13.7479,12.01,7.4,10791,70.54,74.37,72.46,8.11,2022
Jawa,Jawa Barat,Majalengka,1328005,170769,12.8591,21.9633,19.7293,11.94,7.49,9950,68.79,72.68,70.74,4.16,2022
Jawa,Jawa Barat,Sumedang,1168842,167513,14.3315,21.9922,22.5069,10.14,8.72,10776,70.95,74.78,72.87,7.72,2022
Jawa,Jawa Barat,Indramayu,1873404,194314,10.3722,22.5177,15.4556,12.77,6.83,10166,70.24,74.04,72.14,6.49,2022
Jawa,Jawa Barat,Subang,1635557,212792,13.0104,21.5468,19.8805,9.75,7.2,11294,71.03,74.79,72.91,7.77,2022
Jawa,Jawa Barat,Purwakarta,1023176,95636,9.347,24.8902,14.2132,8.7,8.11,12193,69.5,73.37,71.44,8.75,2022
Jawa,Jawa Barat,Karawang,2496191,229997,9.2139,23.7624,13.7473,8.44,7.96,11927,70.69,74.5,72.6,9.87,2022
Jawa,Jawa Barat,Bekasi,3193838,211612,6.6256,24.801,9.6621,5.01,9.53,11757,72.17,75.87,74.02,10.31,2022
Jawa,Jawa Barat,Bandung Barat,1834226,183377,9.9975,24.4559,15.2525,10.82,8.22,9044,70.88,74.67,72.78,9.63,2022
Jawa,Jawa Barat,Pangandaran,428596,68022,15.8709,20.9013,25.1011,9.32,8.03,9389,69.94,73.77,71.85,1.56,2022
Jawa,Jawa Barat,Kota Bogor,1060935,107680,10.1495,23.5307,15.3039,7.1,10.63,12058,72.25,75.96,74.1,10.78,2022
Jawa,Jawa Barat,Kota Sukabumi,355417,37892,10.6613,24.518,16.4473,8.02,10.14,11229,70.92,74.72,72.82,8.83,2022
Jawa,Jawa Barat,Kota Bandung,2484148,288676,11.6207,21.9752,17.5,4.25,11.0,17639,72.92,76.46,74.69,9.55,2022
Jawa,Jawa Barat,Kota Cirebon,338942,36807,10.8594,23.5123,16.5468,9.82,10.33,12087,70.82,74.61,72.72,8.42,2022
Jawa,Jawa Barat,Kota Bekasi,2598071,243707,9.3803,22.8698,13.8455,4.43,11.44,16239,73.7,77.18,75.44,8.81,2022
Jawa,Jawa Barat,Kota Depok,2113618,188479,8.9174,23.8108,13.2557,2.53,11.47,15926,73.08,76.91,75.0,7.82,2022
Jawa,Jawa Barat,Kota Cimahi,582646,58400,10.0232,22.4241,14.8377,5.11,11.21,12500,72.66,76.26,74.46,10.77,2022
Jawa,Jawa Barat,Kota Tasikmalaya,732484,80381,10.9738,24.2768,16.948,12.72,9.53,10578,70.73,74.51,72.62,6.62,2022
Jawa,Jawa Barat,Kota Banjar,205139,27698,13.5021,22.4677,21.087,6.73,8.78,10967,69.53,73.39,71.46,5.53,2022
Jawa,Jawa Tengah,Cilacap,1987763,264514,13.3071,22.032,20.5798,11.02,7.18,10904,72.25,75.94,74.1,9.62,2022
Jawa,Jawa Tengah,Banyumas,1809705,250393,13.8361,22.0569,21.5828,12.84,7.78,11905,72.06,75.86,73.96,6.05,2022
Jawa,Jawa Tengah,Purbalingga,1016827,132150,12.9963,23.0306,20.3153,15.3,7.33,10277,71.38,75.18,73.28,5.23,2022
Jawa,Jawa Tengah,Banjarnegara,1036598,140168,13.5219,22.4486,21.1183,15.2,6.84,9776,72.49,76.22,74.35,6.38,2022
Jawa,Jawa Tengah,Kebumen,1380208,192555,13.9512,22.2811,21.8781,16.41,7.85,9282,71.8,75.57,73.68,5.92,2022
Jawa,Jawa Tengah,Purworejo,781413,128983,16.5064,20.541,26.2203,11.53,8.32,10671,73.16,76.87,75.02,4.45,2022
Jawa,Jawa Tengah,Wonosobo,898622,113373,12.6163,22.6284,19.4831,16.17,6.88,11108,70.12,73.95,72.04,5.01,2022
Jawa,Jawa Tengah,Magelang,1319563,185362,14.0472,21.5196,21.8012,11.09,7.81,10011,72.13,75.9,74.02,4.97,2022
Jawa,Jawa Tengah,Boyolali,1080168,155304,14.3778,22.1646,22.6573,9.82,8.08,13250,74.32,78.07,76.19,4.92,2022
Jawa,Jawa Tengah,Klaten,1275686,195343,15.3128,20.5281,23.8669,12.33,9.09,12522,75.18,78.91,77.04,4.31,2022
Jawa,Jawa Tengah,Sukoharjo,923531,125462,13.585,21.2635,20.8515,7.61,9.62,11841,76.09,79.83,77.96,2.47,2022
Jawa,Jawa Tengah,Wonogiri,1047910,209292,19.9723,17.9443,32.1702,10.99,7.42,9780,74.53,78.26,76.4,1.95,2022
Jawa,Jawa Tengah,Karanganyar,948114,137394,14.4913,21.7237,22.719,9.85,8.79,11798,75.89,79.54,77.72,5.7,2022
Jawa,Jawa Tengah,Sragen,990006,151587,15.3117,21.1965,24.1161,12.94,7.79,13052,74.1,77.73,75.91,4.69,2022
Jawa,Jawa Tengah,Grobogan,1478949,193567,13.0881,22.4546,20.3052,11.8,7.26,10610,73.1,76.77,74.94,4.4,2022
Jawa,Jawa Tengah,Blora,895047,135773,15.1694,19.518,23.2258,11.53,7.01,10067,72.78,76.48,74.63,3.7,2022
Jawa,Jawa Tengah,Rembang,654881,89108,13.6067,21.0672,20.829,14.65,7.41,10937,72.79,76.51,74.65,1.76,2022
Jawa,Jawa Tengah,Pati,1347538,189265,14.0452,20.813,21.561,9.33,7.79,10948,74.34,78.18,76.26,4.45,2022
Jawa,Jawa Tengah,Kudus,865685,92923,10.734,22.8976,16.1734,7.41,9.06,11609,74.94,78.75,76.84,3.21,2022
Jawa,Jawa Tengah,Jepara,1208943,134843,11.1538,22.9772,16.9333,6.88,8.09,10913,74.18,77.96,76.07,4.1,2022
Jawa,Jawa Tengah,Demak,1227634,129278,10.5307,23.8541,16.0491,12.09,8.1,10698,73.69,77.45,75.57,6.11,2022
Jawa,Jawa Tengah,Semarang,1071236,137525,12.838,21.8281,19.6498,7.27,8.05,12448,74.08,77.77,75.92,4.81,2022
Jawa,Jawa Tengah,Temanggung,801835,114955,14.3365,21.6076,22.3812,9.33,7.41,9773,73.87,77.64,75.76,2.54,2022
Jawa,Jawa Tengah,Kendal,1040529,124093,11.926,21.9986,18.049,9.48,7.71,11999,72.7,76.41,74.56,7.34,2022
Jawa,Jawa Tengah,Batang,819294,93348,11.3937,23.2992,17.4464,8.98,6.9,9972,72.93,76.7,74.82,6.64,2022
Jawa,Jawa Tengah,Pekalongan,995495,110192,11.0691,23.8755,17.0148,9.67,7.46,10707,71.89,75.67,73.78,3.23,2022
Jawa,Jawa Tengah,Pemalang,1505131,168556,11.1988,23.1562,17.0596,15.06,6.5,8994,71.79,75.66,73.72,6.63,2022
Jawa,Jawa Tengah,Tegal,1634347,164829,10.0853,24.3367,15.3791,7.9,7.25,10020,69.98,73.74,71.86,9.64,2022
Jawa,Jawa Tengah,Brebes,2020099,217611,10.7723,23.2828,16.3353,16.05,6.35,10514,67.83,71.65,69.74,9.48,2022
Jawa,Jawa Tengah,Kota Magelang,121867,18919,15.5243,19.1865,23.7777,7.1,10.94,12816,75.19,78.92,77.06,6.71,2022
Jawa,Jawa Tengah,Kota Surakarta,525562,74761,14.225,20.3765,21.7512,8.84,10.92,15463,75.66,79.35,77.5,5.83,2022
Jawa,Jawa Tengah,Kota Salatiga,196541,25784,13.1189,21.3391,20.016,4.73,10.95,16351,75.66,79.63,77.64,5.58,2022
Jawa,Jawa Tengah,Kota Semarang,1680169,198222,11.7977,21.5147,17.6911,4.25,10.8,16047,75.94,79.61,77.78,7.6,2022
Jawa,Jawa Tengah,Kota Pekalongan,313869,32453,10.3397,23.4107,15.6071,7.0,9.2,13158,72.59,76.34,74.46,4.98,2022
Jawa,Jawa Tengah,Kota Tegal,279641,30023,10.7363,23.1826,16.2471,7.91,9.0,13455,72.72,76.56,74.64,6.68,2022
Jawa,DI Yogyakarta,Kulon Progo,440684,81725,18.545,20.0445,30.1985,16.39,9.17,10511,73.4,77.2,75.3,2.8,2022
Jawa,DI Yogyakarta,Bantul,1000799,153727,15.3604,20.8402,24.0762,12.27,9.59,16002,71.98,75.73,73.86,3.97,2022
Jawa,DI Yogyakarta,Gunung Kidul,749707,155462,20.7364,18.7129,34.2463,15.86,7.31,9874,72.27,76.1,74.18,2.08,2022
Jawa,DI Yogyakarta,Sleman,1145854,167946,14.6568,20.6145,22.6435,7.74,10.94,16438,73.1,76.77,74.94,4.78,2022
Jawa,DI Yogyakarta,Kota Yogyakarta,375524,58468,15.5697,18.8979,23.7588,6.62,11.89,19319,72.95,76.42,74.68,7.18,2022
Jawa,Jawa Timur,Pacitan,587270,115699,19.7012,17.9798,31.6134,13.8,7.82,9184,70.47,74.37,72.42,3.65,2022
Jawa,Jawa Timur,Ponorogo,955754,177729,18.5957,18.6328,29.6244,9.32,7.77,10199,71.2,75.05,73.12,5.51,2022
Jawa,Jawa Timur,Trenggalek,737644,126851,17.1968,19.255,27.061,10.96,7.89,10042,72.31,76.05,74.18,5.37,2022
Jawa,Jawa Timur,Tulungagung,1101446,169018,15.3451,19.8486,23.6784,6.71,8.65,11162,72.61,76.34,74.47,6.65,2022
Jawa,Jawa Timur,Blitar,1243195,191240,15.3829,20.5894,24.0255,8.71,7.82,11001,72.01,75.79,73.9,5.45,2022
Jawa,Jawa Timur,Kediri,1664005,232808,13.9908,21.2755,21.6129,10.65,8.23,11565,70.93,74.79,72.86,6.83,2022
Jawa,Jawa Timur,Malang,2694319,371118,13.7741,21.1961,21.1812,9.55,7.68,10326,70.92,74.8,72.86,6.57,2022
Jawa,Jawa Timur,Lumajang,1132165,173342,15.3107,20.4862,23.8472,9.06,6.87,9466,68.54,72.56,70.55,4.97,2022
Jawa,Jawa Timur,Jember,2569143,362958,14.1276,20.6382,21.6567,9.39,6.5,9840,67.58,71.62,69.6,4.06,2022
Jawa,Jawa Timur,Banyuwangi,1733087,259924,14.9977,20.8156,23.3658,7.51,7.66,12320,68.94,73.04,70.99,5.26,2022
Jawa,Jawa Timur,Bondowoso,783865,126173,16.0963,20.1907,25.2637,13.47,6.22,10851,65.18,69.22,67.2,4.32,2022
Jawa,Jawa Timur,Situbondo,693149,111377,16.0683,19.2334,24.8357,11.78,6.63,10263,67.55,71.53,69.54,3.38,2022
Jawa,Jawa Timur,Probolinggo,1168332,156183,13.368,22.2624,20.7676,17.12,6.13,11254,65.7,69.76,67.73,3.25,2022
Jawa,Jawa Timur,Pasuruan,1631125,191639,11.7489,22.1794,17.782,8.96,7.42,10726,68.49,72.49,70.49,5.91,2022
Jawa,Jawa Timur,Sidoarjo,2125219,223870,10.534,21.8749,15.5849,5.36,10.77,14808,72.4,76.16,74.28,8.8,2022
Jawa,Jawa Timur,Mojokerto,1136296,139535,12.2798,22.386,18.7954,9.71,8.97,13051,70.9,74.78,72.84,4.83,2022
Jawa,Jawa Timur,Jombang,1339533,170535,12.7309,22.2257,19.573,9.04,8.76,11579,70.85,74.71,72.78,5.47,2022
Jawa,Jawa Timur,Nganjuk,1117336,163768,14.657,21.0917,22.812,10.7,8.12,12349,69.9,73.84,71.87,4.74,2022
Jawa,Jawa Timur,Madiun,750928,134134,17.8624,19.1954,28.3791,10.79,7.94,11848,69.88,73.79,71.84,5.84,2022
Jawa,Jawa Timur,Magetan,677681,129528,19.1134,19.6826,31.229,9.84,8.66,12031,70.95,74.86,72.9,4.33,2022
Jawa,Jawa Timur,Ngawi,877069,155459,17.7248,19.5392,28.253,14.15,7.59,11563,70.82,74.65,72.74,2.48,2022
Jawa,Jawa Timur,Bojonegoro,1313508,197260,15.0178,20.0933,23.1439,12.21,7.43,10323,70.15,74.04,72.1,4.69,2022
Jawa,Jawa Timur,Tuban,1211557,177314,14.6352,20.1483,22.441,15.02,7.37,10703,69.94,73.87,71.9,4.54,2022
Jawa,Jawa Timur,Lamongan,1360569,209100,15.3686,19.9187,23.7489,12.53,8.33,11648,70.86,74.71,72.78,6.05,2022
Jawa,Jawa Timur,Gresik,1336386,147386,11.0287,22.3759,16.5607,11.06,9.75,13384,70.95,74.86,72.9,7.84,2022
Jawa,Jawa Timur,Bangkalan,1080761,120604,11.1592,22.2924,16.7685,19.44,5.97,8971,68.45,72.46,70.46,8.05,2022
Jawa,Jawa Timur,Sampang,992376,102768,10.3558,23.8872,15.7485,21.61,5.06,8944,66.26,70.35,68.31,3.11,2022
Jawa,Jawa Timur,Pamekasan,866717,100155,11.5557,23.0272,17.6646,13.93,6.88,8967,65.91,70.01,67.96,1.4,2022
Jawa,Jawa Timur,Sumenep,1139596,182098,15.9792,19.228,24.6619,18.76,5.93,9388,69.96,73.85,71.9,1.36,2022
Jawa,Jawa Timur,Kota Kediri,292199,37079,12.6896,22.0049,19.4312,7.23,10.45,12762,72.35,76.18,74.26,4.38,2022
Jawa,Jawa Timur,Kota Blitar,151840,20027,13.1895,21.7565,20.2748,7.37,10.65,14058,72.31,76.06,74.18,5.39,2022
Jawa,Jawa Timur,Kota Malang,857638,111478,12.9983,21.7401,19.9171,4.37,10.69,16897,71.72,75.61,73.66,7.66,2022
Jawa,Jawa Timur,Kota Probolinggo,244353,27666,11.3221,23.6752,17.418,6.65,9.29,12571,68.56,72.61,70.59,4.57,2022
Jawa,Jawa Timur,Kota Pasuruan,213370,22539,10.5633,24.4692,16.2594,6.37,9.67,13803,69.91,73.83,71.87,6.18,2022
Jawa,Jawa Timur,Kota Mojokerto,134815,16601,12.3139,22.8046,18.9791,5.98,10.8,14054,71.72,75.58,73.65,5.05,2022
Jawa,Jawa Timur,Kota Madiun,198187,31318,15.8022,19.6012,24.463,4.76,11.67,16503,71.15,75.02,73.09,6.39,2022
Jawa,Jawa Timur,Kota Surabaya,2899925,345274,11.9063,22.0937,18.0399,4.72,10.51,18345,72.5,76.26,74.38,7.62,2022
Jawa,Jawa Timur,Kota Batu,217619,27486,12.6303,21.9622,19.3102,3.79,9.63,13094,70.95,74.86,72.9,8.43,2022
Jawa,Banten,Pandeglang,1298849,116790,8.9918,25.9958,13.8309,9.32,7.13,8827,63.17,67.1,65.13,9.24,2022
Jawa,Banten,Lebak,1417349,121802,8.5936,26.2673,13.1928,8.91,6.59,8854,65.69,69.66,67.68,8.55,2022
Jawa,Banten,Tangerang,3321652,223603,6.7317,25.2866,9.9022,6.92,8.92,12427,68.25,72.19,70.22,7.88,2022
Jawa,Banten,Serang,1661374,132872,7.9977,25.3994,12.0081,4.96,7.78,10916,63.2,67.03,65.12,10.61,2022
Jawa,Banten,Kota Tangerang,1931638,165955,8.5914,24.4535,12.8316,5.77,10.84,14909,69.86,73.8,71.83,7.16,2022
Jawa,Banten,Kota Cilegon,445056,33773,7.5885,27.157,11.6291,3.64,10.34,13185,64.95,68.95,66.95,8.1,2022
Jawa,Banten,Kota Serang,712414,47262,6.6341,27.1151,10.0136,5.94,8.9,13709,66.19,70.48,68.34,8.17,2022
Jawa,Banten,Kota Tangerang Selatan,1378706,134020,9.7207,23.0977,14.4693,2.5,11.84,15997,70.85,74.62,72.74,6.59,2022
Sumatera,Aceh,Simeulue,97118,7952,8.188,26.5996,12.5559,17.92,9.81,7686,63.72,67.59,65.66,5.85,2023
Sumatera,Aceh,Aceh Singkil,133274,8107,6.083,30.9498,9.6605,19.15,8.7,9374,65.84,69.82,67.83,6.84,2023
Sumatera,Aceh,Aceh Selatan,239475,25024,10.4495,23.7636,15.8839,12.1,8.91,8712,62.94,66.78,64.86,4.73,2023
Sumatera,Aceh,Aceh Tenggara,230890,18407,7.9722,27.8877,12.4294,12.45,10.09,8566,66.71,70.69,68.7,5.0,2023
Sumatera,Aceh,Aceh Timur,438126,33335,7.6085,29.2224,12.0447,13.39,8.47,9436,67.14,71.1,69.12,8.03,2023
Sumatera,Aceh,Aceh Tengah,223833,19179,8.5684,27.638,13.4315,14.38,9.89,11323,67.25,71.21,69.23,4.42,2023
Sumatera,Aceh,Aceh Barat,204768,20022,9.7779,24.959,14.9823,17.86,9.98,10085,66.4,70.38,68.39,6.07,2023
Sumatera,Aceh,Aceh Besar,422373,38683,9.1585,27.1099,14.3704,13.38,10.36,10309,68.22,72.16,70.19,8.17,2023
Sumatera,Aceh,Pidie,448085,47835,10.6754,24.831,16.5527,18.78,9.03,10584,65.36,69.32,67.34,5.92,2023
Sumatera,Aceh,Bireuen,453242,43891,9.6838,26.9024,15.2708,12.12,9.32,9758,69.72,73.7,71.71,4.14,2023
Sumatera,Aceh,Aceh Utara,624899,56947,9.113,26.9973,14.2636,16.64,8.85,8970,67.21,71.18,69.19,7.07,2023
Sumatera,Aceh,Aceh Barat Daya,156990,14353,9.1426,24.8111,13.8428,15.43,8.77,9043,63.6,67.46,65.53,4.08,2023
Sumatera,Aceh,Gayo Lues,104884,7037,6.7093,29.0197,10.4391,18.82,8.42,9407,64.02,67.91,65.96,2.65,2023
Sumatera,Aceh,Aceh Tamiang,305217,27207,8.914,26.4864,13.7988,12.51,9.24,9050,68.12,72.06,70.09,7.21,2023
Sumatera,Aceh,Nagan Raya,174347,17392,9.9755,24.9543,15.3304,17.25,8.96,9062,67.68,71.63,69.66,5.74,2023
Sumatera,Aceh,Aceh Jaya,97638,8357,8.5592,28.3189,13.5597,12.42,8.74,10461,65.62,69.59,67.6,2.88,2023
Sumatera,Aceh,Bener Meriah,169214,13531,7.9964,28.2069,12.5342,18.31,10.12,11855,67.71,71.66,69.68,2.45,2023
Sumatera,Aceh,Pidie Jaya,164361,17053,10.3753,25.663,16.2212,18.4,9.58,11005,68.68,72.61,70.65,4.34,2023
Sumatera,Aceh,Kota Banda Aceh,261969,20949,7.9967,27.546,12.4063,7.04,13.04,17521,70.07,74.07,72.07,8.03,2023
Sumatera,Aceh,Kota Sabang,42888,3979,9.2777,27.2454,14.6158,14.59,11.2,12137,69.05,73.0,71.03,3.92,2023
Sumatera,Aceh,Kota Langsa,194730,18020,9.2538,24.5376,13.9768,10.53,11.27,12678,67.85,71.8,69.82,7.73,2023
Sumatera,Aceh,Kota Lhokseumawe,197355,16545,8.3834,26.5283,12.88,10.73,11.27,12125,70.11,74.11,72.11,8.78,2023
Sumatera,Aceh,Kota Subulussalam,96851,5042,5.2059,32.0575,8.2981,16.41,8.32,8065,62.54,66.37,64.46,5.69,2023
Sumatera,Sumatera Utara,Nias,153658,11517,7.4952,30.0642,12.0038,15.1,6.14,7301,68.42,72.35,70.38,2.31,2023
Sumatera,Sumatera Utara,Mandailing Natal,496975,42148,8.4809,30.3571,13.8663,8.86,8.84,10251,61.62,65.42,63.52,7.45,2023
Sumatera,Sumatera Utara,Tapanuli Selatan,312540,28071,8.9816,29.2763,14.5469,7.01,9.51,11829,63.67,67.54,65.6,3.49,2023
Sumatera,Sumatera Utara,Tapanuli Tengah,386895,32465,8.3912,27.0906,13.0059,11.5,8.87,10690,65.95,69.94,67.94,7.81,2023
Sumatera,Sumatera Utara,Tapanuli Utara,323102,37122,11.4893,28.7962,19.2403,8.54,10.09,12115,67.64,71.59,69.62,1.03,2023
Sumatera,Sumatera Utara,Toba Samosir / Toba,213850,24057,11.2495,28.7594,18.7519,8.04,10.59,12676,69.31,73.27,71.29,1.3,2023
Sumatera,Sumatera Utara,Labuhan Batu,513826,39831,7.7518,27.8172,12.0312,7.99,9.49,11670,68.85,72.79,70.82,5.99,2023
Sumatera,Sumatera Utara,Asahan,802563,73869,9.2041,27.4203,14.5232,8.21,8.83,11795,67.15,71.12,69.14,6.12,2023
Sumatera,Sumatera Utara,Simalungun,1035920,120266,11.6096,24.421,18.1486,7.87,9.72,11746,70.25,74.26,72.26,5.35,2023
Sumatera,Sumatera Utara,Dairi,324747,32820,10.1063,28.593,16.4865,7.47,9.88,10969,68.18,72.12,70.15,1.23,2023
Sumatera,Sumatera Utara,Karo,420799,44597,10.5982,25.3404,16.5438,7.98,10.03,12779,70.32,74.33,72.32,2.63,2023
Sumatera,Sumatera Utara,Deli Serdang,2018164,179656,8.902,26.6527,13.8132,3.44,10.28,12890,70.35,74.36,72.35,8.62,2023
Sumatera,Sumatera Utara,Langkat,1066711,106380,9.9727,25.7789,15.5221,9.23,8.73,11632,67.71,71.66,69.68,6.33,2023
Sumatera,Sumatera Utara,Nias Selatan,382539,24581,6.4258,27.7091,9.7559,16.39,6.48,7299,67.65,71.6,69.62,3.48,2023
Sumatera,Sumatera Utara,Humbang Hasundutan,204700,22401,10.9433,30.0537,18.5471,8.69,10.01,8476,68.35,72.29,70.32,0.84,2023
Sumatera,Sumatera Utara,Pakpak Bharat,55172,3880,7.0326,32.9896,11.7252,7.54,9.61,8764,64.98,68.91,66.94,0.45,2023
Sumatera,Sumatera Utara,Samosir,141333,16546,11.7071,29.0675,19.767,11.66,9.47,9158,70.28,74.29,72.28,1.03,2023
Sumatera,Sumatera Utara,Serdang Bedagai,682918,67931,9.9472,27.1186,15.8057,7.44,8.85,11695,67.66,71.62,69.64,4.97,2023
Sumatera,Sumatera Utara,Batu Bara,430533,39764,9.236,28.6617,14.8722,11.38,8.5,10933,65.94,69.93,67.94,5.88,2023
Sumatera,Sumatera Utara,Padang Lawas Utara,275448,17959,6.5199,31.3199,10.4889,8.79,9.55,10615,65.87,69.86,67.87,4.42,2023
Sumatera,Sumatera Utara,Padang Lawas,275648,17910,6.4974,31.4862,10.4769,7.89,9.43,9395,65.77,69.74,67.76,5.75,2023
Sumatera,Sumatera Utara,Labuhan Batu Selatan,330797,20108,6.0787,30.0211,9.5127,8.06,8.93,11950,67.61,71.57,69.59,3.43,2023
Sumatera,Sumatera Utara,Labuhan Batu Utara,401863,30314,7.5434,28.8962,11.868,9.08,8.87,12429,68.33,72.27,70.3,4.84,2023
Sumatera,Sumatera Utara,Nias Utara,155873,11392,7.3085,29.1096,11.4946,21.79,6.85,6788,68.32,72.26,70.29,2.57,2023
Sumatera,Sumatera Utara,Nias Barat,95334,6812,7.1454,31.6005,11.6652,22.81,7.07,6382,68.03,71.98,70.0,0.8,2023
Sumatera,Sumatera Utara,Kota Sibolga,91265,7871,8.6243,27.1309,13.4242,11.42,10.44,12285,68.26,72.2,70.23,6.79,2023
Sumatera,Sumatera Utara,Kota Tanjung Balai,183170,14902,8.1356,28.2497,12.7889,12.21,9.68,11753,62.42,66.24,64.33,4.47,2023
Sumatera,Sumatera Utara,Kota Pematang Siantar,274838,34134,12.4197,24.0189,19.5396,7.24,11.58,12984,73.0,76.66,74.83,8.62,2023
Sumatera,Sumatera Utara,Kota Tebing Tinggi,178914,19289,10.7812,26.1997,17.1078,9.49,10.86,13385,69.69,73.67,71.68,6.24,2023
Sumatera,Sumatera Utara,Kota Medan,2474166,270982,10.9525,23.32,16.6634,8.0,11.62,15674,72.15,75.88,74.02,8.67,2023
Sumatera,Sumatera Utara,Kota Binjai,303272,30282,9.9851,25.9203,15.5787,4.79,11.19,11567,71.09,75.28,73.18,6.1,2023
Sumatera,Sumatera Utara,Kota Padangsidimpuan,236217,21419,9.0675,26.6835,14.1131,6.85,11.12,11552,68.28,72.22,70.25,7.57,2023
Sumatera,Sumatera Utara,Kota Gunungsitoli,142890,10661,7.461,31.0204,12.128,14.78,8.65,8635,70.13,74.14,72.13,3.67,2023
Sumatera,Sumatera Barat,Kepulauan Mentawai,91427,6707,7.3359,26.9931,11.1707,13.72,7.76,6891,63.22,67.07,65.14,1.33,2023
Sumatera,Sumatera Barat,Pesisir Selatan,525355,60320,11.4818,25.1243,18.1118,7.34,8.58,9953,69.58,73.55,71.56,4.75,2023
Sumatera,Sumatera Barat,Solok,405375,46260,11.4117,24.6939,17.8602,7.13,7.9,10717,67.63,71.58,69.6,4.99,2023
Sumatera,Sumatera Barat,Sijunjung,243709,24557,10.0764,25.6605,15.6799,5.88,8.57,11018,65.09,69.04,67.06,4.71,2023
Sumatera,Sumatera Barat,Tanah Datar,383676,58499,15.247,21.7887,24.2153,4.16,9.02,10905,68.92,72.86,70.89,5.35,2023
Sumatera,Sumatera Barat,Padang Pariaman,451388,56338,12.4811,24.8064,19.902,6.34,8.41,11432,67.77,71.72,69.74,6.69,2023
Sumatera,Sumatera Barat,Agam,551893,78776,14.2738,22.7818,22.6768,6.6,9.22,10402,71.15,75.41,73.28,4.96,2023
Sumatera,Sumatera Barat,Lima Puluh Kota,396427,52380,13.213,23.1803,20.773,6.8,8.12,10285,68.38,72.31,70.34,3.95,2023
Sumatera,Sumatera Barat,Pasaman,313199,31331,10.0035,26.0569,15.6453,6.8,8.13,8908,66.34,70.33,68.34,5.09,2023
Sumatera,Sumatera Barat,Solok Selatan,191540,17400,9.0843,25.6119,13.9108,6.45,8.69,10884,66.77,70.74,68.76,2.57,2023
Sumatera,Sumatera Barat,Dharmasraya,239918,20718,8.6355,25.9801,13.2072,5.56,8.71,11901,70.29,74.3,72.3,6.22,2023
Sumatera,Sumatera Barat,Pasaman Barat,450050,35735,7.9402,27.3445,12.2695,6.92,8.81,9538,66.59,70.56,68.58,6.01,2023
Sumatera,Sumatera Barat,Kota Padang,942938,103599,10.9868,24.395,17.0027,4.17,11.62,15089,72.39,76.09,74.24,10.86,2023
Sumatera,Sumatera Barat,Kota Solok,77842,7047,9.053,26.8955,14.1339,3.05,11.36,12709,72.62,76.31,74.46,3.72,2023
Sumatera,Sumatera Barat,Kota Sawah Lunto,67758,8251,12.1772,24.6554,19.2776,2.27,10.44,10829,68.77,72.71,70.74,4.98,2023
Sumatera,Sumatera Barat,Kota Padang Panjang,58627,5867,10.0073,26.3394,15.7216,5.24,11.94,11310,71.16,75.41,73.28,5.49,2023
Sumatera,Sumatera Barat,Kota Bukittinggi,124047,13357,10.7677,25.3444,16.854,4.11,11.64,13859,73.39,77.02,75.2,4.99,2023
Sumatera,Sumatera Barat,Kota Payakumbuh,144830,16261,11.2276,25.3262,17.6964,5.44,10.88,13978,72.67,76.35,74.51,4.84,2023
Sumatera,Sumatera Barat,Kota Pariaman,97206,10783,11.0929,25.1682,17.4037,4.2,10.79,13355,69.02,72.97,71.0,5.68,2023
Sumatera,Riau,Kuantan Singingi,345610,32943,9.5318,25.6593,14.7076,8.07,8.9,10945,67.19,71.16,69.18,2.49,2023
Sumatera,Riau,Indragiri Hulu,462220,34616,7.4891,27.1042,11.45,6.06,8.42,10957,68.77,72.71,70.74,2.47,2023
Sumatera,Riau,Indragiri Hilir,677290,58699,8.6667,25.3416,13.1331,5.64,7.31,10659,66.68,70.65,68.67,1.71,2023
Sumatera,Riau,Pelalawan,408543,22325,5.4645,29.4936,8.4016,8.15,8.73,12399,70.05,74.05,72.05,2.26,2023
Sumatera,Riau,Siak,477064,28769,6.0304,27.5433,9.0784,5.23,9.88,12637,69.69,73.68,71.68,5.82,2023
Sumatera,Riau,Kampar,881028,63504,7.2079,27.4122,11.0247,7.04,9.4,11662,69.49,73.46,71.47,3.38,2023
Sumatera,Riau,Rokan Hulu,585183,41274,7.0532,26.644,10.6378,9.72,8.81,10055,68.91,72.86,70.88,3.45,2023
Sumatera,Riau,Bengkalis,584916,51749,8.8473,27.4672,13.8921,6.31,9.73,12153,69.84,73.83,71.84,7.09,2023
Sumatera,Riau,Rokan Hilir,663956,49394,7.4393,27.5318,11.4401,7.07,8.52,10097,69.07,73.02,71.04,4.42,2023
Sumatera,Riau,Kepulauan Meranti,211791,22183,10.474,24.6923,16.1552,22.98,7.99,8613,66.47,70.45,68.46,5.17,2023
Sumatera,Riau,Kota Pekanbaru,1016366,84185,8.2829,26.4498,12.6908,3.16,11.94,14983,71.02,75.13,73.07,6.2,2023
Sumatera,Riau,Kota Dumai,328907,25142,7.6441,28.0292,11.8833,3.21,10.16,12457,69.73,73.71,71.72,5.15,2023
Sumatera,Jambi,Kerinci,255120,32418,12.707,23.3827,19.8825,7.54,8.59,10965,68.63,72.57,70.6,2.48,2023
Sumatera,Jambi,Merangin,368389,30797,8.3599,25.8659,12.71,8.9,8.13,10969,69.81,73.8,71.81,4.35,2023
Sumatera,Jambi,Sarolangun,302243,23263,7.6968,28.5889,12.0802,8.54,8.14,12392,67.77,71.72,69.74,5.09,2023
Sumatera,Jambi,Batang Hari,312729,26650,8.5218,25.8716,12.9892,9.45,8.22,10528,69.29,73.25,71.27,3.85,2023
Sumatera,Jambi,Muaro Jambi,418799,33491,7.9969,25.3575,11.9992,4.43,8.69,9525,69.89,73.88,71.88,5.4,2023
Sumatera,Jambi,Tanjung Jabung Timur,236727,24915,10.5248,25.2274,16.3815,10.85,7.43,9898,65.05,68.99,67.02,1.67,2023
Sumatera,Jambi,Tanjung Jabung Barat,330474,28126,8.5108,26.2835,13.0522,9.79,8.31,10229,66.74,70.71,68.72,2.95,2023
Sumatera,Jambi,Tebo,350761,29614,8.4428,26.8944,13.0566,6.46,7.94,10894,68.57,72.5,70.54,1.71,2023
Sumatera,Jambi,Bungo,376382,31757,8.4374,26.0151,12.8723,5.29,8.39,12224,66.48,70.46,68.47,5.23,2023
Sumatera,Jambi,Kota Jambi,627774,61297,9.7642,23.7748,14.6916,8.24,11.32,12783,71.19,75.49,73.34,8.27,2023
Sumatera,Jambi,Kota Sungai Penuh,99771,12086,12.1137,23.6321,18.8529,3.0,10.36,11027,70.89,74.92,72.9,3.8,2023
Sumatera,Sumatera Selatan,Ogan Komering Ulu,379130,36415,9.6049,27.0865,15.1715,11.46,8.85,10859,66.91,70.88,68.9,4.13,2023
Sumatera,Sumatera Selatan,Ogan Komering Ilir,797429,72333,9.0708,25.3967,13.8416,13.15,7.08,11736,67.38,71.34,69.36,3.23,2023
Sumatera,Sumatera Selatan,Muara Enim,633779,60870,9.6043,26.8775,15.1205,10.93,8.14,11683,67.79,71.74,69.76,3.92,2023
Sumatera,Sumatera Selatan,Lahat,444949,47286,10.6273,25.5805,16.6592,15.0,8.56,10811,64.96,68.89,66.92,3.41,2023
Sumatera,Sumatera Selatan,Musi Rawas,407694,40538,9.9432,25.825,15.4803,14.13,7.56,10429,67.01,70.98,69.0,1.95,2023
Sumatera,Sumatera Selatan,Musi Banyuasin,644386,54024,8.3838,28.1221,13.2041,14.9,7.68,10862,67.58,71.54,69.56,2.58,2023
Sumatera,Sumatera Selatan,Banyu Asin,874210,83087,9.5042,25.6325,14.6527,9.58,7.46,10731,67.83,71.78,69.81,3.35,2023
Sumatera,Sumatera Selatan,Ogan Komering Ulu Selatan,424190,40914,9.6452,23.9063,14.5153,10.36,8.05,9176,65.94,69.92,67.93,1.81,2023
Sumatera,Sumatera Selatan,Ogan Komering Ulu Timur,668035,73349,10.9798,24.8674,17.1151,9.99,8.07,12046,67.85,71.8,69.82,3.96,2023
Sumatera,Sumatera Selatan,Ogan Ilir,431043,43333,10.0531,26.5976,15.8692,13.28,8.08,11456,64.43,68.33,66.38,2.1,2023
Sumatera,Sumatera Selatan,Empat Lawang,342178,35287,10.3125,21.7141,15.1713,11.8,7.66,10375,63.84,67.72,65.78,3.09,2023
Sumatera,Sumatera Selatan,Penukal Abab Lematang Ilir,202681,16018,7.9031,29.0022,12.5257,10.91,7.08,9139,67.03,71.0,69.02,3.99,2023
Sumatera,Sumatera Selatan,Musi Rawas Utara,195962,17204,8.7793,26.9027,13.6497,18.26,7.5,10631,64.46,68.37,66.41,5.11,2023
Sumatera,Sumatera Selatan,Kota Palembang,1706371,185625,10.8783,25.8843,17.2024,10.22,10.92,15592,70.04,74.04,72.04,7.49,2023
Sumatera,Sumatera Selatan,Kota Prabumulih,200673,16809,8.3763,28.3227,13.2325,11.23,10.35,13494,69.33,73.3,71.32,5.05,2023
Sumatera,Sumatera Selatan,Kota Pagar Alam,147836,16110,10.8972,25.6615,17.1769,8.88,9.43,9683,65.76,69.74,67.75,2.71,2023
Sumatera,Sumatera Selatan,Kota Lubuklinggau,242976,21480,8.8404,27.2389,13.8302,12.65,9.93,14211,68.33,72.27,70.3,5.64,2023
Sumatera,Bengkulu,Bengkulu Selatan,171463,18095,10.5533,24.8473,16.3365,17.51,9.41,10657,66.45,70.43,68.44,3.56,2023
Sumatera,Bengkulu,Rejang Lebong,285710,28161,9.8565,23.6355,14.82,14.79,8.8,10848,67.29,71.25,69.27,2.94,2023
Sumatera,Bengkulu,Bengkulu Utara,306659,30597,9.9775,26.2298,15.6406,11.29,8.11,11188,66.83,70.81,68.82,3.33,2023
Sumatera,Bengkulu,Kaur,131063,12827,9.7869,25.0864,15.0275,17.83,8.41,9365,65.34,69.3,67.32,3.81,2023
Sumatera,Bengkulu,Seluma,215063,20805,9.6739,24.822,14.7684,18.0,8.13,8949,66.4,70.38,68.39,2.68,2023
Sumatera,Bengkulu,Mukomuko,198794,15964,8.0304,27.7317,12.5011,10.76,8.56,11075,65.37,69.33,67.35,3.14,2023
Sumatera,Bengkulu,Lebong,110347,11727,10.6274,24.8969,16.4828,11.15,8.26,12012,62.07,65.88,63.97,2.72,2023
Sumatera,Bengkulu,Kepahiang,154651,14701,9.5059,23.5285,14.1952,14.12,8.36,10044,66.52,70.5,68.51,2.41,2023
Sumatera,Bengkulu,Bengkulu Tengah,121139,10613,8.761,25.9925,13.4275,9.4,7.51,10114,66.58,70.56,68.57,3.2,2023
Sumatera,Bengkulu,Kota Bengkulu,391117,33300,8.5141,25.8306,12.9678,14.71,11.83,14924,68.81,72.76,70.78,5.04,2023
Sumatera,Lampung,Lampung Barat,312433,29345,9.3924,26.1931,14.5812,11.17,8.36,10593,66.19,70.17,68.18,2.25,2023
Sumatera,Lampung,Tanggamus,662542,70970,10.7118,25.1995,16.714,10.52,7.36,10038,67.3,71.26,69.28,3.35,2023
Sumatera,Lampung,Lampung Selatan,1104997,107582,9.736,26.1233,15.1791,12.79,7.77,10617,68.05,71.99,70.02,4.95,2023
Sumatera,Lampung,Lampung Timur,1142580,135280,11.8399,23.8247,18.4033,13.8,8.14,10812,69.31,73.28,71.3,3.09,2023
Sumatera,Lampung,Lampung Tengah,1508331,168177,11.1499,23.4684,17.0535,10.65,7.81,12195,68.37,72.31,70.34,3.25,2023
Sumatera,Lampung,Lampung Utara,653852,70639,10.8035,26.3141,17.1805,17.17,8.36,9374,67.91,71.85,69.88,5.73,2023
Sumatera,Lampung,Way Kanan,491108,49048,9.9872,26.8499,15.8118,11.02,7.74,9887,67.99,71.93,69.96,3.07,2023
Sumatera,Lampung,Tulangbawang,445167,39439,8.8594,26.2063,13.6436,8.04,7.57,11552,68.5,72.44,70.47,3.46,2023
Sumatera,Lampung,Pesawaran,494277,53157,10.7545,25.9067,16.9793,12.89,7.99,8633,67.81,71.76,69.78,4.76,2023
Sumatera,Lampung,Pringsewu,419589,47361,11.2875,24.7788,17.655,9.14,8.42,11016,69.12,73.07,71.1,4.66,2023
Sumatera,Lampung,Mesuji,237935,21460,9.0193,26.2168,13.9264,6.73,7.11,8947,66.81,70.78,68.8,2.46,2023
Sumatera,Lampung,Tulang Bawang Barat,295481,32744,11.0816,25.315,17.423,7.25,7.79,9162,68.5,72.44,70.47,3.89,2023
Sumatera,Lampung,Pesisir Barat,169750,16140,9.5081,28.4937,15.3361,13.49,8.7,9102,62.43,66.25,64.34,3.47,2023
Sumatera,Lampung,Kota Bandar Lampung,1202071,128836,10.7178,23.5682,16.3098,7.77,10.97,13092,69.96,73.96,71.96,7.43,2023
Sumatera,Lampung,Kota Metro,173873,19323,11.1133,24.3339,17.2158,7.28,11.0,12618,70.17,74.17,72.17,3.6,2023
Sumatera,Kep. Bangka Belitung,Bangka,337939,33495,9.9116,24.2547,15.0554,4.32,8.32,13146,69.65,73.63,71.64,5.03,2023
Sumatera,Kep. Bangka Belitung,Belitung,189225,21153,11.1788,22.3723,16.8231,6.46,8.98,14365,69.6,73.57,71.58,4.14,2023
Sumatera,Kep. Bangka Belitung,Bangka Barat,212854,18618,8.7468,25.0749,13.2171,2.71,7.47,13105,68.51,72.44,70.47,4.77,2023
Sumatera,Kep. Bangka Belitung,Bangka Tengah,207435,16505,7.9567,25.4981,11.9569,5.29,7.23,13643,70.16,74.16,72.16,3.88,2023
Sumatera,Kep. Bangka Belitung,Bangka Selatan,205829,16125,7.8342,23.6565,11.4352,3.11,6.91,12627,67.05,71.02,69.04,4.84,2023
Sumatera,Kep. Bangka Belitung,Belitung Timur,131281,14283,10.8797,22.2439,16.2684,6.73,8.9,12536,70.62,74.65,72.64,2.41,2023
Sumatera,Kep. Bangka Belitung,Kota Pangkal Pinang,227336,22849,10.0508,24.9943,15.4734,4.27,10.5,16734,72.18,75.9,74.04,5.76,2023
Sumatera,Kep. Riau,Karimun,260599,27945,10.7234,25.3243,16.7678,5.95,8.69,12756,70.06,74.05,72.06,6.02,2023
Sumatera,Kep. Riau,Bintan,165893,14247,8.5881,25.6039,13.0502,5.9,8.92,14882,69.16,73.12,71.14,5.43,2023
Sumatera,Kep. Riau,Natuna,84556,7645,9.0413,27.2104,14.1829,5.25,9.08,15409,64.32,68.22,66.27,4.05,2023
Sumatera,Kep. Riau,Lingga,101026,12358,12.2325,24.0938,19.2112,11.26,7.35,12485,61.65,65.44,63.54,3.52,2023
Sumatera,Kep. Riau,Kepulauan Anambas,49094,4424,9.0113,26.8342,14.0462,6.95,7.4,12495,66.15,70.14,68.15,2.55,2023
Sumatera,Kep. Riau,Kota Batam,1256614,64231,5.1114,26.887,7.5166,5.02,11.19,18990,72.16,75.89,74.03,8.14,2023
Sumatera,Kep. Riau,Kota Tanjung Pinang,234843,24044,10.2383,24.6024,15.7128,7.95,10.65,16213,70.88,74.92,72.9,4.76,2023
Jawa,DKI Jakarta,Kep. Seribu,28523,2198,7.7061,26.7328,11.754,13.13,9.03,13523,67.68,71.63,69.66,8.11,2023
Jawa,DKI Jakarta,Kota Jakarta Selatan,2235606,247943,11.0906,21.1536,16.3686,3.1,11.75,24975,73.03,76.69,74.86,5.37,2023
Jawa,DKI Jakarta,Kota Jakarta Timur,3079618,320069,10.3931,22.5407,15.4968,4.2,11.88,18712,73.38,77.01,75.19,7.24,2023
Jawa,DKI Jakarta,Kota Jakarta Pusat,1049314,131968,12.5766,20.1168,18.6855,4.68,11.54,18202,73.06,76.71,74.88,6.42,2023
Jawa,DKI Jakarta,Kota Jakarta Barat,2470054,258933,10.4829,22.281,15.5912,4.09,11.23,21709,72.39,76.09,74.24,6.39,2023
Jawa,DKI Jakarta,Kota Jakarta Utara,1808985,181995,10.0606,23.1478,15.0627,6.78,10.84,19617,71.8,75.55,73.68,7.05,2023
Jawa,Jawa Barat,Bogor,5627021,461143,8.1952,24.4229,12.1622,7.27,8.37,11153,69.97,73.96,71.96,8.47,2023
Jawa,Jawa Barat,Sukabumi,2802404,311573,11.1181,23.7666,17.0744,7.01,7.33,9482,69.89,73.88,71.88,7.32,2023
Jawa,Jawa Barat,Cianjur,2558142,272145,10.6384,24.9953,16.5279,10.22,7.22,8626,68.87,72.81,70.84,7.71,2023
Jawa,Jawa Barat,Bandung,3721111,350482,9.4187,24.894,14.3388,6.4,9.1,11018,72.5,76.2,74.35,6.52,2023
Jawa,Jawa Barat,Garut,2683665,251878,9.3856,26.1891,14.5682,9.77,7.84,8685,70.12,74.12,72.12,7.33,2023
Jawa,Jawa Barat,Tasikmalaya,1907045,257973,13.5274,22.697,21.2109,10.28,7.96,8562,68.27,72.21,70.24,3.89,2023
Jawa,Jawa Barat,Ciamis,1251544,210772,16.841,20.8234,27.0166,7.42,8.09,9750,70.61,74.63,72.62,3.52,2023
Jawa,Jawa Barat,Kuningan,1201764,159159,13.2438,23.0485,20.7884,12.12,7.89,10011,72.52,76.22,74.37,9.49,2023
Jawa,Jawa Barat,Cirebon,2360441,226623,9.6009,23.8243,14.4212,11.2,7.64,11128,70.79,74.83,72.81,7.65,2023
Jawa,Jawa Barat,Majalengka,1340617,177819,13.264,21.809,20.429,11.21,7.52,10340,69.12,73.08,71.1,4.12,2023
Jawa,Jawa Barat,Sumedang,1178235,174288,14.7923,21.7252,23.3014,9.36,8.73,11136,71.13,75.35,73.24,6.94,2023
Jawa,Jawa Barat,Indramayu,1894325,205238,10.8344,22.3404,16.213,12.13,6.94,10580,70.5,74.52,72.51,6.46,2023
Jawa,Jawa Barat,Subang,1649821,221697,13.4376,21.4463,20.6364,9.52,7.45,11537,71.16,75.43,73.3,7.65,2023
Jawa,Jawa Barat,Purwakarta,1037068,100773,9.7171,24.7102,14.8188,8.46,8.13,12619,69.79,73.78,71.78,7.72,2023
Jawa,Jawa Barat,Karawang,2526002,243224,9.6288,23.523,14.404,7.87,8.04,12392,70.93,74.97,72.95,8.95,2023
Jawa,Jawa Barat,Bekasi,3237420,228223,7.0495,24.4692,10.2941,4.93,9.57,12123,72.53,76.23,74.38,8.87,2023
Jawa,Jawa Barat,Bandung Barat,1859636,193452,10.4027,24.178,15.9015,10.52,8.23,9392,71.07,75.23,73.15,8.11,2023
Jawa,Jawa Barat,Pangandaran,431464,70786,16.406,20.7531,26.1072,8.98,8.04,9406,70.22,74.22,72.22,1.52,2023
Jawa,Jawa Barat,Kota Bogor,1070719,113799,10.6283,23.1129,16.0405,6.67,10.64,12656,72.69,76.37,74.53,9.39,2023
Jawa,Jawa Barat,Kota Sukabumi,360644,39940,11.0746,24.235,17.1194,7.5,10.37,11799,71.08,75.25,73.16,8.53,2023
Jawa,Jawa Barat,Kota Bandung,2506603,303117,12.0927,21.5883,18.2342,3.96,11.06,18236,73.3,76.93,75.12,8.83,2023
Jawa,Jawa Barat,Kota Cirebon,341980,38689,11.3132,23.1707,17.2679,9.16,10.37,12506,71.06,75.2,73.13,7.66,2023
Jawa,Jawa Barat,Kota Bekasi,2627207,262268,9.9828,22.5166,14.7892,4.1,11.66,16479,74.1,77.45,75.78,7.9,2023
Jawa,Jawa Barat,Kota Depok,2145400,202194,9.4245,23.4139,14.0326,2.38,11.58,16279,73.49,77.11,75.3,6.97,2023
Jawa,Jawa Barat,Kota Cimahi,590782,62077,10.5076,22.1202,15.5963,4.66,11.39,12883,73.05,76.7,74.88,10.52,2023
Jawa,Jawa Barat,Kota Tasikmalaya,741760,84418,11.3808,23.9904,17.6094,11.53,9.54,11063,70.95,74.99,72.97,6.55,2023
Jawa,Jawa Barat,Kota Banjar,207510,28980,13.9656,22.3507,21.9296,6.14,8.79,11356,69.85,73.84,71.84,5.43,2023
Jawa,Jawa Tengah,Cilacap,2007829,275864,13.7394,21.8999,21.3475,10.99,7.39,11432,72.48,76.2,74.34,8.74,2023
Jawa,Jawa Tengah,Banyumas,1828573,259913,14.214,21.8846,22.2436,12.53,7.87,12492,72.2,75.94,74.07,6.35,2023
Jawa,Jawa Tengah,Purbalingga,1027333,136666,13.303,22.852,20.8364,14.99,7.34,10964,71.57,75.36,73.46,5.61,2023
Jawa,Jawa Tengah,Banjarnegara,1047226,145202,13.8654,22.3421,21.7351,14.9,6.86,10226,72.71,76.41,74.56,6.26,2023
Jawa,Jawa Tengah,Kebumen,1397555,200206,14.3254,22.1259,22.5425,16.34,7.86,9734,72.05,75.8,73.92,5.11,2023
Jawa,Jawa Tengah,Purworejo,788265,133783,16.9718,20.4115,27.1043,11.33,8.46,11110,73.47,77.11,75.29,4.02,2023
Jawa,Jawa Tengah,Wonosobo,909664,118285,13.0032,22.5262,20.1691,15.58,6.89,11577,70.21,74.19,72.2,4.95,2023
Jawa,Jawa Tengah,Magelang,1330656,192640,14.4771,21.3389,22.5556,10.96,7.82,10493,72.45,76.15,74.3,4.42,2023
Jawa,Jawa Tengah,Boyolali,1090129,160798,14.7504,22.0036,23.3222,9.81,8.09,13716,74.39,78.14,76.26,4.05,2023
Jawa,Jawa Tengah,Klaten,1284386,202591,15.7734,20.2836,24.6679,12.28,9.27,12968,75.22,78.99,77.1,4.2,2023
Jawa,Jawa Tengah,Sukoharjo,932680,131277,14.0752,20.9645,21.6675,7.58,9.84,12319,76.14,79.88,78.01,3.4,2023
Jawa,Jawa Tengah,Wonogiri,1051085,214004,20.3603,17.8281,32.9392,10.94,7.67,10283,74.72,78.48,76.6,1.92,2023
Jawa,Jawa Tengah,Karanganyar,955116,142183,14.8865,21.4705,23.3906,9.79,9.02,12260,75.94,79.72,77.83,4.35,2023
Jawa,Jawa Tengah,Sragen,997485,156386,15.678,20.9303,24.732,12.87,7.87,13439,74.14,77.89,76.02,3.87,2023
Jawa,Jawa Tengah,Grobogan,1492891,203016,13.5988,22.3583,21.234,11.72,7.28,11083,73.3,76.95,75.12,4.02,2023
Jawa,Jawa Tengah,Blora,901621,141683,15.7143,19.3957,24.2167,11.49,7.08,10541,72.95,76.64,74.8,3.1,2023
Jawa,Jawa Tengah,Rembang,660166,93125,14.1063,20.9881,21.7335,14.17,7.72,11399,73.02,76.69,74.85,2.6,2023
Jawa,Jawa Tengah,Pati,1359364,197864,14.5556,20.6393,22.4606,9.31,7.8,11385,74.55,78.31,76.43,4.29,2023
Jawa,Jawa Tengah,Kudus,874632,98738,11.2891,22.69,17.0993,7.24,9.34,12088,75.02,78.78,76.9,3.25,2023
Jawa,Jawa Tengah,Jepara,1221086,141353,11.576,22.7582,17.6287,6.61,8.26,11306,74.24,77.99,76.11,3.35,2023
Jawa,Jawa Tengah,Demak,1240510,136257,10.984,23.6701,16.8089,12.01,8.27,11166,73.77,77.48,75.62,5.38,2023
Jawa,Jawa Tengah,Semarang,1080648,143675,13.2953,21.6584,20.4397,7.17,8.07,12943,74.12,77.86,75.99,4.05,2023
Jawa,Jawa Tengah,Temanggung,808446,119964,14.8388,21.3985,23.272,9.26,7.5,10108,73.95,77.69,75.82,2.32,2023
Jawa,Jawa Tengah,Kendal,1052826,131084,12.4507,21.8343,18.9465,9.39,7.73,12755,72.84,76.51,74.68,5.76,2023
Jawa,Jawa Tengah,Batang,828883,98725,11.9106,23.2184,18.3604,8.92,7.07,10470,73.12,76.77,74.94,6.06,2023
Jawa,Jawa Tengah,Pekalongan,1007384,115415,11.4569,23.7849,17.6918,9.67,7.47,11297,72.11,75.84,73.97,3.25,2023
Jawa,Jawa Tengah,Pemalang,1523622,176677,11.5959,23.064,17.7469,15.03,6.55,9587,72.09,75.82,73.96,6.55,2023
Jawa,Jawa Tengah,Tegal,1654836,173471,10.4827,24.1126,16.0274,7.3,7.34,10537,70.05,74.05,72.05,8.6,2023
Jawa,Jawa Tengah,Brebes,2043077,227224,11.1217,23.1693,16.9256,15.78,6.4,10993,68.03,71.98,70.0,8.98,2023
Jawa,Jawa Tengah,Kota Magelang,122150,19779,16.1924,18.8064,24.9109,6.11,11.2,13175,75.37,79.14,77.26,5.25,2023
Jawa,Jawa Tengah,Kota Surakarta,526870,77918,14.7888,20.0395,22.6921,8.44,11.0,15870,75.77,79.55,77.66,4.58,2023
Jawa,Jawa Tengah,Kota Salatiga,198920,26909,13.5275,21.1507,20.7091,4.66,11.24,16650,76.07,79.85,77.96,4.57,2023
Jawa,Jawa Tengah,Kota Semarang,1694743,209536,12.3639,21.1903,18.6075,4.23,10.81,16420,76.04,79.83,77.94,5.99,2023
Jawa,Jawa Tengah,Kota Pekalongan,317524,34465,10.8543,23.2581,16.474,6.81,9.29,14056,72.86,76.53,74.69,5.02,2023
Jawa,Jawa Tengah,Kota Tegal,282781,31499,11.139,22.9955,16.9118,7.68,9.24,14013,72.9,76.57,74.74,6.05,2023
Jawa,DI Yogyakarta,Kulon Progo,443053,83588,18.8664,19.8886,30.8047,15.64,9.18,10723,73.57,77.21,75.39,2.4,2023
Jawa,DI Yogyakarta,Bantul,1009434,159458,15.7968,20.6053,24.8385,11.96,9.79,16524,72.13,75.9,74.02,3.78,2023
Jawa,DI Yogyakarta,Gunung Kidul,751011,157260,20.9398,18.6345,34.6537,15.6,7.32,10065,72.49,76.19,74.34,2.09,2023
Jawa,DI Yogyakarta,Sleman,1157292,173982,15.0335,20.3866,23.279,7.52,11.01,16976,73.35,76.99,75.17,4.47,2023
Jawa,DI Yogyakarta,Kota Yogyakarta,375699,60750,16.1699,18.6897,24.8231,6.49,12.11,19920,73.18,76.83,75.0,6.07,2023
Jawa,Jawa Timur,Pacitan,587973,118352,20.1288,17.8716,32.466,13.65,7.88,9681,70.89,74.93,72.91,1.83,2023
Jawa,Jawa Timur,Ponorogo,959486,182147,18.9838,18.6101,30.4198,9.53,7.78,10658,71.36,75.84,73.6,4.66,2023
Jawa,Jawa Timur,Trenggalek,741177,131032,17.6789,19.1953,28.0058,10.63,7.9,10465,72.9,76.57,74.74,4.52,2023
Jawa,Jawa Timur,Tulungagung,1107803,175307,15.8247,19.6912,24.5406,6.53,8.66,11565,73.18,76.83,75.0,5.65,2023
Jawa,Jawa Timur,Blitar,1253550,198658,15.8476,20.4103,24.8621,8.69,7.83,11499,72.59,76.28,74.44,4.91,2023
Jawa,Jawa Timur,Kediri,1677168,243271,14.5049,21.1645,22.5474,10.72,8.24,11952,71.18,75.47,73.32,5.79,2023
Jawa,Jawa Timur,Malang,2715617,387849,14.2822,21.0823,22.0965,9.45,7.75,10791,71.18,75.45,73.32,5.7,2023
Jawa,Jawa Timur,Lumajang,1139141,179671,15.7725,20.357,24.6945,8.93,7.14,9720,69.03,72.98,71.0,3.67,2023
Jawa,Jawa Timur,Jember,2586809,375993,14.535,20.5392,22.3871,9.51,6.52,10277,68.11,72.05,70.08,4.01,2023
Jawa,Jawa Timur,Banyuwangi,1743910,268975,15.4237,20.6816,24.1392,7.34,7.76,12820,69.44,73.41,71.42,4.75,2023
Jawa,Jawa Timur,Bondowoso,788156,129241,16.3979,20.1947,25.8612,13.34,6.36,11255,65.66,69.64,67.65,4.15,2023
Jawa,Jawa Timur,Situbondo,697024,114769,16.4656,19.2242,25.6033,11.9,6.9,10702,68.01,71.96,69.98,3.27,2023
Jawa,Jawa Timur,Probolinggo,1176935,162419,13.8002,22.1062,21.5313,17.19,6.29,11756,66.18,70.16,68.17,3.24,2023
Jawa,Jawa Timur,Pasuruan,1644456,201992,12.2832,21.9541,18.6781,9.24,7.44,11239,68.89,72.83,70.86,5.48,2023
Jawa,Jawa Timur,Sidoarjo,2148646,238707,11.1096,21.5186,16.4901,5.0,10.78,15311,72.93,76.62,74.78,8.05,2023
Jawa,Jawa Timur,Mojokerto,1145450,147199,12.8508,22.1508,19.7709,9.8,9.11,13467,71.17,75.44,73.31,4.67,2023
Jawa,Jawa Timur,Jombang,1351271,178661,13.2217,22.039,20.423,9.15,8.77,11999,71.15,75.4,73.28,4.66,2023
Jawa,Jawa Timur,Nganjuk,1124693,170246,15.1371,20.8964,23.6641,10.89,8.24,12821,70.33,74.34,72.34,4.68,2023
Jawa,Jawa Timur,Madiun,754497,138215,18.3188,19.1386,29.2902,11.04,7.95,12259,70.32,74.33,72.32,5.14,2023
Jawa,Jawa Timur,Magetan,681658,132305,19.4093,19.6114,31.8293,9.8,8.67,12495,71.19,75.49,73.34,4.16,2023
Jawa,Jawa Timur,Ngawi,880713,160647,18.2406,19.3955,29.2486,14.4,7.78,11897,71.14,75.37,73.26,2.41,2023
Jawa,Jawa Timur,Bojonegoro,1319625,206132,15.6205,19.884,24.2195,12.18,7.45,10776,70.61,74.63,72.62,4.63,2023
Jawa,Jawa Timur,Tuban,1218594,185057,15.1861,19.9653,23.4178,14.91,7.4,11174,70.4,74.41,72.4,4.4,2023
Jawa,Jawa Timur,Lamongan,1369527,217631,15.891,19.8431,24.7269,12.42,8.34,12019,71.15,75.39,73.27,5.46,2023
Jawa,Jawa Timur,Gresik,1350380,155639,11.5256,22.1011,17.3648,10.96,10.01,13870,71.2,75.5,73.35,6.82,2023
Jawa,Jawa Timur,Bangkalan,1091777,125739,11.5169,22.1481,17.3617,19.35,5.99,9438,68.86,72.81,70.84,6.18,2023
Jawa,Jawa Timur,Sampang,1004523,106949,10.6467,24.073,16.3093,21.76,5.07,9363,66.7,70.67,68.68,2.72,2023
Jawa,Jawa Timur,Pamekasan,875814,104625,11.946,23.0011,18.3636,13.85,7.15,9420,66.37,70.35,68.36,1.74,2023
Jawa,Jawa Timur,Sumenep,1146586,187661,16.3669,19.312,25.4457,18.7,5.94,9807,70.51,74.53,72.52,1.71,2023
Jawa,Jawa Timur,Kota Kediri,295225,38915,13.1815,21.7346,20.253,7.15,10.69,13276,72.93,76.6,74.76,4.06,2023
Jawa,Jawa Timur,Kota Blitar,153362,20901,13.6285,21.4988,21.0081,7.3,10.78,14548,72.92,76.59,74.76,5.24,2023
Jawa,Jawa Timur,Kota Malang,865277,116647,13.4809,21.4723,20.7249,4.26,10.94,17222,72.36,76.07,74.22,6.8,2023
Jawa,Jawa Timur,Kota Probolinggo,246980,29039,11.7576,23.4606,18.1496,6.48,9.56,12999,69.06,73.01,71.04,4.53,2023
Jawa,Jawa Timur,Kota Pasuruan,216404,23919,11.0529,24.2472,17.0834,6.6,9.78,14250,70.35,74.36,72.35,5.64,2023
Jawa,Jawa Timur,Kota Mojokerto,136107,17432,12.8076,22.4279,19.7756,5.77,11.05,14422,72.32,76.04,74.18,4.73,2023
Jawa,Jawa Timur,Kota Madiun,199991,32357,16.1792,19.4384,25.1299,4.74,11.82,17115,71.29,75.69,73.49,5.85,2023
Jawa,Jawa Timur,Kota Surabaya,2911433,361742,12.4249,21.657,18.849,4.65,10.7,18977,73.01,76.67,74.84,6.76,2023
Jawa,Jawa Timur,Kota Batu,220196,28890,13.1201,21.8319,20.1699,3.31,9.85,13603,71.19,75.49,73.34,4.52,2023
Jawa,Banten,Pandeglang,1312766,124003,9.4459,25.6156,14.546,9.27,7.15,9151,63.7,67.56,65.63,9.05,2023
Jawa,Banten,Lebak,1433698,128648,8.9732,25.9152,13.7812,8.68,6.6,9130,66.19,70.17,68.18,7.57,2023
Jawa,Banten,Tangerang,3362605,241267,7.175,24.9616,10.5727,6.93,8.93,12749,68.73,72.67,70.7,6.94,2023
Jawa,Banten,Serang,1682133,141006,8.3826,25.2412,12.6289,4.85,7.79,11320,63.72,67.58,65.65,9.94,2023
Jawa,Banten,Kota Tangerang,1950580,178276,9.1396,24.0875,13.6877,5.89,10.91,15377,70.28,74.29,72.28,6.76,2023
Jawa,Banten,Kota Cilegon,450507,36464,8.094,26.8247,12.4367,3.98,10.38,13663,65.46,69.42,67.44,7.25,2023
Jawa,Banten,Kota Serang,723794,51012,7.0479,26.7254,10.642,6.2,8.91,14088,67.05,71.02,69.04,7.45,2023
Jawa,Banten,Kota Tangerang Selatan,1391649,144073,10.3527,22.6298,15.4477,2.57,11.85,16225,71.07,75.24,73.16,5.81,2023
Sumatera,Aceh,Simeulue,98633,8368,8.484,26.4932,13.0477,17.69,9.89,8106,63.84,67.71,65.78,5.5,2024
Sumatera,Aceh,Aceh Singkil,135684,8603,6.3405,30.7663,10.0813,19.06,8.72,9862,65.94,69.93,67.94,6.44,2024
Sumatera,Aceh,Aceh Selatan,241994,26107,10.7883,23.8394,16.5028,12.02,8.92,9190,63.1,66.94,65.02,4.56,2024
Sumatera,Aceh,Aceh Tenggara,234430,19315,8.2391,27.6654,12.8545,11.99,10.1,8876,66.84,70.81,68.82,4.79,2024
Sumatera,Aceh,Aceh Timur,443638,35164,7.9263,28.7304,12.5132,13.26,8.48,9889,67.25,71.21,69.23,7.75,2024
Sumatera,Aceh,Aceh Tengah,226744,20132,8.8787,27.3952,13.9327,14.27,10.03,11805,67.36,71.32,69.34,4.21,2024
Sumatera,Aceh,Aceh Barat,206822,21030,10.1682,24.6545,15.6008,17.6,9.99,10548,66.54,70.52,68.53,5.58,2024
Sumatera,Aceh,Aceh Besar,428254,40577,9.475,26.5485,14.8101,13.21,10.37,10810,68.37,72.31,70.34,7.93,2024
Sumatera,Aceh,Pidie,452547,49110,10.8519,24.6425,16.8232,18.59,9.04,11187,65.48,69.44,67.46,5.74,2024
Sumatera,Aceh,Bireuen,459073,45844,9.9862,26.716,15.7766,12.1,9.59,10150,69.88,73.87,71.88,3.93,2024
Sumatera,Aceh,Aceh Utara,631984,59282,9.3803,26.7424,14.6849,16.11,9.11,9374,67.35,71.3,69.32,6.88,2024
Sumatera,Aceh,Aceh Barat Daya,159187,15123,9.5001,24.7564,14.4503,15.32,8.78,9559,63.76,67.63,65.69,3.83,2024
Sumatera,Aceh,Gayo Lues,106791,7389,6.9191,28.774,10.7595,18.3,8.44,9967,64.13,68.02,66.07,2.4,2024
Sumatera,Aceh,Aceh Tamiang,309039,28823,9.3267,26.1498,14.4546,12.17,9.3,9529,68.29,72.22,70.26,6.95,2024
Sumatera,Aceh,Nagan Raya,176429,18087,10.2517,24.7913,15.7823,16.94,9.25,9523,67.82,71.77,69.79,5.22,2024
Sumatera,Aceh,Aceh Jaya,99200,8688,8.7581,27.8891,13.8243,12.25,9.02,11007,65.75,69.73,67.74,2.75,2024
Sumatera,Aceh,Bener Meriah,172036,14216,8.2634,27.8639,12.9373,18.18,10.13,12360,67.87,71.81,69.84,2.2,2024
Sumatera,Aceh,Pidie Jaya,166467,17559,10.548,25.5961,16.5185,18.28,9.59,11274,68.85,72.79,70.82,3.82,2024
Sumatera,Aceh,Kota Banda Aceh,265019,22360,8.4371,26.9701,13.062,6.95,13.1,18100,70.22,74.22,72.22,7.55,2024
Sumatera,Aceh,Kota Sabang,43470,4133,9.5077,26.8461,14.9384,14.58,11.22,12625,69.24,73.2,71.22,2.95,2024
Sumatera,Aceh,Kota Langsa,197909,19103,9.6524,24.391,14.6345,10.33,11.28,13133,68.0,71.94,69.97,7.34,2024
Sumatera,Aceh,Kota Lhokseumawe,200403,17637,8.8008,26.2416,13.5485,10.44,11.31,12694,70.29,74.3,72.3,8.47,2024
Sumatera,Aceh,Kota Subulussalam,99062,5385,5.436,31.9386,8.6802,16.38,8.43,8491,62.65,66.47,64.56,5.12,2024
Sumatera,Sumatera Utara,Nias,155629,11797,7.5802,29.8273,12.1104,14.89,6.4,7698,68.6,72.53,70.56,2.1,2024
Sumatera,Sumatera Utara,Mandailing Natal,505360,44297,8.7654,30.1169,14.3419,8.69,9.11,10644,61.8,65.6,63.7,7.22,2024
Sumatera,Sumatera Utara,Tapanuli Selatan,316486,29504,9.3224,28.8733,15.0837,6.92,9.56,12213,63.85,67.72,65.78,3.41,2024
Sumatera,Sumatera Utara,Tapanuli Tengah,394910,33906,8.5858,26.9978,13.3285,11.8,8.92,11128,66.24,70.23,68.24,7.45,2024
Sumatera,Sumatera Utara,Tapanuli Utara,326993,38305,11.7143,28.3801,19.5546,8.21,10.31,12382,67.85,71.79,69.82,1.21,2024
Sumatera,Sumatera Utara,Toba Samosir / Toba,216720,24802,11.4443,28.4178,19.03,8.07,10.77,12960,69.48,73.45,71.46,1.09,2024
Sumatera,Sumatera Utara,Labuhan Batu,520545,42121,8.0917,27.5292,12.5689,7.84,9.5,12102,69.06,73.01,71.04,5.9,2024
Sumatera,Sumatera Utara,Asahan,813720,77945,9.5788,27.1799,15.1465,8.12,8.85,12301,67.34,71.3,69.32,5.94,2024
Sumatera,Sumatera Utara,Simalungun,1051845,125023,11.8861,24.3164,18.6309,7.72,9.73,12119,70.43,74.44,72.44,5.17,2024
Sumatera,Sumatera Utara,Dairi,330586,34206,10.3471,28.3884,16.8892,7.1,9.89,11355,68.35,72.29,70.32,1.43,2024
Sumatera,Sumatera Utara,Karo,426471,46450,10.8917,25.062,17.006,7.37,10.12,13278,70.48,74.49,72.48,2.4,2024
Sumatera,Sumatera Utara,Deli Serdang,2048480,191543,9.3505,26.3245,14.5363,3.44,10.29,13279,70.52,74.54,72.53,8.02,2024
Sumatera,Sumatera Utara,Langkat,1078676,112625,10.441,25.8107,16.3786,9.04,8.74,12080,67.98,71.92,69.95,6.08,2024
Sumatera,Sumatera Utara,Nias Selatan,389957,25867,6.6333,27.7054,10.1023,16.32,6.52,7730,67.87,71.82,69.84,3.03,2024
Sumatera,Sumatera Utara,Humbang Hasundutan,207076,22952,11.0839,29.55,18.6703,8.44,10.13,8844,68.58,72.51,70.54,0.92,2024
Sumatera,Sumatera Utara,Pakpak Bharat,56212,4033,7.1746,32.8506,11.9627,6.87,9.73,9158,65.31,69.26,67.28,0.97,2024
Sumatera,Sumatera Utara,Samosir,143071,16976,11.8654,28.7025,19.9647,11.63,9.61,9634,70.45,74.46,72.46,0.89,2024
Sumatera,Sumatera Utara,Serdang Bedagai,691638,71635,10.3573,26.7534,16.4691,6.97,9.12,12015,67.9,71.85,69.88,4.88,2024
Sumatera,Sumatera Utara,Batu Bara,437360,41946,9.5907,28.5954,15.5155,10.94,8.51,11373,66.17,70.16,68.16,5.75,2024
Sumatera,Sumatera Utara,Padang Lawas Utara,280595,18949,6.7531,30.8505,10.823,8.97,9.82,10925,66.05,70.04,68.04,3.99,2024
Sumatera,Sumatera Utara,Padang Lawas,280764,19096,6.8014,31.2747,10.9835,7.87,9.63,9821,65.93,69.92,67.93,5.47,2024
Sumatera,Sumatera Utara,Labuhan Batu Selatan,336577,21781,6.4713,29.6553,10.1315,7.73,9.19,12353,67.8,71.75,69.78,3.24,2024
Sumatera,Sumatera Utara,Labuhan Batu Utara,408749,32217,7.8819,28.6868,12.4258,8.98,9.14,12839,68.56,72.49,70.53,4.6,2024
Sumatera,Sumatera Utara,Nias Utara,158676,11783,7.4258,29.0428,11.6884,21.5,7.05,7189,68.53,72.46,70.5,2.82,2024
Sumatera,Sumatera Utara,Nias Barat,97251,7094,7.2945,31.5596,11.9297,22.68,7.26,6740,68.28,72.21,70.24,1.0,2024
Sumatera,Sumatera Utara,Kota Sibolga,91747,8252,8.9943,26.7714,14.0023,11.39,10.45,12713,68.46,72.39,70.42,6.52,2024
Sumatera,Sumatera Utara,Kota Tanjung Balai,185647,15782,8.5011,27.9471,13.3766,11.97,9.69,12264,62.57,66.4,64.48,4.08,2024
Sumatera,Sumatera Utara,Kota Pematang Siantar,277054,35509,12.8166,23.8127,20.2249,7.2,11.82,13349,73.2,77.45,75.32,8.0,2024
Sumatera,Sumatera Utara,Kota Tebing Tinggi,180977,20355,11.2473,25.8674,17.8854,8.79,10.87,13900,69.83,73.82,71.82,6.18,2024
Sumatera,Sumatera Utara,Kota Medan,2486283,284173,11.4296,23.052,17.4449,7.94,11.79,16069,72.79,76.68,74.74,8.13,2024
Sumatera,Sumatera Utara,Kota Binjai,307170,32023,10.4252,25.6815,16.3165,4.75,11.2,12015,71.19,75.48,73.34,5.44,2024
Sumatera,Sumatera Utara,Kota Padangsidimpuan,240067,22521,9.3811,26.4772,14.6256,6.23,11.13,11964,68.51,72.45,70.48,7.17,2024
Sumatera,Sumatera Utara,Kota Gunungsitoli,145233,11224,7.7283,30.6962,12.5509,14.72,8.76,9056,70.3,74.31,72.31,3.3,2024
Sumatera,Sumatera Barat,Kepulauan Mentawai,92757,7082,7.635,26.591,11.6079,13.89,8.03,7192,63.39,67.24,65.32,1.44,2024
Sumatera,Sumatera Barat,Pesisir Selatan,532913,62695,11.7646,24.9305,18.584,7.49,8.81,10211,69.65,73.63,71.64,5.06,2024
Sumatera,Sumatera Barat,Solok,410426,48090,11.7171,24.4687,18.3613,7.31,7.91,10988,67.88,71.82,69.85,4.91,2024
Sumatera,Sumatera Barat,Sijunjung,246775,25673,10.4034,25.4029,16.2063,5.78,8.62,11395,65.39,69.34,67.37,4.73,2024
Sumatera,Sumatera Barat,Tanah Datar,388228,60477,15.5777,21.6965,24.8346,4.28,9.29,11223,69.04,72.99,71.02,5.3,2024
Sumatera,Sumatera Barat,Padang Pariaman,459169,58125,12.6587,24.5787,20.1693,6.27,8.42,11756,68.18,72.11,70.15,6.59,2024
Sumatera,Sumatera Barat,Agam,559299,80629,14.4161,22.7674,22.9495,6.83,9.23,10686,71.31,75.74,73.53,4.73,2024
Sumatera,Sumatera Barat,Lima Puluh Kota,401086,53855,13.4273,22.9584,21.1074,6.92,8.13,10648,68.55,72.48,70.52,3.68,2024
Sumatera,Sumatera Barat,Pasaman,318080,32821,10.3185,25.7605,16.1425,6.74,8.14,9194,66.67,70.64,68.66,5.25,2024
Sumatera,Sumatera Barat,Solok Selatan,195034,18191,9.3271,25.5499,14.3223,6.56,8.85,11240,67.05,71.02,69.04,2.3,2024
Sumatera,Sumatera Barat,Dharmasraya,244026,21859,8.9577,25.7071,13.7103,5.32,8.98,12254,70.63,74.66,72.64,6.02,2024
Sumatera,Sumatera Barat,Pasaman Barat,456467,37887,8.3001,26.9993,12.8284,7.0,8.99,9888,66.87,70.84,68.86,6.34,2024
Sumatera,Sumatera Barat,Kota Padang,954177,109003,11.4238,24.261,17.7622,4.06,11.63,15458,72.68,76.37,74.53,9.88,2024
Sumatera,Sumatera Barat,Kota Solok,79459,7507,9.4476,26.7119,14.7988,3.07,11.37,12995,72.91,77.02,74.96,3.62,2024
Sumatera,Sumatera Barat,Kota Sawah Lunto,68725,8675,12.6228,24.518,20.081,2.33,10.53,11187,68.99,72.94,70.96,5.55,2024
Sumatera,Sumatera Barat,Kota Padang Panjang,59453,6147,10.3393,26.2056,16.2938,5.31,12.0,11840,71.4,75.92,73.66,4.94,2024
Sumatera,Sumatera Barat,Kota Bukittinggi,125015,13965,11.1707,25.169,17.5473,4.08,11.65,14297,73.9,77.11,75.5,4.72,2024
Sumatera,Sumatera Barat,Kota Payakumbuh,146731,17026,11.6035,25.0377,18.314,5.19,10.89,14260,73.18,77.06,75.12,4.87,2024
Sumatera,Sumatera Barat,Kota Pariaman,98336,11266,11.4566,25.0814,18.0528,4.26,11.06,13784,69.23,73.2,71.22,5.32,2024
Sumatera,Riau,Kuantan Singingi,349251,34558,9.8949,25.4049,15.2935,7.89,9.14,11182,67.51,71.47,69.49,2.48,2024
Sumatera,Riau,Indragiri Hulu,468366,37119,7.9252,26.6815,12.1193,6.02,8.43,11333,68.94,72.88,70.91,2.55,2024
Sumatera,Riau,Indragiri Hilir,684860,62097,9.0671,25.0099,13.7541,5.66,7.32,11050,66.77,70.74,68.76,1.86,2024
Sumatera,Riau,Pelalawan,414943,24291,5.8541,28.9032,8.9727,8.49,8.96,12575,70.18,74.18,72.18,2.13,2024
Sumatera,Riau,Siak,483754,31285,6.4671,27.1016,9.7351,5.08,9.92,13080,69.8,73.79,71.8,4.53,2024
Sumatera,Riau,Kampar,894848,68383,7.6419,27.1572,11.7205,6.92,9.58,12034,69.62,73.6,71.61,3.67,2024
Sumatera,Riau,Rokan Hulu,593486,44117,7.4335,26.1711,11.1959,9.62,8.94,10586,69.02,72.97,71.0,2.73,2024
Sumatera,Riau,Bengkalis,591800,55364,9.3552,27.32,14.7733,6.36,9.74,12321,69.97,73.97,71.97,5.88,2024
Sumatera,Riau,Rokan Hilir,673323,52824,7.8453,27.0404,12.0484,7.01,8.53,10447,69.18,73.14,71.16,4.31,2024
Sumatera,Riau,Kepulauan Meranti,213720,23149,10.8315,24.6205,16.7805,23.15,8.12,8988,66.54,70.52,68.53,4.51,2024
Sumatera,Riau,Kota Pekanbaru,1026671,90490,8.8139,26.1744,13.5574,3.15,11.96,15212,71.14,75.38,73.26,4.63,2024
Sumatera,Riau,Kota Dumai,333031,26849,8.062,27.6329,12.5371,3.14,10.29,12847,69.83,73.82,71.82,4.66,2024
Sumatera,Jambi,Kerinci,256706,33720,13.1356,23.2842,20.66,6.93,8.6,11441,68.87,72.82,70.84,2.51,2024
Sumatera,Jambi,Merangin,373409,32825,8.7906,25.5677,13.3918,8.4,8.4,11425,70.0,73.99,72.0,4.18,2024
Sumatera,Jambi,Sarolangun,306514,24751,8.075,28.4555,12.7226,8.36,8.35,12679,67.99,71.94,69.96,5.03,2024
Sumatera,Jambi,Batang Hari,316550,28343,8.9537,25.6304,13.6874,8.63,8.35,10872,69.61,73.59,71.6,4.49,2024
Sumatera,Jambi,Muaro Jambi,424579,35964,8.4705,25.1228,12.7555,3.65,8.7,10007,70.14,74.14,72.14,5.27,2024
Sumatera,Jambi,Tanjung Jabung Timur,238975,25949,10.8585,25.0876,16.952,10.14,7.7,10328,65.34,69.29,67.32,2.06,2024
Sumatera,Jambi,Tanjung Jabung Barat,335069,29860,8.9116,26.0314,13.6981,9.54,8.32,10696,66.98,70.95,68.96,3.2,2024
Sumatera,Jambi,Tebo,355262,31459,8.8552,26.7251,13.746,6.12,8.04,11415,68.77,72.71,70.74,2.5,2024
Sumatera,Jambi,Bungo,381272,33559,8.8019,25.7194,13.4423,5.06,8.6,12820,66.77,70.75,68.76,4.67,2024
Sumatera,Jambi,Kota Jambi,635101,65056,10.2434,23.5186,15.4646,7.73,11.51,13388,71.43,76.0,73.72,7.38,2024
Sumatera,Jambi,Kota Sungai Penuh,100847,12550,12.4446,23.4514,19.4131,2.92,10.48,11499,71.14,75.37,73.26,4.3,2024
Sumatera,Sumatera Selatan,Ogan Komering Ulu,383039,38310,10.0016,26.7218,15.8062,10.68,8.86,11339,67.08,71.05,69.06,4.05,2024
Sumatera,Sumatera Selatan,Ogan Komering Ilir,807085,76716,9.5053,25.0334,14.5205,12.08,7.19,12305,67.55,71.5,69.53,3.38,2024
Sumatera,Sumatera Selatan,Muara Enim,640962,64159,10.0098,26.5822,15.7863,9.79,8.27,12291,68.01,71.95,69.98,4.09,2024
Sumatera,Sumatera Selatan,Lahat,450281,49274,10.9429,25.3046,17.1648,14.14,8.69,11255,65.19,69.13,67.16,3.11,2024
Sumatera,Sumatera Selatan,Musi Rawas,411787,42514,10.3243,25.5375,16.0969,13.44,7.57,11058,67.22,71.18,69.2,1.94,2024
Sumatera,Sumatera Selatan,Musi Banyuasin,651950,56847,8.7195,27.7828,13.7321,12.88,7.95,11424,67.79,71.74,69.76,2.13,2024
Sumatera,Sumatera Selatan,Banyu Asin,885902,87297,9.854,25.3319,15.2035,9.31,7.48,11277,68.03,71.98,70.0,3.24,2024
Sumatera,Sumatera Selatan,Ogan Komering Ulu Selatan,429535,42839,9.9733,23.7291,15.0433,9.86,8.25,9680,66.31,70.29,68.3,1.8,2024
Sumatera,Sumatera Selatan,Ogan Komering Ulu Timur,674184,76758,11.3853,24.6262,17.7928,9.75,8.08,12623,68.07,72.01,70.04,3.45,2024
Sumatera,Sumatera Selatan,Ogan Ilir,436141,45587,10.4524,26.3064,16.5277,12.3,8.09,12093,64.63,68.54,66.59,2.65,2024
Sumatera,Sumatera Selatan,Empat Lawang,345641,36689,10.6148,21.6612,15.6736,10.78,7.68,10889,63.97,67.85,65.91,2.84,2024
Sumatera,Sumatera Selatan,Penukal Abab Lematang Ilir,205384,16877,8.2173,28.6478,13.0154,9.82,7.27,9604,67.24,71.2,69.22,3.72,2024
Sumatera,Sumatera Selatan,Musi Rawas Utara,198413,18174,9.1597,26.6318,14.2655,17.38,7.51,11198,64.65,68.56,66.6,4.91,2024
Sumatera,Sumatera Selatan,Kota Palembang,1718440,194403,11.3128,25.6906,17.9577,9.77,10.93,16150,70.4,74.41,72.4,6.98,2024
Sumatera,Sumatera Selatan,Kota Prabumulih,203312,17847,8.7781,27.8513,13.8521,10.13,10.36,13982,69.65,73.62,71.64,4.94,2024
Sumatera,Sumatera Selatan,Kota Pagar Alam,149199,16790,11.2534,25.4164,17.7695,8.18,9.44,10245,66.03,70.02,68.03,2.34,2024
Sumatera,Sumatera Selatan,Kota Lubuklinggau,246046,22768,9.2536,26.945,14.5037,11.14,9.94,14672,68.67,72.6,70.63,5.29,2024
Sumatera,Bengkulu,Bengkulu Selatan,173315,18984,10.9535,24.6534,17.0103,17.1,9.42,11040,66.59,70.57,68.58,3.25,2024
Sumatera,Bengkulu,Rejang Lebong,288832,29653,10.2665,23.4337,15.485,14.65,8.81,11385,67.49,71.44,69.46,2.43,2024
Sumatera,Bengkulu,Bengkulu Utara,310125,32061,10.3381,25.9444,16.2249,10.96,8.32,11715,67.05,71.02,69.04,2.89,2024
Sumatera,Bengkulu,Kaur,132659,13466,10.1508,24.8675,15.6211,17.12,8.47,9742,65.58,69.54,67.56,3.71,2024
Sumatera,Bengkulu,Seluma,217507,21885,10.0617,24.6999,15.4231,17.23,8.14,9474,66.59,70.57,68.58,2.38,2024
Sumatera,Bengkulu,Mukomuko,201700,16883,8.3704,27.3872,13.0293,10.76,8.57,11665,65.63,69.6,67.61,2.41,2024
Sumatera,Bengkulu,Lebong,111750,12268,10.9781,24.8966,17.1197,10.45,8.41,12362,62.27,66.09,64.18,2.55,2024
Sumatera,Bengkulu,Kepahiang,156353,15534,9.9352,23.3939,14.9019,12.9,8.37,10620,66.67,70.64,68.66,2.37,2024
Sumatera,Bengkulu,Bengkulu Tengah,122673,11131,9.0737,25.7873,13.9298,10.14,7.71,10672,66.7,70.68,68.69,2.56,2024
Sumatera,Bengkulu,Kota Bengkulu,397321,35629,8.9673,25.6702,13.7193,13.76,11.84,15542,69.1,73.06,71.08,5.0,2024
Sumatera,Lampung,Lampung Barat,315923,30833,9.7597,26.0212,15.1974,10.68,8.56,10965,66.46,70.44,68.45,2.09,2024
Sumatera,Lampung,Tanggamus,670367,74039,11.0445,25.0983,17.2957,10.28,7.38,10524,67.63,71.58,69.6,3.19,2024
Sumatera,Lampung,Lampung Selatan,1119314,113043,10.0993,25.9355,15.7888,12.57,7.78,11133,68.41,72.34,70.38,4.84,2024
Sumatera,Lampung,Lampung Timur,1153773,140501,12.1775,23.6495,18.9761,13.19,8.2,11262,69.59,73.56,71.58,3.02,2024
Sumatera,Lampung,Lampung Tengah,1525088,176213,11.5543,23.404,17.7644,10.37,7.97,12595,68.63,72.56,70.6,3.33,2024
Sumatera,Lampung,Lampung Utara,659887,73832,11.1886,26.011,17.8161,16.92,8.38,9837,68.21,72.15,70.18,5.85,2024
Sumatera,Lampung,Way Kanan,497260,51385,10.3336,26.5974,16.3846,10.43,7.75,10439,68.24,72.18,70.21,3.27,2024
Sumatera,Lampung,Tulangbawang,450336,41564,9.2296,25.8762,14.2225,7.88,7.65,12122,68.64,72.57,70.6,3.23,2024
Sumatera,Lampung,Pesawaran,500298,55328,11.059,25.6389,17.4702,11.86,8.0,9190,68.2,72.14,70.17,4.36,2024
Sumatera,Lampung,Pringsewu,424679,49708,11.7048,24.6287,18.3846,8.32,8.53,11543,69.27,73.24,71.26,4.39,2024
Sumatera,Lampung,Mesuji,241600,22490,9.3088,26.1097,14.414,6.31,7.21,9454,67.11,71.07,69.09,2.85,2024
Sumatera,Lampung,Tulang Bawang Barat,298696,34326,11.492,25.1811,18.147,7.22,7.8,9646,68.72,72.65,70.68,4.12,2024
Sumatera,Lampung,Pesisir Barat,172316,16943,9.8325,28.1802,15.8622,12.64,8.73,9550,62.82,66.65,64.74,3.04,2024
Sumatera,Lampung,Kota Bandar Lampung,1214333,134432,11.0704,23.5015,16.92,7.37,10.99,13667,70.28,74.29,72.28,7.44,2024
Sumatera,Lampung,Kota Metro,175712,20278,11.5405,24.16,17.948,6.78,11.01,13092,70.48,74.5,72.49,3.71,2024
Sumatera,Kep. Bangka Belitung,Bangka,342058,35201,10.2909,24.0556,15.6746,4.24,8.45,13205,69.86,73.85,71.85,4.91,2024
Sumatera,Kep. Bangka Belitung,Belitung,191405,22191,11.5937,22.3024,17.5387,6.11,9.05,14449,69.81,73.79,71.8,3.88,2024
Sumatera,Kep. Bangka Belitung,Bangka Barat,215818,19612,9.0873,24.6953,13.7234,2.59,7.48,13199,68.67,72.6,70.63,4.88,2024
Sumatera,Kep. Bangka Belitung,Bangka Tengah,210482,17555,8.3404,25.2183,12.553,5.94,7.24,13677,70.4,74.41,72.4,4.23,2024
Sumatera,Kep. Bangka Belitung,Bangka Selatan,208491,17279,8.2876,23.4111,12.134,3.74,6.93,12718,67.31,71.27,69.29,4.94,2024
Sumatera,Kep. Bangka Belitung,Belitung Timur,132835,14985,11.2809,22.1282,16.9406,6.36,8.99,12610,70.88,74.92,72.9,2.63,2024
Sumatera,Kep. Bangka Belitung,Kota Pangkal Pinang,230441,23943,10.3901,24.8185,16.0362,4.04,10.67,16750,72.33,76.79,74.56,5.98,2024
Sumatera,Kep. Riau,Karimun,263344,29396,11.1626,25.4143,17.6002,5.78,8.91,13287,70.24,74.25,72.24,5.52,2024
Sumatera,Kep. Riau,Bintan,168190,15117,8.988,25.4498,13.7092,5.44,9.15,15078,69.28,73.24,71.26,4.53,2024
Sumatera,Kep. Riau,Natuna,85664,8000,9.3388,27.0569,14.6827,5.04,9.2,15560,64.5,68.41,66.46,3.89,2024
Sumatera,Kep. Riau,Lingga,102006,12773,12.5218,24.0819,19.7517,9.99,7.6,12906,61.88,65.68,63.78,3.38,2024
Sumatera,Kep. Riau,Kepulauan Anambas,49728,4647,9.3448,26.7395,14.6206,6.67,7.53,12983,66.43,70.41,68.42,2.38,2024
Sumatera,Kep. Riau,Kota Batam,1276928,70891,5.5517,26.5392,8.1752,4.85,11.21,19668,72.2,76.09,74.15,7.68,2024
Sumatera,Kep. Riau,Kota Tanjung Pinang,237432,25422,10.7071,24.4032,16.5004,6.86,10.67,16663,71.02,75.4,73.21,4.69,2024
Jawa,DKI Jakarta,Kep. Seribu,28809,2348,8.1502,26.634,12.4973,13.03,9.26,14110,67.85,71.8,69.82,7.93,2024
Jawa,DKI Jakarta,Kota Jakarta Selatan,2230653,262675,11.7757,20.7988,17.4648,3.03,11.95,25573,73.38,76.86,75.12,5.22,2024
Jawa,DKI Jakarta,Kota Jakarta Timur,3086010,339795,11.0108,22.2151,16.4897,4.09,11.99,19193,73.73,77.11,75.42,6.95,2024
Jawa,DKI Jakarta,Kota Jakarta Pusat,1044297,139019,13.3122,19.7485,19.887,4.63,11.61,18661,73.65,76.94,75.3,6.24,2024
Jawa,DKI Jakarta,Kota Jakarta Barat,2479571,274085,11.0537,21.9617,16.5019,3.94,11.24,22119,72.55,76.28,74.41,6.18,2024
Jawa,DKI Jakarta,Kota Jakarta Utara,1815606,192336,10.5935,22.8535,15.9174,6.44,10.85,20032,71.97,76.04,74.0,6.18,2024
Jawa,Jawa Barat,Bogor,5682303,492192,8.6618,24.1386,12.8897,7.05,8.39,11563,70.2,74.21,72.2,7.34,2024
Jawa,Jawa Barat,Sukabumi,2828024,327342,11.5749,23.4932,17.8263,6.87,7.34,9815,70.11,74.11,72.11,7.11,2024
Jawa,Jawa Barat,Cianjur,2584994,286514,11.0837,24.718,17.2649,10.14,7.33,9026,69.03,72.98,71.0,5.99,2024
Jawa,Jawa Barat,Bandung,3753116,371104,9.8879,24.4061,15.0487,6.19,9.15,11392,72.73,76.44,74.59,6.36,2024
Jawa,Jawa Barat,Garut,2716950,265568,9.7745,25.9372,15.2042,9.68,7.85,9168,70.32,74.33,72.32,6.96,2024
Jawa,Jawa Barat,Tasikmalaya,1920921,269623,14.0361,22.4987,22.1163,10.23,7.97,8965,68.47,72.41,70.44,3.74,2024
Jawa,Jawa Barat,Ciamis,1259226,217602,17.2806,20.6948,27.8609,7.39,8.1,10085,70.9,74.94,72.92,3.37,2024
Jawa,Jawa Barat,Kuningan,1213927,165604,13.642,22.8141,21.4686,11.88,7.9,10418,72.72,76.42,74.57,7.78,2024
Jawa,Jawa Barat,Cirebon,2387961,239263,10.0196,23.7483,15.1279,11.0,7.65,11529,71.03,75.15,73.09,6.74,2024
Jawa,Jawa Barat,Majalengka,1352541,184946,13.674,21.6686,21.1483,10.82,7.53,10842,69.37,73.34,71.36,4.01,2024
Jawa,Jawa Barat,Sumedang,1187133,181122,15.2571,21.4956,24.1229,9.1,8.74,11589,71.29,75.7,73.5,6.16,2024
Jawa,Jawa Barat,Indramayu,1914037,216412,11.3066,22.1606,16.994,11.93,6.95,11010,70.8,74.83,72.82,6.25,2024
Jawa,Jawa Barat,Subang,1663156,230825,13.8787,21.3561,21.4293,9.49,7.46,11894,71.34,75.8,73.57,6.73,2024
Jawa,Jawa Barat,Purwakarta,1050344,106210,10.1119,24.5298,15.4715,8.41,8.14,13099,70.04,74.04,72.04,7.34,2024
Jawa,Jawa Barat,Karawang,2554384,257141,10.0667,23.2772,15.1024,7.86,8.05,12942,71.1,75.29,73.19,8.04,2024
Jawa,Jawa Barat,Bekasi,3273868,246041,7.5153,24.1364,10.9956,4.8,9.76,12500,72.75,76.55,74.65,8.82,2024
Jawa,Jawa Barat,Bandung Barat,1884191,203828,10.8178,23.9182,16.5754,10.49,8.24,9583,71.23,75.56,73.4,6.7,2024
Jawa,Jawa Barat,Pangandaran,434104,73525,16.9372,20.6328,27.1299,8.75,8.1,9654,70.45,74.46,72.46,1.58,2024
Jawa,Jawa Barat,Kota Bogor,1078351,120085,11.136,22.7341,16.8395,6.53,10.71,13154,72.89,76.69,74.79,8.13,2024
Jawa,Jawa Barat,Kota Sukabumi,365735,42026,11.4908,23.9849,17.8085,7.2,10.38,12252,71.23,75.57,73.4,8.34,2024
Jawa,Jawa Barat,Kota Bandung,2528163,317897,12.5742,21.248,19.0007,3.87,11.07,18795,73.5,77.24,75.37,7.4,2024
Jawa,Jawa Barat,Kota Cirebon,344851,40617,11.7781,22.8728,18.0234,9.02,10.53,12869,71.22,75.55,73.38,6.29,2024
Jawa,Jawa Barat,Kota Bekasi,2644058,280895,10.6236,22.215,15.8181,4.01,11.79,16775,74.29,77.75,76.02,7.82,2024
Jawa,Jawa Barat,Kota Depok,2163635,216208,9.9928,23.0819,14.9313,2.34,11.59,16640,73.68,77.41,75.54,6.27,2024
Jawa,Jawa Barat,Kota Cimahi,598698,65902,11.0076,21.8626,16.3974,4.39,11.52,13278,73.23,77.01,75.12,8.97,2024
Jawa,Jawa Barat,Kota Tasikmalaya,750727,88540,11.7939,23.7395,18.2946,11.1,9.63,11431,71.11,75.32,73.22,6.49,2024
Jawa,Jawa Barat,Kota Banjar,209791,30234,14.4115,22.2669,22.7592,5.85,8.83,11811,70.08,74.08,72.08,5.44,2024
Jawa,Jawa Tengah,Cilacap,2027379,287358,14.1739,21.768,22.1266,10.68,7.4,11868,72.79,76.58,74.68,7.83,2024
Jawa,Jawa Tengah,Banyumas,1847097,269615,14.5967,21.726,22.9229,11.95,7.91,12960,72.56,76.32,74.44,6.18,2024
Jawa,Jawa Tengah,Purbalingga,1037637,141309,13.6183,22.6839,21.3796,14.18,7.36,11343,71.78,75.86,73.82,4.96,2024
Jawa,Jawa Tengah,Banjarnegara,1057562,150330,14.2148,22.2303,22.3661,14.71,6.87,10595,72.98,76.77,74.88,5.57,2024
Jawa,Jawa Tengah,Kebumen,1414754,207918,14.6964,21.9988,23.2153,15.71,7.87,10176,72.45,76.18,74.32,5.07,2024
Jawa,Jawa Tengah,Purworejo,795033,138649,17.4394,20.3056,28.0128,10.87,8.65,11584,74.03,77.49,75.76,3.89,2024
Jawa,Jawa Tengah,Wonosobo,920506,123391,13.4047,22.4329,20.8918,15.28,6.9,11980,70.44,74.45,72.44,4.02,2024
Jawa,Jawa Tengah,Magelang,1341447,200202,14.9243,21.174,23.3552,10.83,7.83,10926,72.76,76.55,74.66,3.55,2024
Jawa,Jawa Tengah,Boyolali,1099850,166403,15.1296,21.8539,24.009,9.63,8.17,14195,74.75,78.55,76.65,3.16,2024
Jawa,Jawa Tengah,Klaten,1292800,210027,16.2459,20.0619,25.5069,12.04,9.29,13513,75.58,79.33,77.46,3.97,2024
Jawa,Jawa Tengah,Sukoharjo,941650,137295,14.5803,20.6893,22.5246,7.47,10.01,12758,76.37,80.38,78.38,3.65,2024
Jawa,Jawa Tengah,Wonogiri,1054145,218792,20.7554,17.7468,33.7498,10.71,7.68,10634,74.95,78.84,76.9,2.4,2024
Jawa,Jawa Tengah,Karanganyar,961909,147151,15.2978,21.226,24.1001,9.59,9.26,12732,76.25,80.07,78.16,3.47,2024
Jawa,Jawa Tengah,Sragen,1004761,161301,16.0537,20.6827,25.3758,12.41,7.88,13890,74.45,78.3,76.38,3.53,2024
Jawa,Jawa Tengah,Grobogan,1506374,212589,14.1126,22.2724,22.1844,11.43,7.29,11548,73.59,77.35,75.47,3.23,2024
Jawa,Jawa Tengah,Blora,907993,147620,16.2578,19.2907,25.2249,11.42,7.26,10926,73.26,77.03,75.15,3.67,2024
Jawa,Jawa Tengah,Rembang,665237,97153,14.6043,20.919,22.6505,14.02,7.73,11830,73.29,77.1,75.19,2.84,2024
Jawa,Jawa Tengah,Pati,1370821,206575,15.0694,20.4698,23.3777,9.17,7.82,11829,74.84,78.69,76.76,3.87,2024
Jawa,Jawa Tengah,Kudus,883322,104784,11.8625,22.4821,18.0678,7.23,9.35,12533,75.33,79.17,77.25,3.19,2024
Jawa,Jawa Tengah,Jepara,1232880,148090,12.0117,22.547,18.3549,6.09,8.27,11729,74.54,78.39,76.46,3.34,2024
Jawa,Jawa Tengah,Demak,1252970,143484,11.4515,23.4815,17.5996,11.89,8.28,11591,74.07,77.88,75.97,4.75,2024
Jawa,Jawa Tengah,Semarang,1089767,150000,13.7644,21.4887,21.2588,6.96,8.16,13377,74.41,78.26,76.34,3.73,2024
Jawa,Jawa Tengah,Temanggung,814879,125145,15.3575,21.1958,24.2053,8.67,7.53,10519,74.24,78.08,76.16,2.35,2024
Jawa,Jawa Tengah,Kendal,1064812,138195,12.9783,21.6647,19.8576,9.35,7.74,13277,73.14,76.9,75.02,5.01,2024
Jawa,Jawa Tengah,Batang,838187,104196,12.4311,23.1191,19.2881,8.73,7.08,10919,73.42,77.17,75.3,5.67,2024
Jawa,Jawa Tengah,Pekalongan,1019006,120723,11.8471,23.6891,18.378,8.95,7.48,11701,72.4,76.24,74.32,3.3,2024
Jawa,Jawa Tengah,Pemalang,1541685,184889,11.9927,22.966,18.4385,14.92,6.56,10017,72.38,76.21,74.29,6.63,2024
Jawa,Jawa Tengah,Tegal,1674803,182325,10.8864,23.8875,16.6902,6.81,7.36,10972,70.2,74.21,72.2,7.53,2024
Jawa,Jawa Tengah,Brebes,2065501,237138,11.4809,23.0464,17.5354,15.6,6.41,11389,68.37,72.31,70.34,8.35,2024
Jawa,Jawa Tengah,Kota Magelang,122431,20642,16.8601,18.47,26.071,5.94,11.43,13619,75.7,79.53,77.62,4.4,2024
Jawa,Jawa Tengah,Kota Surakarta,528044,81108,15.3601,19.7343,23.6653,8.31,11.25,16291,76.1,79.94,78.02,4.61,2024
Jawa,Jawa Tengah,Kota Salatiga,201270,28064,13.9435,20.9857,21.4281,4.57,11.48,17096,76.4,80.25,78.32,3.86,2024
Jawa,Jawa Tengah,Kota Semarang,1708833,221043,12.9353,20.8773,19.5435,4.03,11.05,16990,76.37,80.22,78.3,5.82,2024
Jawa,Jawa Tengah,Kota Pekalongan,321095,36528,11.3761,23.1097,17.3643,6.71,9.34,14547,73.19,76.93,75.06,4.91,2024
Jawa,Jawa Tengah,Kota Tegal,285843,33014,11.5497,22.8244,17.5993,7.64,9.28,14358,73.23,76.97,75.1,5.88,2024
Jawa,DI Yogyakarta,Kulon Progo,445315,85505,19.201,19.7321,31.4426,15.62,9.2,10990,73.87,77.57,75.72,2.01,2024
Jawa,DI Yogyakarta,Bantul,1017750,165320,16.2437,20.3607,25.6227,11.66,9.81,16851,72.43,76.28,74.36,3.62,2024
Jawa,DI Yogyakarta,Gunung Kidul,752188,159233,21.1693,18.5468,35.116,15.18,7.35,10630,72.78,76.57,74.68,2.16,2024
Jawa,DI Yogyakarta,Sleman,1168471,180275,15.4283,20.1589,23.9522,7.46,11.33,17586,73.64,77.25,75.44,4.13,2024
Jawa,DI Yogyakarta,Kota Yogyakarta,375779,63001,16.7654,18.5069,25.9015,6.26,12.12,20603,73.33,76.99,75.16,5.8,2024
Jawa,Jawa Timur,Pacitan,588569,121117,20.5782,17.767,33.3765,13.08,7.9,10099,71.03,75.15,73.09,1.56,2024
Jawa,Jawa Timur,Ponorogo,962941,186596,19.3777,18.577,31.2316,9.11,7.8,11065,71.52,76.11,73.82,4.19,2024
Jawa,Jawa Timur,Trenggalek,744516,135322,18.1758,19.1236,28.9883,10.5,7.92,10872,73.04,76.72,74.88,3.9,2024
Jawa,Jawa Timur,Tulungagung,1113847,181806,16.3223,19.5378,25.4481,6.28,8.68,11966,73.34,77.03,75.18,4.12,2024
Jawa,Jawa Timur,Blitar,1263645,206181,16.3164,20.2266,25.7125,8.16,7.87,12020,72.76,76.46,74.61,4.77,2024
Jawa,Jawa Timur,Kediri,1689916,253909,15.0249,21.0564,23.5064,9.95,8.26,12388,71.31,75.74,73.53,5.1,2024
Jawa,Jawa Timur,Malang,2735993,404812,14.7958,20.9517,23.0276,8.98,7.8,11190,71.3,75.71,73.5,5.13,2024
Jawa,Jawa Timur,Lumajang,1145849,186025,16.2347,20.2418,25.557,8.65,7.27,10124,69.21,73.17,71.19,3.28,2024
Jawa,Jawa Timur,Jember,2603817,389488,14.9583,20.4376,23.1539,9.01,6.54,10700,68.28,72.22,70.25,3.23,2024
Jawa,Jawa Timur,Banyuwangi,1754393,278325,15.8645,20.555,24.9518,6.54,7.78,13320,69.63,73.6,71.61,4.03,2024
Jawa,Jawa Timur,Bondowoso,792309,132489,16.7219,20.2093,26.5137,12.6,6.53,11689,65.82,69.8,67.81,3.63,2024
Jawa,Jawa Timur,Situbondo,700719,118259,16.8768,19.2258,26.4124,11.51,6.93,11216,68.19,72.13,70.16,3.15,2024
Jawa,Jawa Timur,Probolinggo,1185242,168879,14.2485,21.9482,22.3319,16.45,6.31,12258,66.34,70.32,68.33,3.0,2024
Jawa,Jawa Timur,Pasuruan,1657216,212611,12.8294,21.7197,19.6016,8.63,7.46,11617,69.07,73.02,71.04,5.02,2024
Jawa,Jawa Timur,Sidoarjo,2171480,254285,11.7102,21.1685,17.4463,4.53,10.91,15710,73.09,76.78,74.94,6.49,2024
Jawa,Jawa Timur,Mojokerto,1154257,155139,13.4406,21.911,20.7903,9.37,9.13,13903,71.29,75.7,73.5,3.87,2024
Jawa,Jawa Timur,Jombang,1362697,187010,13.7235,21.8531,21.3021,8.6,8.78,12454,71.28,75.67,73.47,3.75,2024
Jawa,Jawa Timur,Nganjuk,1131777,176814,15.6227,20.6998,24.5341,10.17,8.25,13376,70.51,74.53,72.52,3.87,2024
Jawa,Jawa Timur,Madiun,757839,142350,18.7837,19.0724,30.2261,10.63,8.2,12668,70.51,74.53,72.52,4.34,2024
Jawa,Jawa Timur,Magetan,685500,135054,19.7015,19.5348,32.4232,9.32,8.69,12915,71.32,75.76,73.54,3.28,2024
Jawa,Jawa Timur,Ngawi,884086,165807,18.7546,19.2523,30.2528,13.81,7.84,12414,71.26,75.63,73.44,2.4,2024
Jawa,Jawa Timur,Bojonegoro,1325299,215100,16.2303,19.6729,25.3216,11.69,7.59,11204,70.79,74.82,72.81,4.42,2024
Jawa,Jawa Timur,Tuban,1225205,192804,15.7365,19.7645,24.398,14.36,7.53,11579,70.58,74.6,72.59,4.28,2024
Jawa,Jawa Timur,Lamongan,1378147,226161,16.4105,19.7732,25.7153,12.16,8.48,12419,71.27,75.66,73.46,4.34,2024
Jawa,Jawa Timur,Gresik,1364019,164175,12.0361,21.8262,18.1986,10.32,10.03,14356,71.33,75.78,73.56,6.45,2024
Jawa,Jawa Timur,Bangkalan,1102522,130956,11.8779,22.0066,17.9653,18.66,6.01,9841,69.04,72.99,71.02,5.35,2024
Jawa,Jawa Timur,Sampang,1016254,111320,10.954,24.2188,16.8972,20.83,5.08,9782,66.88,70.85,68.86,2.5,2024
Jawa,Jawa Timur,Pamekasan,884697,109265,12.3506,22.9708,19.0953,13.41,7.17,9811,66.54,70.52,68.53,1.64,2024
Jawa,Jawa Timur,Sumenep,1153188,193468,16.7768,19.3899,26.2822,17.78,6.1,10156,70.69,74.72,72.7,1.69,2024
Jawa,Jawa Timur,Kota Kediri,298227,40777,13.6731,21.4967,21.0907,6.51,10.92,13670,73.06,76.76,74.91,3.91,2024
Jawa,Jawa Timur,Kota Blitar,154867,21801,14.0772,21.2557,21.7688,6.75,10.82,14933,73.05,76.75,74.9,5.11,2024
Jawa,Jawa Timur,Kota Malang,872694,121909,13.9693,21.2007,21.5475,3.91,11.14,17791,72.48,76.19,74.34,6.1,2024
Jawa,Jawa Timur,Kota Probolinggo,249539,30455,12.2045,23.2573,18.9105,6.18,9.72,13405,69.24,73.21,71.22,4.44,2024
Jawa,Jawa Timur,Kota Pasuruan,219392,25303,11.5332,24.0287,17.8982,6.32,9.94,14664,70.54,74.56,72.55,4.63,2024
Jawa,Jawa Timur,Kota Mojokerto,137393,18284,13.3078,22.0586,20.5896,5.57,11.38,14842,72.45,76.17,74.31,3.76,2024
Jawa,Jawa Timur,Kota Madiun,201767,33407,16.5572,19.3134,25.8184,4.38,12.11,17518,71.43,75.98,73.71,4.3,2024
Jawa,Jawa Timur,Kota Surabaya,2921996,378637,12.9582,21.2182,19.6862,3.96,10.89,19666,73.19,76.86,75.03,4.91,2024
Jawa,Jawa Timur,Kota Batu,222685,30311,13.6116,21.6966,21.0407,3.06,9.87,14253,71.32,75.76,73.54,3.63,2024
Jawa,Banten,Pandeglang,1325952,131235,9.8974,25.247,15.2607,9.18,7.16,9574,63.9,67.78,65.84,8.09,2024
Jawa,Banten,Lebak,1449205,135778,9.3691,25.5715,14.4009,8.44,6.61,9631,66.4,70.38,68.39,6.23,2024
Jawa,Banten,Tangerang,3400486,260035,7.647,24.6187,11.2897,6.55,9.06,13254,68.95,72.9,70.93,6.06,2024
Jawa,Banten,Serang,1701803,149456,8.7822,25.0726,13.2772,4.51,7.88,11767,64.0,67.89,65.94,9.18,2024
Jawa,Banten,Kota Tangerang,1963966,190783,9.7142,23.7319,14.5959,5.43,11.14,15641,70.5,74.52,72.51,5.92,2024
Jawa,Banten,Kota Cilegon,455617,39227,8.6096,26.4753,13.2629,3.75,10.39,14294,65.72,69.7,67.71,6.08,2024
Jawa,Banten,Kota Serang,734866,54961,7.4791,26.33,11.2992,5.65,8.93,14603,67.33,71.29,69.31,7.12,2024
Jawa,Banten,Kota Tangerang Selatan,1399496,154218,11.0195,22.1843,16.4973,2.36,11.86,17028,71.21,75.52,73.36,5.09,2024
