{
"type": "FeatureCollection",
"name": "map_change_2020_2024",
"crs": { "type": "name", "properties": { "name": "urn:ogc:def:crs:OGC:1.3:CRS84" } },
"features": [
{ "type": "Feature", "properties": { "Kab_kota": "Simeulue", "Pulau": "Sumatera", "Provinsi": "Aceh", "pct_lansia_2020": 7.3698, "pct_lansia_2024": 8.484, "delta_pct_lansia": 1.1142, "persen_perubahan_pct_lansia": 15.118456403158842 }, "geometry": { "type": "Polygon", "coordinates": [ [ [ 97.803855733980143, 4.713687674239145 ], [ 97.923855733980147, 4.713687674239145 ], [ 97.923855733980147, 4.833687674239144 ], [ 97.803855733980143, 4.833687674239144 ], [ 97.803855733980143, 4.713687674239145 ] ] ] } },
{ "type": "Feature", "properties": { "Kab_kota": "Aceh Singkil", "Pulau": "Sumatera", "Provinsi": "Aceh", "pct_lansia_2020": 5.4018, "pct_lansia_2024": 6.3405, "delta_pct_lansia": 0.9387, "persen_perubahan_pct_lansia": 17.377540819726754 }, "geometry": { "type": "Polygon", "coordinates": [ [ [ 97.358288674674924, 5.535605763195157 ], [ 97.478288674674928, 5.535605763195157 ], [ 97.478288674674928, 5.655605763195156 ], [ 97.358288674674924, 5.655605763195156 ], [ 97.358288674674924, 5.535605763195157 ] ] ] } },
{ "type": "Feature", "properties": { "Kab_kota": "Aceh Selatan", "Pulau": "Sumatera", "Provinsi": "Aceh", "pct_lansia_2020": 9.5683, "pct_lansia_2024": 10.7883, "delta_pct_lansia": 1.22, "persen_perubahan_pct_lansia": 12.750436336653312 }, "geometry": { "type": "Polygon", "coordinates": [ [ [ 96.159266380193202, 5.814044500105044 ], [ 96.279266380193206, 5.814044500105044 ], [ 96.279266380193206, 5.934044500105043 ], [ 96.159266380193202, 5.934044500105043 ], [ 96.159266380193202, 5.814044500105044 ] ] ] } },
{ "type": "Feature", "properties": { "Kab_kota": "Aceh Tenggara", "Pulau": "Sumatera", "Provinsi": "Aceh", "pct_lansia_2020": 7.2553, "pct_lansia_2024": 8.2391, "delta_pct_lansia": 0.9838, "persen_perubahan_pct_lansia": 13.559742533044814 }, "geometry": { "type": "Polygon", "coordinates": [ [ [ 95.575340899513407, 4.996749689025688 ], [ 95.695340899513411, 4.996749689025688 ], [ 95.695340899513411, 5.116749689025687 ], [ 95.575340899513407, 5.116749689025687 ], [ 95.575340899513407, 4.996749689025688 ] ] ] } },
{ "type": "Feature", "properties": { "Kab_kota": "Aceh Timur", "Pulau": "Sumatera", "Provinsi": "Aceh", "pct_lansia_2020": 6.7007, "pct_lansia_2024": 7.9263, "delta_pct_lansia": 1.2256, "persen_perubahan_pct_lansia": 18.290626352470639 }, "geometry": { "type": "Polygon", "coordinates": [ [ [ 95.86187466224132, 3.719309766224231 ], [ 95.981874662241324, 3.719309766224231 ], [ 95.981874662241324, 3.839309766224231 ], [ 95.86187466224132, 3.839309766224231 ], [ 95.86187466224132, 3.719309766224231 ] ] ] } },
{ "type": "Feature", "properties": { "Kab_kota": "Aceh Tengah", "Pulau": "Sumatera", "Provinsi": "Aceh", "pct_lansia_2020": 7.769, "pct_lansia_2024": 8.8787, "delta_pct_lansia": 1.1097, "persen_perubahan_pct_lansia": 14.283691594799846 }, "geometry": { "type": "Polygon", "coordinates": [ [ [ 97.121414505509492, 3.421662076864582 ], [ 97.241414505509496, 3.421662076864582 ], [ 97.241414505509496, 3.541662076864582 ], [ 97.121414505509492, 3.541662076864582 ], [ 97.121414505509492, 3.421662076864582 ] ] ] } },
{ "type": "Feature", "properties": { "Kab_kota": "Aceh Barat", "Pulau": "Sumatera", "Provinsi": "Aceh", "pct_lansia_2020": 8.7936, "pct_lansia_2024": 10.1682, "delta_pct_lansia": 1.3746, "persen_perubahan_pct_lansia": 15.631823144104814 }, "geometry": { "type": "Polygon", "coordinates": [ [ [ 97.665475502624261, 4.275230300033139 ], [ 97.785475502624266, 4.275230300033139 ], [ 97.785475502624266, 4.395230300033139 ], [ 97.665475502624261, 4.395230300033139 ], [ 97.665475502624261, 4.275230300033139 ] ] ] } },
{ "type": "Feature", "properties": { "Kab_kota": "Aceh Besar", "Pulau": "Sumatera", "Provinsi": "Aceh", "pct_lansia_2020": 8.3539, "pct_lansia_2024": 9.475, "delta_pct_lansia": 1.1211, "persen_perubahan_pct_lansia": 13.420079244424763 }, "geometry": { "type": "Polygon", "coordinates": [ [ [ 97.689280867504777, 5.38270162059472 ], [ 97.809280867504782, 5.38270162059472 ], [ 97.809280867504782, 5.502701620594719 ], [ 97.689280867504777, 5.502701620594719 ], [ 97.689280867504777, 5.38270162059472 ] ] ] } },
{ "type": "Feature", "properties": { "Kab_kota": "Pidie", "Pulau": "Sumatera", "Provinsi": "Aceh", "pct_lansia_2020": 10.2133, "pct_lansia_2024": 10.8519, "delta_pct_lansia": 0.6386, "persen_perubahan_pct_lansia": 6.2526313728177989 }, "geometry": { "type": "Polygon", "coordinates": [ [ [ 96.384980661888648, 5.695326588129459 ], [ 96.504980661888652, 5.695326588129459 ], [ 96.504980661888652, 5.815326588129458 ], [ 96.384980661888648, 5.815326588129458 ], [ 96.384980661888648, 5.695326588129459 ] ] ] } },
{ "type": "Feature", "properties": { "Kab_kota": "Bireuen", "Pulau": "Sumatera", "Provinsi": "Aceh", "pct_lansia_2020": 8.9061, "pct_lansia_2024": 9.9862, "delta_pct_lansia": 1.0801, "persen_perubahan_pct_lansia": 12.127642851528725 }, "geometry": { "type": "Polygon", "coordinates": [ [ [ 95.608774720577131, 5.142262731826843 ], [ 95.728774720577135, 5.142262731826843 ], [ 95.728774720577135, 5.262262731826842 ], [ 95.608774720577131, 5.262262731826842 ], [ 95.608774720577131, 5.142262731826843 ] ] ] } },
{ "type": "Feature", "properties": { "Kab_kota": "Aceh Utara", "Pulau": "Sumatera", "Provinsi": "Aceh", "pct_lansia_2020": 8.1068, "pct_lansia_2024": 9.3803, "delta_pct_lansia": 1.2735, "persen_perubahan_pct_lansia": 15.709034390881731 }, "geometry": { "type": "Polygon", "coordinates": [ [ [ 95.822286882739363, 4.036035050353285 ], [ 95.942286882739367, 4.036035050353285 ], [ 95.942286882739367, 4.156035050353284 ], [ 95.822286882739363, 4.156035050353284 ], [ 95.822286882739363, 4.036035050353285 ] ] ] } },
{ "type": "Feature", "properties": { "Kab_kota": "Aceh Barat Daya", "Pulau": "Sumatera", "Provinsi": "Aceh", "pct_lansia_2020": 8.2089, "pct_lansia_2024": 9.5001, "delta_pct_lansia": 1.2912, "persen_perubahan_pct_lansia": 15.729269451449035 }, "geometry": { "type": "Polygon", "coordinates": [ [ [ 96.739120241856682, 3.52489388208341 ], [ 96.859120241856687, 3.52489388208341 ], [ 96.859120241856687, 3.64489388208341 ], [ 96.739120241856682, 3.64489388208341 ], [ 96.739120241856682, 3.52489388208341 ] ] ] } },
{ "type": "Feature", "properties": { "Kab_kota": "Gayo Lues", "Pulau": "Sumatera", "Provinsi": "Aceh", "pct_lansia_2020": 6.2352, "pct_lansia_2024": 6.9191, "delta_pct_lansia": 0.6839, "persen_perubahan_pct_lansia": 10.968373107518611 }, "geometry": { "type": "Polygon", "coordinates": [ [ [ 97.631208316020249, 4.080189851427567 ], [ 97.751208316020254, 4.080189851427567 ], [ 97.751208316020254, 4.200189851427566 ], [ 97.631208316020249, 4.200189851427566 ], [ 97.631208316020249, 4.080189851427567 ] ] ] } },
{ "type": "Feature", "properties": { "Kab_kota": "Aceh Tamiang", "Pulau": "Sumatera", "Provinsi": "Aceh", "pct_lansia_2020": 7.7338, "pct_lansia_2024": 9.3267, "delta_pct_lansia": 1.5929, "persen_perubahan_pct_lansia": 20.596601929193945 }, "geometry": { "type": "Polygon", "coordinates": [ [ [ 97.669641430091815, 5.084015906440896 ], [ 97.78964143009182, 5.084015906440896 ], [ 97.78964143009182, 5.204015906440895 ], [ 97.669641430091815, 5.204015906440895 ], [ 97.669641430091815, 5.084015906440896 ] ] ] } },
{ "type": "Feature", "properties": { "Kab_kota": "Nagan Raya", "Pulau": "Sumatera", "Provinsi": "Aceh", "pct_lansia_2020": 9.2671, "pct_lansia_2024": 10.2517, "delta_pct_lansia": 0.9846, "persen_perubahan_pct_lansia": 10.624683018420008 }, "geometry": { "type": "Polygon", "coordinates": [ [ [ 96.905875111391182, 5.741314445389376 ], [ 97.025875111391187, 5.741314445389376 ], [ 97.025875111391187, 5.861314445389375 ], [ 96.905875111391182, 5.861314445389375 ], [ 96.905875111391182, 5.741314445389376 ] ] ] } },
{ "type": "Feature", "properties": { "Kab_kota": "Aceh Jaya", "Pulau": "Sumatera", "Provinsi": "Aceh", "pct_lansia_2020": 8.1259, "pct_lansia_2024": 8.7581, "delta_pct_lansia": 0.6322, "persen_perubahan_pct_lansia": 7.7800612855191549 }, "geometry": { "type": "Polygon", "coordinates": [ [ [ 95.751254973641224, 5.25228738416657 ], [ 95.871254973641229, 5.25228738416657 ], [ 95.871254973641229, 5.37228738416657 ], [ 95.751254973641224, 5.37228738416657 ], [ 95.751254973641224, 5.25228738416657 ] ] ] } },
{ "type": "Feature", "properties": { "Kab_kota": "Bener Meriah", "Pulau": "Sumatera", "Provinsi": "Aceh", "pct_lansia_2020": 7.3248, "pct_lansia_2024": 8.2634, "delta_pct_lansia": 0.9386, "persen_perubahan_pct_lansia": 12.814001747488 }, "geometry": { "type": "Polygon", "coordinates": [ [ [ 95.537682662672054, 4.26196112533378 ], [ 95.657682662672059, 4.26196112533378 ], [ 95.657682662672059, 4.381961125333779 ], [ 95.537682662672054, 4.381961125333779 ], [ 95.537682662672054, 4.26196112533378 ] ] ] } },
{ "type": "Feature", "properties": { "Kab_kota": "Pidie Jaya", "Pulau": "Sumatera", "Provinsi": "Aceh", "pct_lansia_2020": 9.9882, "pct_lansia_2024": 10.548, "delta_pct_lansia": 0.5598, "persen_perubahan_pct_lansia": 5.6046134438637507 }, "geometry": { "type": "Polygon", "coordinates": [ [ [ 96.284108483527064, 3.451755125862863 ], [ 96.404108483527068, 3.451755125862863 ], [ 96.404108483527068, 3.571755125862863 ], [ 96.284108483527064, 3.571755125862863 ], [ 96.284108483527064, 3.451755125862863 ] ] ] } },
{ "type": "Feature", "properties": { "Kab_kota": "Kota Banda Aceh", "Pulau": "Sumatera", "Provinsi": "Aceh", "pct_lansia_2020": 6.809, "pct_lansia_2024": 8.4371, "delta_pct_lansia": 1.6281, "persen_perubahan_pct_lansia": 23.911000146864428 }, "geometry": { "type": "Polygon", "coordinates": [ [ [ 97.639135715139744, 3.704455826659112 ], [ 97.759135715139749, 3.704455826659112 ], [ 97.759135715139749, 3.824455826659112 ], [ 97.639135715139744, 3.824455826659112 ], [ 97.639135715139744, 3.704455826659112 ] ] ] } },
{ "type": "Feature", "properties": { "Kab_kota": "Kota Sabang", "Pulau": "Sumatera", "Provinsi": "Aceh", "pct_lansia_2020": 8.6754, "pct_lansia_2024": 9.5077, "delta_pct_lansia": 0.8323, "persen_perubahan_pct_lansia": 9.5937939461004689 }, "geometry": { "type": "Polygon", "coordinates": [ [ [ 97.876580212177728, 4.992616658877096 ], [ 97.996580212177733, 4.992616658877096 ], [ 97.996580212177733, 5.112616658877095 ], [ 97.876580212177728, 5.112616658877095 ], [ 97.876580212177728, 4.992616658877096 ] ] ] } },
{ "type": "Feature", "properties": { "Kab_kota": "Kota Langsa", "Pulau": "Sumatera", "Provinsi": "Aceh", "pct_lansia_2020": 8.1335, "pct_lansia_2024": 9.6524, "delta_pct_lansia": 1.5189, "persen_perubahan_pct_lansia": 18.674617323415511 }, "geometry": { "type": "Polygon", "coordinates": [ [ [ 97.025345832207776, 5.780215481589997 ], [ 97.145345832207781, 5.780215481589997 ], [ 97.145345832207781, 5.900215481589997 ], [ 97.025345832207776, 5.900215481589997 ], [ 97.025345832207776, 5.780215481589997 ] ] ] } },
{ "type": "Feature", "properties": { "Kab_kota": "Kota Lhokseumawe", "Pulau": "Sumatera", "Provinsi": "Aceh", "pct_lansia_2020": 7.1754, "pct_lansia_2024": 8.8008, "delta_pct_lansia": 1.6254, "persen_perubahan_pct_lansia": 22.652395685257979 }, "geometry": { "type": "Polygon", "coordinates": [ [ [ 95.998055372512326, 5.566000958971396 ], [ 96.11805537251233, 5.566000958971396 ], [ 96.11805537251233, 5.686000958971396 ], [ 95.998055372512326, 5.686000958971396 ], [ 95.998055372512326, 5.566000958971396 ] ] ] } },
{ "type": "Feature", "properties": { "Kab_kota": "Kota Subulussalam", "Pulau": "Sumatera", "Provinsi": "Aceh", "pct_lansia_2020": 4.6247, "pct_lansia_2024": 5.436, "delta_pct_lansia": 0.8113, "persen_perubahan_pct_lansia": 17.542759530347919 }, "geometry": { "type": "Polygon", "coordinates": [ [ [ 95.389629154485021, 4.771002092004863 ], [ 95.509629154485026, 4.771002092004863 ], [ 95.509629154485026, 4.891002092004862 ], [ 95.389629154485021, 4.891002092004862 ], [ 95.389629154485021, 4.771002092004863 ] ] ] } },
{ "type": "Feature", "properties": { "Kab_kota": "Nias", "Pulau": "Sumatera", "Provinsi": "Sumatera Utara", "pct_lansia_2020": 6.6795, "pct_lansia_2024": 7.5802, "delta_pct_lansia": 0.9007, "persen_perubahan_pct_lansia": 13.484542256156892 }, "geometry": { "type": "Polygon", "coordinates": [ [ [ 99.039924289844208, 1.033149220694877 ], [ 99.159924289844213, 1.033149220694877 ], [ 99.159924289844213, 1.153149220694877 ], [ 99.039924289844208, 1.153149220694877 ], [ 99.039924289844208, 1.033149220694877 ] ] ] } },
{ "type": "Feature", "properties": { "Kab_kota": "Mandailing Natal", "Pulau": "Sumatera", "Provinsi": "Sumatera Utara", "pct_lansia_2020": 7.6234, "pct_lansia_2024": 8.7654, "delta_pct_lansia": 1.142, "persen_perubahan_pct_lansia": 14.980192564997239 }, "geometry": { "type": "Polygon", "coordinates": [ [ [ 100.039272619109582, 0.976500013295975 ], [ 100.159272619109586, 0.976500013295975 ], [ 100.159272619109586, 1.096500013295975 ], [ 100.039272619109582, 1.096500013295975 ], [ 100.039272619109582, 0.976500013295975 ] ] ] } },
{ "type": "Feature", "properties": { "Kab_kota": "Tapanuli Selatan", "Pulau": "Sumatera", "Provinsi": "Sumatera Utara", "pct_lansia_2020": 7.9386, "pct_lansia_2024": 9.3224, "delta_pct_lansia": 1.3838, "persen_perubahan_pct_lansia": 17.431285113244147 }, "geometry": { "type": "Polygon", "coordinates": [ [ [ 100.805079694438902, 1.744829366278802 ], [ 100.925079694438907, 1.744829366278802 ], [ 100.925079694438907, 1.864829366278802 ], [ 100.805079694438902, 1.864829366278802 ], [ 100.805079694438902, 1.744829366278802 ] ] ] } },
{ "type": "Feature", "properties": { "Kab_kota": "Tapanuli Tengah", "Pulau": "Sumatera", "Provinsi": "Sumatera Utara", "pct_lansia_2020": 7.8296, "pct_lansia_2024": 8.5858, "delta_pct_lansia": 0.7562, "persen_perubahan_pct_lansia": 9.6582200878716744 }, "geometry": { "type": "Polygon", "coordinates": [ [ [ 100.279430389380948, 3.011694191939895 ], [ 100.399430389380953, 3.011694191939895 ], [ 100.399430389380953, 3.131694191939895 ], [ 100.279430389380948, 3.131694191939895 ], [ 100.279430389380948, 3.011694191939895 ] ] ] } },
{ "type": "Feature", "properties": { "Kab_kota": "Tapanuli Utara", "Pulau": "Sumatera", "Provinsi": "Sumatera Utara", "pct_lansia_2020": 10.7988, "pct_lansia_2024": 11.7143, "delta_pct_lansia": 0.9155, "persen_perubahan_pct_lansia": 8.4777938289439536 }, "geometry": { "type": "Polygon", "coordinates": [ [ [ 99.05618174513026, 3.140156647595127 ], [ 99.176181745130265, 3.140156647595127 ], [ 99.176181745130265, 3.260156647595127 ], [ 99.05618174513026, 3.260156647595127 ], [ 99.05618174513026, 3.140156647595127 ] ] ] } },
{ "type": "Feature", "properties": { "Kab_kota": "Toba Samosir / Toba", "Pulau": "Sumatera", "Provinsi": "Sumatera Utara", "pct_lansia_2020": 10.7522, "pct_lansia_2024": 11.4443, "delta_pct_lansia": 0.6921, "persen_perubahan_pct_lansia": 6.4368222317293196 }, "geometry": { "type": "Polygon", "coordinates": [ [ [ 98.402493266740834, 2.347295830379324 ], [ 98.522493266740838, 2.347295830379324 ], [ 98.522493266740838, 2.467295830379324 ], [ 98.402493266740834, 2.467295830379324 ], [ 98.402493266740834, 2.347295830379324 ] ] ] } },
{ "type": "Feature", "properties": { "Kab_kota": "Labuhan Batu", "Pulau": "Sumatera", "Provinsi": "Sumatera Utara", "pct_lansia_2020": 6.7613, "pct_lansia_2024": 8.0917, "delta_pct_lansia": 1.3304, "persen_perubahan_pct_lansia": 19.676689394051426 }, "geometry": { "type": "Polygon", "coordinates": [ [ [ 98.591599899364397, 1.409222075662509 ], [ 98.711599899364401, 1.409222075662509 ], [ 98.711599899364401, 1.529222075662509 ], [ 98.591599899364397, 1.529222075662509 ], [ 98.591599899364397, 1.409222075662509 ] ] ] } },
{ "type": "Feature", "properties": { "Kab_kota": "Asahan", "Pulau": "Sumatera", "Provinsi": "Sumatera Utara", "pct_lansia_2020": 8.1141, "pct_lansia_2024": 9.5788, "delta_pct_lansia": 1.4647, "persen_perubahan_pct_lansia": 18.051293427490403 }, "geometry": { "type": "Polygon", "coordinates": [ [ [ 99.704576360889988, 0.937487564273475 ], [ 99.824576360889992, 0.937487564273475 ], [ 99.824576360889992, 1.057487564273475 ], [ 99.704576360889988, 1.057487564273475 ], [ 99.704576360889988, 0.937487564273475 ] ] ] } },
{ "type": "Feature", "properties": { "Kab_kota": "Simalungun", "Pulau": "Sumatera", "Provinsi": "Sumatera Utara", "pct_lansia_2020": 10.7575, "pct_lansia_2024": 11.8861, "delta_pct_lansia": 1.1286, "persen_perubahan_pct_lansia": 10.491285149895425 }, "geometry": { "type": "Polygon", "coordinates": [ [ [ 100.652666449760559, 1.620516226450562 ], [ 100.772666449760564, 1.620516226450562 ], [ 100.772666449760564, 1.740516226450562 ], [ 100.652666449760559, 1.740516226450562 ], [ 100.652666449760559, 1.620516226450562 ] ] ] } },
{ "type": "Feature", "properties": { "Kab_kota": "Dairi", "Pulau": "Sumatera", "Provinsi": "Sumatera Utara", "pct_lansia_2020": 9.3353, "pct_lansia_2024": 10.3471, "delta_pct_lansia": 1.0118, "persen_perubahan_pct_lansia": 10.838430473578772 }, "geometry": { "type": "Polygon", "coordinates": [ [ [ 100.319446027940799, 2.854048992538132 ], [ 100.439446027940804, 2.854048992538132 ], [ 100.439446027940804, 2.974048992538132 ], [ 100.319446027940799, 2.974048992538132 ], [ 100.319446027940799, 2.854048992538132 ] ] ] } },
{ "type": "Feature", "properties": { "Kab_kota": "Karo", "Pulau": "Sumatera", "Provinsi": "Sumatera Utara", "pct_lansia_2020": 9.8714, "pct_lansia_2024": 10.8917, "delta_pct_lansia": 1.0203, "persen_perubahan_pct_lansia": 10.335919930303712 }, "geometry": { "type": "Polygon", "coordinates": [ [ [ 99.366634453147086, 3.360767368706056 ], [ 99.48663445314709, 3.360767368706056 ], [ 99.48663445314709, 3.480767368706056 ], [ 99.366634453147086, 3.480767368706056 ], [ 99.366634453147086, 3.360767368706056 ] ] ] } },
{ "type": "Feature", "properties": { "Kab_kota": "Deli Serdang", "Pulau": "Sumatera", "Provinsi": "Sumatera Utara", "pct_lansia_2020": 7.6218, "pct_lansia_2024": 9.3505, "delta_pct_lansia": 1.7287, "persen_perubahan_pct_lansia": 22.680993990920779 }, "geometry": { "type": "Polygon", "coordinates": [ [ [ 98.495798453255063, 2.567988407575537 ], [ 98.615798453255067, 2.567988407575537 ], [ 98.615798453255067, 2.687988407575537 ], [ 98.495798453255063, 2.687988407575537 ], [ 98.495798453255063, 2.567988407575537 ] ] ] } },
{ "type": "Feature", "properties": { "Kab_kota": "Langkat", "Pulau": "Sumatera", "Provinsi": "Sumatera Utara", "pct_lansia_2020": 8.643, "pct_lansia_2024": 10.441, "delta_pct_lansia": 1.798, "persen_perubahan_pct_lansia": 20.80296193451348 }, "geometry": { "type": "Polygon", "coordinates": [ [ [ 98.554800084400256, 1.379865803249574 ], [ 98.67480008440026, 1.379865803249574 ], [ 98.67480008440026, 1.499865803249574 ], [ 98.554800084400256, 1.499865803249574 ], [ 98.554800084400256, 1.379865803249574 ] ] ] } },
{ "type": "Feature", "properties": { "Kab_kota": "Nias Selatan", "Pulau": "Sumatera", "Provinsi": "Sumatera Utara", "pct_lansia_2020": 5.6616, "pct_lansia_2024": 6.6333, "delta_pct_lansia": 0.9717, "persen_perubahan_pct_lansia": 17.162992793556594 }, "geometry": { "type": "Polygon", "coordinates": [ [ [ 99.420910115723103, 0.916164964688769 ], [ 99.540910115723108, 0.916164964688769 ], [ 99.540910115723108, 1.036164964688769 ], [ 99.420910115723103, 1.036164964688769 ], [ 99.420910115723103, 0.916164964688769 ] ] ] } },
{ "type": "Feature", "properties": { "Kab_kota": "Humbang Hasundutan", "Pulau": "Sumatera", "Provinsi": "Sumatera Utara", "pct_lansia_2020": 10.227, "pct_lansia_2024": 11.0839, "delta_pct_lansia": 0.8569, "persen_perubahan_pct_lansia": 8.3788012124767715 }, "geometry": { "type": "Polygon", "coordinates": [ [ [ 100.441369614112432, 1.089605922649608 ], [ 100.561369614112436, 1.089605922649608 ], [ 100.561369614112436, 1.209605922649608 ], [ 100.441369614112432, 1.209605922649608 ], [ 100.441369614112432, 1.089605922649608 ] ] ] } },
{ "type": "Feature", "properties": { "Kab_kota": "Pakpak Bharat", "Pulau": "Sumatera", "Provinsi": "Sumatera Utara", "pct_lansia_2020": 6.6971, "pct_lansia_2024": 7.1746, "delta_pct_lansia": 0.4775, "persen_perubahan_pct_lansia": 7.1299517701691784 }, "geometry": { "type": "Polygon", "coordinates": [ [ [ 100.494772230514641, 2.433756371408978 ], [ 100.614772230514646, 2.433756371408978 ], [ 100.614772230514646, 2.553756371408978 ], [ 100.494772230514641, 2.553756371408978 ], [ 100.494772230514641, 2.433756371408978 ] ] ] } },
{ "type": "Feature", "properties": { "Kab_kota": "Samosir", "Pulau": "Sumatera", "Provinsi": "Sumatera Utara", "pct_lansia_2020": 11.0568, "pct_lansia_2024": 11.8654, "delta_pct_lansia": 0.8086, "persen_perubahan_pct_lansia": 7.3131466608783589 }, "geometry": { "type": "Polygon", "coordinates": [ [ [ 99.883283330340291, 3.073182669590814 ], [ 100.003283330340295, 3.073182669590814 ], [ 100.003283330340295, 3.193182669590815 ], [ 99.883283330340291, 3.193182669590815 ], [ 99.883283330340291, 3.073182669590814 ] ] ] } },
{ "type": "Feature", "properties": { "Kab_kota": "Serdang Bedagai", "Pulau": "Sumatera", "Provinsi": "Sumatera Utara", "pct_lansia_2020": 8.736, "pct_lansia_2024": 10.3573, "delta_pct_lansia": 1.6213, "persen_perubahan_pct_lansia": 18.558836996336993 }, "geometry": { "type": "Polygon", "coordinates": [ [ [ 98.761562444230023, 2.877042363127969 ], [ 98.881562444230028, 2.877042363127969 ], [ 98.881562444230028, 2.997042363127969 ], [ 98.761562444230023, 2.997042363127969 ], [ 98.761562444230023, 2.877042363127969 ] ] ] } },
{ "type": "Feature", "properties": { "Kab_kota": "Batu Bara", "Pulau": "Sumatera", "Provinsi": "Sumatera Utara", "pct_lansia_2020": 8.1999, "pct_lansia_2024": 9.5907, "delta_pct_lansia": 1.3908, "persen_perubahan_pct_lansia": 16.961182453444561 }, "geometry": { "type": "Polygon", "coordinates": [ [ [ 98.255873096620675, 1.886806097321458 ], [ 98.37587309662068, 1.886806097321458 ], [ 98.37587309662068, 2.006806097321458 ], [ 98.255873096620675, 2.006806097321458 ], [ 98.255873096620675, 1.886806097321458 ] ] ] } },
{ "type": "Feature", "properties": { "Kab_kota": "Padang Lawas Utara", "Pulau": "Sumatera", "Provinsi": "Sumatera Utara", "pct_lansia_2020": 5.8757, "pct_lansia_2024": 6.7531, "delta_pct_lansia": 0.8774, "persen_perubahan_pct_lansia": 14.932688871113225 }, "geometry": { "type": "Polygon", "coordinates": [ [ [ 99.141785620779075, 1.125627138346834 ], [ 99.261785620779079, 1.125627138346834 ], [ 99.261785620779079, 1.245627138346834 ], [ 99.141785620779075, 1.245627138346834 ], [ 99.141785620779075, 1.125627138346834 ] ] ] } },
{ "type": "Feature", "properties": { "Kab_kota": "Padang Lawas", "Pulau": "Sumatera", "Provinsi": "Sumatera Utara", "pct_lansia_2020": 5.6752, "pct_lansia_2024": 6.8014, "delta_pct_lansia": 1.1262, "persen_perubahan_pct_lansia": 19.844234564420635 }, "geometry": { "type": "Polygon", "coordinates": [ [ [ 99.968672547344369, 1.000229335518953 ], [ 100.088672547344373, 1.000229335518953 ], [ 100.088672547344373, 1.120229335518953 ], [ 99.968672547344369, 1.120229335518953 ], [ 99.968672547344369, 1.000229335518953 ] ] ] } },
{ "type": "Feature", "properties": { "Kab_kota": "Labuhan Batu Selatan", "Pulau": "Sumatera", "Provinsi": "Sumatera Utara", "pct_lansia_2020": 4.974, "pct_lansia_2024": 6.4713, "delta_pct_lansia": 1.4973, "persen_perubahan_pct_lansia": 30.102533172496987 }, "geometry": { "type": "Polygon", "coordinates": [ [ [ 100.644186243144418, 1.998549539490936 ], [ 100.764186243144422, 1.998549539490936 ], [ 100.764186243144422, 2.118549539490936 ], [ 100.644186243144418, 2.118549539490936 ], [ 100.644186243144418, 1.998549539490936 ] ] ] } },
{ "type": "Feature", "properties": { "Kab_kota": "Labuhan Batu Utara", "Pulau": "Sumatera", "Provinsi": "Sumatera Utara", "pct_lansia_2020": 6.5574, "pct_lansia_2024": 7.8819, "delta_pct_lansia": 1.3245, "persen_perubahan_pct_lansia": 20.198554305059922 }, "geometry": { "type": "Polygon", "coordinates": [ [ [ 100.313629779394887, 3.158467761621487 ], [ 100.433629779394892, 3.158467761621487 ], [ 100.433629779394892, 3.278467761621487 ], [ 100.313629779394887, 3.278467761621487 ], [ 100.313629779394887, 3.158467761621487 ] ] ] } },
{ "type": "Feature", "properties": { "Kab_kota": "Nias Utara", "Pulau": "Sumatera", "Provinsi": "Sumatera Utara", "pct_lansia_2020": 6.4804, "pct_lansia_2024": 7.4258, "delta_pct_lansia": 0.9454, "persen_perubahan_pct_lansia": 14.588605641627051 }, "geometry": { "type": "Polygon", "coordinates": [ [ [ 99.071505591652439, 3.079911963465555 ], [ 99.191505591652444, 3.079911963465555 ], [ 99.191505591652444, 3.199911963465556 ], [ 99.071505591652439, 3.199911963465556 ], [ 99.071505591652439, 3.079911963465555 ] ] ] } },
{ "type": "Feature", "properties": { "Kab_kota": "Nias Barat", "Pulau": "Sumatera", "Provinsi": "Sumatera Utara", "pct_lansia_2020": 6.6393, "pct_lansia_2024": 7.2945, "delta_pct_lansia": 0.6552, "persen_perubahan_pct_lansia": 9.8685102345126694 }, "geometry": { "type": "Polygon", "coordinates": [ [ [ 98.37097815649895, 2.240958513919157 ], [ 98.490978156498954, 2.240958513919157 ], [ 98.490978156498954, 2.360958513919158 ], [ 98.37097815649895, 2.360958513919158 ], [ 98.37097815649895, 2.240958513919157 ] ] ] } },
{ "type": "Feature", "properties": { "Kab_kota": "Kota Sibolga", "Pulau": "Sumatera", "Provinsi": "Sumatera Utara", "pct_lansia_2020": 7.5125, "pct_lansia_2024": 8.9943, "delta_pct_lansia": 1.4818, "persen_perubahan_pct_lansia": 19.724459234608993 }, "geometry": { "type": "Polygon", "coordinates": [ [ [ 98.676477309727431, 0.993945387350832 ], [ 98.796477309727436, 0.993945387350832 ], [ 98.796477309727436, 1.113945387350832 ], [ 98.676477309727431, 1.113945387350832 ], [ 98.676477309727431, 0.993945387350832 ] ] ] } },
{ "type": "Feature", "properties": { "Kab_kota": "Kota Tanjung Balai", "Pulau": "Sumatera", "Provinsi": "Sumatera Utara", "pct_lansia_2020": 7.1018, "pct_lansia_2024": 8.5011, "delta_pct_lansia": 1.3993, "persen_perubahan_pct_lansia": 19.703455461995542 }, "geometry": { "type": "Polygon", "coordinates": [ [ [ 99.783193458111697, 0.807239175778084 ], [ 99.903193458111701, 0.807239175778084 ], [ 99.903193458111701, 0.927239175778084 ], [ 99.783193458111697, 0.927239175778084 ], [ 99.783193458111697, 0.807239175778084 ] ] ] } },
{ "type": "Feature", "properties": { "Kab_kota": "Kota Pematang Siantar", "Pulau": "Sumatera", "Provinsi": "Sumatera Utara", "pct_lansia_2020": 11.3105, "pct_lansia_2024": 12.8166, "delta_pct_lansia": 1.5061, "persen_perubahan_pct_lansia": 13.315945360505726 }, "geometry": { "type": "Polygon", "coordinates": [ [ [ 100.70970905425618, 1.745801437234886 ], [ 100.829709054256185, 1.745801437234886 ], [ 100.829709054256185, 1.865801437234887 ], [ 100.70970905425618, 1.865801437234887 ], [ 100.70970905425618, 1.745801437234886 ] ] ] } },
{ "type": "Feature", "properties": { "Kab_kota": "Kota Tebing Tinggi", "Pulau": "Sumatera", "Provinsi": "Sumatera Utara", "pct_lansia_2020": 9.4221, "pct_lansia_2024": 11.2473, "delta_pct_lansia": 1.8252, "persen_perubahan_pct_lansia": 19.371477696055006 }, "geometry": { "type": "Polygon", "coordinates": [ [ [ 100.228043016442186, 2.702038405034775 ], [ 100.34804301644219, 2.702038405034775 ], [ 100.34804301644219, 2.822038405034775 ], [ 100.228043016442186, 2.822038405034775 ], [ 100.228043016442186, 2.702038405034775 ] ] ] } },
{ "type": "Feature", "properties": { "Kab_kota": "Kota Medan", "Pulau": "Sumatera", "Provinsi": "Sumatera Utara", "pct_lansia_2020": 9.6428, "pct_lansia_2024": 11.4296, "delta_pct_lansia": 1.7868, "persen_perubahan_pct_lansia": 18.529887584519035 }, "geometry": { "type": "Polygon", "coordinates": [ [ [ 99.354136797711647, 3.168145353035906 ], [ 99.474136797711651, 3.168145353035906 ], [ 99.474136797711651, 3.288145353035906 ], [ 99.354136797711647, 3.288145353035906 ], [ 99.354136797711647, 3.168145353035906 ] ] ] } },
{ "type": "Feature", "properties": { "Kab_kota": "Kota Binjai", "Pulau": "Sumatera", "Provinsi": "Sumatera Utara", "pct_lansia_2020": 8.7157, "pct_lansia_2024": 10.4252, "delta_pct_lansia": 1.7095, "persen_perubahan_pct_lansia": 19.614029854171211 }, "geometry": { "type": "Polygon", "coordinates": [ [ [ 98.404463594464147, 2.66911267032649 ], [ 98.524463594464152, 2.66911267032649 ], [ 98.524463594464152, 2.78911267032649 ], [ 98.404463594464147, 2.78911267032649 ], [ 98.404463594464147, 2.66911267032649 ] ] ] } },
{ "type": "Feature", "properties": { "Kab_kota": "Kota Padangsidimpuan", "Pulau": "Sumatera", "Provinsi": "Sumatera Utara", "pct_lansia_2020": 8.1704, "pct_lansia_2024": 9.3811, "delta_pct_lansia": 1.2107, "persen_perubahan_pct_lansia": 14.818123959659246 }, "geometry": { "type": "Polygon", "coordinates": [ [ [ 98.443863325074531, 1.526634136387862 ], [ 98.563863325074536, 1.526634136387862 ], [ 98.563863325074536, 1.646634136387862 ], [ 98.443863325074531, 1.646634136387862 ], [ 98.443863325074531, 1.526634136387862 ] ] ] } },
{ "type": "Feature", "properties": { "Kab_kota": "Kota Gunungsitoli", "Pulau": "Sumatera", "Provinsi": "Sumatera Utara", "pct_lansia_2020": 6.6653, "pct_lansia_2024": 7.7283, "delta_pct_lansia": 1.063, "persen_perubahan_pct_lansia": 15.948269395226017 }, "geometry": { "type": "Polygon", "coordinates": [ [ [ 99.453357977751025, 0.782408950817008 ], [ 99.57335797775103, 0.782408950817008 ], [ 99.57335797775103, 0.902408950817008 ], [ 99.453357977751025, 0.902408950817008 ], [ 99.453357977751025, 0.782408950817008 ] ] ] } },
{ "type": "Feature", "properties": { "Kab_kota": "Kepulauan Mentawai", "Pulau": "Sumatera", "Provinsi": "Sumatera Barat", "pct_lansia_2020": 6.5645, "pct_lansia_2024": 7.635, "delta_pct_lansia": 1.0705, "persen_perubahan_pct_lansia": 16.307411074720086 }, "geometry": { "type": "Polygon", "coordinates": [ [ [ 101.895509183067844, -1.557328470822255 ], [ 102.015509183067849, -1.557328470822255 ], [ 102.015509183067849, -1.437328470822254 ], [ 101.895509183067844, -1.437328470822254 ], [ 101.895509183067844, -1.557328470822255 ] ] ] } },
{ "type": "Feature", "properties": { "Kab_kota": "Pesisir Selatan", "Pulau": "Sumatera", "Provinsi": "Sumatera Barat", "pct_lansia_2020": 10.6592, "pct_lansia_2024": 11.7646, "delta_pct_lansia": 1.1054, "persen_perubahan_pct_lansia": 10.370384268988285 }, "geometry": { "type": "Polygon", "coordinates": [ [ [ 101.840788222480654, -0.341033955336879 ], [ 101.960788222480659, -0.341033955336879 ], [ 101.960788222480659, -0.221033955336879 ], [ 101.840788222480654, -0.221033955336879 ], [ 101.840788222480654, -0.341033955336879 ] ] ] } },
{ "type": "Feature", "properties": { "Kab_kota": "Solok", "Pulau": "Sumatera", "Provinsi": "Sumatera Barat", "pct_lansia_2020": 10.4969, "pct_lansia_2024": 11.7171, "delta_pct_lansia": 1.2202, "persen_perubahan_pct_lansia": 11.624384342043843 }, "geometry": { "type": "Polygon", "coordinates": [ [ [ 100.89162938629751, 0.422967764944978 ], [ 101.011629386297514, 0.422967764944978 ], [ 101.011629386297514, 0.542967764944978 ], [ 100.89162938629751, 0.542967764944978 ], [ 100.89162938629751, 0.422967764944978 ] ] ] } },
{ "type": "Feature", "properties": { "Kab_kota": "Sijunjung", "Pulau": "Sumatera", "Provinsi": "Sumatera Barat", "pct_lansia_2020": 9.1561, "pct_lansia_2024": 10.4034, "delta_pct_lansia": 1.2473, "persen_perubahan_pct_lansia": 13.622612247572647 }, "geometry": { "type": "Polygon", "coordinates": [ [ [ 100.010041900142113, -0.234739165603306 ], [ 100.130041900142118, -0.234739165603306 ], [ 100.130041900142118, -0.114739165603306 ], [ 100.010041900142113, -0.114739165603306 ], [ 100.010041900142113, -0.234739165603306 ] ] ] } },
{ "type": "Feature", "properties": { "Kab_kota": "Tanah Datar", "Pulau": "Sumatera", "Provinsi": "Sumatera Barat", "pct_lansia_2020": 14.2899, "pct_lansia_2024": 15.5777, "delta_pct_lansia": 1.2878, "persen_perubahan_pct_lansia": 9.0119594958677158 }, "geometry": { "type": "Polygon", "coordinates": [ [ [ 99.480158767980328, -1.003536115058016 ], [ 99.600158767980332, -1.003536115058016 ], [ 99.600158767980332, -0.883536115058016 ], [ 99.480158767980328, -0.883536115058016 ], [ 99.480158767980328, -1.003536115058016 ] ] ] } },
{ "type": "Feature", "properties": { "Kab_kota": "Padang Pariaman", "Pulau": "Sumatera", "Provinsi": "Sumatera Barat", "pct_lansia_2020": 12.0148, "pct_lansia_2024": 12.6587, "delta_pct_lansia": 0.6439, "persen_perubahan_pct_lansia": 5.3592236241968276 }, "geometry": { "type": "Polygon", "coordinates": [ [ [ 100.438282098103059, -2.042245558893101 ], [ 100.558282098103064, -2.042245558893101 ], [ 100.558282098103064, -1.922245558893101 ], [ 100.438282098103059, -1.922245558893101 ], [ 100.438282098103059, -2.042245558893101 ] ] ] } },
{ "type": "Feature", "properties": { "Kab_kota": "Agam", "Pulau": "Sumatera", "Provinsi": "Sumatera Barat", "pct_lansia_2020": 13.358, "pct_lansia_2024": 14.4161, "delta_pct_lansia": 1.0581, "persen_perubahan_pct_lansia": 7.9210959724509626 }, "geometry": { "type": "Polygon", "coordinates": [ [ [ 101.74166094875298, -1.526152286914799 ], [ 101.861660948752984, -1.526152286914799 ], [ 101.861660948752984, -1.406152286914799 ], [ 101.74166094875298, -1.406152286914799 ], [ 101.74166094875298, -1.526152286914799 ] ] ] } },
{ "type": "Feature", "properties": { "Kab_kota": "Lima Puluh Kota", "Pulau": "Sumatera", "Provinsi": "Sumatera Barat", "pct_lansia_2020": 12.5807, "pct_lansia_2024": 13.4273, "delta_pct_lansia": 0.8466, "persen_perubahan_pct_lansia": 6.7293552822974902 }, "geometry": { "type": "Polygon", "coordinates": [ [ [ 101.948819515068962, -0.696056333974999 ], [ 102.068819515068967, -0.696056333974999 ], [ 102.068819515068967, -0.576056333974998 ], [ 101.948819515068962, -0.576056333974998 ], [ 101.948819515068962, -0.696056333974999 ] ] ] } },
{ "type": "Feature", "properties": { "Kab_kota": "Pasaman", "Pulau": "Sumatera", "Provinsi": "Sumatera Barat", "pct_lansia_2020": 9.1045, "pct_lansia_2024": 10.3185, "delta_pct_lansia": 1.214, "persen_perubahan_pct_lansia": 13.33406557196991 }, "geometry": { "type": "Polygon", "coordinates": [ [ [ 101.167976698096567, 0.42691871949102 ], [ 101.287976698096571, 0.42691871949102 ], [ 101.287976698096571, 0.54691871949102 ], [ 101.167976698096567, 0.54691871949102 ], [ 101.167976698096567, 0.42691871949102 ] ] ] } },
{ "type": "Feature", "properties": { "Kab_kota": "Solok Selatan", "Pulau": "Sumatera", "Provinsi": "Sumatera Barat", "pct_lansia_2020": 8.468, "pct_lansia_2024": 9.3271, "delta_pct_lansia": 0.8591, "persen_perubahan_pct_lansia": 10.145252716107697 }, "geometry": { "type": "Polygon", "coordinates": [ [ [ 99.929482984285869, 0.284723629725947 ], [ 100.049482984285873, 0.284723629725947 ], [ 100.049482984285873, 0.404723629725947 ], [ 99.929482984285869, 0.404723629725947 ], [ 99.929482984285869, 0.284723629725947 ] ] ] } },
{ "type": "Feature", "properties": { "Kab_kota": "Dharmasraya", "Pulau": "Sumatera", "Provinsi": "Sumatera Barat", "pct_lansia_2020": 7.8, "pct_lansia_2024": 8.9577, "delta_pct_lansia": 1.1577, "persen_perubahan_pct_lansia": 14.842307692307708 }, "geometry": { "type": "Polygon", "coordinates": [ [ [ 99.68676883616169, -0.791481957695324 ], [ 99.806768836161694, -0.791481957695324 ], [ 99.806768836161694, -0.671481957695324 ], [ 99.68676883616169, -0.671481957695324 ], [ 99.68676883616169, -0.791481957695324 ] ] ] } },
{ "type": "Feature", "properties": { "Kab_kota": "Pasaman Barat", "Pulau": "Sumatera", "Provinsi": "Sumatera Barat", "pct_lansia_2020": 6.9467, "pct_lansia_2024": 8.3001, "delta_pct_lansia": 1.3534, "persen_perubahan_pct_lansia": 19.482632041113053 }, "geometry": { "type": "Polygon", "coordinates": [ [ [ 99.950422556403794, -1.633115331088965 ], [ 100.070422556403798, -1.633115331088965 ], [ 100.070422556403798, -1.513115331088964 ], [ 99.950422556403794, -1.513115331088964 ], [ 99.950422556403794, -1.633115331088965 ] ] ] } },
{ "type": "Feature", "properties": { "Kab_kota": "Kota Padang", "Pulau": "Sumatera", "Provinsi": "Sumatera Barat", "pct_lansia_2020": 9.7789, "pct_lansia_2024": 11.4238, "delta_pct_lansia": 1.6449, "persen_perubahan_pct_lansia": 16.82091032733743 }, "geometry": { "type": "Polygon", "coordinates": [ [ [ 101.149988770813806, -1.90607430694677 ], [ 101.269988770813811, -1.90607430694677 ], [ 101.269988770813811, -1.78607430694677 ], [ 101.149988770813806, -1.78607430694677 ], [ 101.149988770813806, -1.90607430694677 ] ] ] } },
{ "type": "Feature", "properties": { "Kab_kota": "Kota Solok", "Pulau": "Sumatera", "Provinsi": "Sumatera Barat", "pct_lansia_2020": 7.94, "pct_lansia_2024": 9.4476, "delta_pct_lansia": 1.5076, "persen_perubahan_pct_lansia": 18.987405541561703 }, "geometry": { "type": "Polygon", "coordinates": [ [ [ 101.951173884718258, -0.957387180332331 ], [ 102.071173884718263, -0.957387180332331 ], [ 102.071173884718263, -0.837387180332331 ], [ 101.951173884718258, -0.837387180332331 ], [ 101.951173884718258, -0.957387180332331 ] ] ] } },
{ "type": "Feature", "properties": { "Kab_kota": "Kota Sawah Lunto", "Pulau": "Sumatera", "Provinsi": "Sumatera Barat", "pct_lansia_2020": 10.9844, "pct_lansia_2024": 12.6228, "delta_pct_lansia": 1.6384, "persen_perubahan_pct_lansia": 14.915698627143939 }, "geometry": { "type": "Polygon", "coordinates": [ [ [ 101.418727353895818, -0.033900497982605 ], [ 101.538727353895823, -0.033900497982605 ], [ 101.538727353895823, 0.086099502017395 ], [ 101.418727353895818, 0.086099502017395 ], [ 101.418727353895818, -0.033900497982605 ] ] ] } },
{ "type": "Feature", "properties": { "Kab_kota": "Kota Padang Panjang", "Pulau": "Sumatera", "Provinsi": "Sumatera Barat", "pct_lansia_2020": 9.1669, "pct_lansia_2024": 10.3393, "delta_pct_lansia": 1.1724, "persen_perubahan_pct_lansia": 12.78949263109666 }, "geometry": { "type": "Polygon", "coordinates": [ [ [ 100.396774218772791, 0.512399279966108 ], [ 100.516774218772795, 0.512399279966108 ], [ 100.516774218772795, 0.632399279966108 ], [ 100.396774218772791, 0.632399279966108 ], [ 100.396774218772791, 0.512399279966108 ] ] ] } },
{ "type": "Feature", "properties": { "Kab_kota": "Kota Bukittinggi", "Pulau": "Sumatera", "Provinsi": "Sumatera Barat", "pct_lansia_2020": 9.6969, "pct_lansia_2024": 11.1707, "delta_pct_lansia": 1.4738, "persen_perubahan_pct_lansia": 15.198671740453143 }, "geometry": { "type": "Polygon", "coordinates": [ [ [ 99.680709690390586, -0.512347165676112 ], [ 99.80070969039059, -0.512347165676112 ], [ 99.80070969039059, -0.392347165676112 ], [ 99.680709690390586, -0.392347165676112 ], [ 99.680709690390586, -0.512347165676112 ] ] ] } },
{ "type": "Feature", "properties": { "Kab_kota": "Kota Payakumbuh", "Pulau": "Sumatera", "Provinsi": "Sumatera Barat", "pct_lansia_2020": 10.2174, "pct_lansia_2024": 11.6035, "delta_pct_lansia": 1.3861, "persen_perubahan_pct_lansia": 13.566073560788466 }, "geometry": { "type": "Polygon", "coordinates": [ [ [ 99.676000351264932, -1.515281487527954 ], [ 99.796000351264937, -1.515281487527954 ], [ 99.796000351264937, -1.395281487527954 ], [ 99.676000351264932, -1.395281487527954 ], [ 99.676000351264932, -1.515281487527954 ] ] ] } },
{ "type": "Feature", "properties": { "Kab_kota": "Kota Pariaman", "Pulau": "Sumatera", "Provinsi": "Sumatera Barat", "pct_lansia_2020": 10.145, "pct_lansia_2024": 11.4566, "delta_pct_lansia": 1.3116, "persen_perubahan_pct_lansia": 12.928536224741254 }, "geometry": { "type": "Polygon", "coordinates": [ [ [ 101.081758149318958, -1.898596554384798 ], [ 101.201758149318962, -1.898596554384798 ], [ 101.201758149318962, -1.778596554384798 ], [ 101.081758149318958, -1.778596554384798 ], [ 101.081758149318958, -1.898596554384798 ] ] ] } },
{ "type": "Feature", "properties": { "Kab_kota": "Kuantan Singingi", "Pulau": "Sumatera", "Provinsi": "Riau", "pct_lansia_2020": 8.5388, "pct_lansia_2024": 9.8949, "delta_pct_lansia": 1.3561, "persen_perubahan_pct_lansia": 15.881622710451113 }, "geometry": { "type": "Polygon", "coordinates": [ [ [ 102.865300698869675, -0.365662808808535 ], [ 102.985300698869679, -0.365662808808535 ], [ 102.985300698869679, -0.245662808808535 ], [ 102.865300698869675, -0.245662808808535 ], [ 102.865300698869675, -0.365662808808535 ] ] ] } },
{ "type": "Feature", "properties": { "Kab_kota": "Indragiri Hulu", "Pulau": "Sumatera", "Provinsi": "Riau", "pct_lansia_2020": 6.3192, "pct_lansia_2024": 7.9252, "delta_pct_lansia": 1.606, "persen_perubahan_pct_lansia": 25.414609444233445 }, "geometry": { "type": "Polygon", "coordinates": [ [ [ 102.558585498660889, 0.827243810969457 ], [ 102.678585498660894, 0.827243810969457 ], [ 102.678585498660894, 0.947243810969457 ], [ 102.558585498660889, 0.947243810969457 ], [ 102.558585498660889, 0.827243810969457 ] ] ] } },
{ "type": "Feature", "properties": { "Kab_kota": "Indragiri Hilir", "Pulau": "Sumatera", "Provinsi": "Riau", "pct_lansia_2020": 7.5916, "pct_lansia_2024": 9.0671, "delta_pct_lansia": 1.4755, "persen_perubahan_pct_lansia": 19.435955529796097 }, "geometry": { "type": "Polygon", "coordinates": [ [ [ 101.454186830565618, 1.49882877643675 ], [ 101.574186830565623, 1.49882877643675 ], [ 101.574186830565623, 1.618828776436751 ], [ 101.454186830565618, 1.618828776436751 ], [ 101.454186830565618, 1.49882877643675 ] ] ] } },
{ "type": "Feature", "properties": { "Kab_kota": "Pelalawan", "Pulau": "Sumatera", "Provinsi": "Riau", "pct_lansia_2020": 4.4628, "pct_lansia_2024": 5.8541, "delta_pct_lansia": 1.3913, "persen_perubahan_pct_lansia": 31.175495204804164 }, "geometry": { "type": "Polygon", "coordinates": [ [ [ 100.77257900517651, 0.91602312670636 ], [ 100.892579005176515, 0.91602312670636 ], [ 100.892579005176515, 1.03602312670636 ], [ 100.77257900517651, 1.03602312670636 ], [ 100.77257900517651, 0.91602312670636 ] ] ] } },
{ "type": "Feature", "properties": { "Kab_kota": "Siak", "Pulau": "Sumatera", "Provinsi": "Riau", "pct_lansia_2020": 4.967, "pct_lansia_2024": 6.4671, "delta_pct_lansia": 1.5001, "persen_perubahan_pct_lansia": 30.201328769881229 }, "geometry": { "type": "Polygon", "coordinates": [ [ [ 100.547766014517009, -0.221110695154847 ], [ 100.667766014517014, -0.221110695154847 ], [ 100.667766014517014, -0.101110695154847 ], [ 100.547766014517009, -0.101110695154847 ], [ 100.547766014517009, -0.221110695154847 ] ] ] } },
{ "type": "Feature", "properties": { "Kab_kota": "Kampar", "Pulau": "Sumatera", "Provinsi": "Riau", "pct_lansia_2020": 6.0766, "pct_lansia_2024": 7.6419, "delta_pct_lansia": 1.5653, "persen_perubahan_pct_lansia": 25.759470756673135 }, "geometry": { "type": "Polygon", "coordinates": [ [ [ 101.620373745488862, -0.98408063095716 ], [ 101.740373745488867, -0.98408063095716 ], [ 101.740373745488867, -0.86408063095716 ], [ 101.620373745488862, -0.86408063095716 ], [ 101.620373745488862, -0.98408063095716 ] ] ] } },
{ "type": "Feature", "properties": { "Kab_kota": "Rokan Hulu", "Pulau": "Sumatera", "Provinsi": "Riau", "pct_lansia_2020": 6.0324, "pct_lansia_2024": 7.4335, "delta_pct_lansia": 1.4011, "persen_perubahan_pct_lansia": 23.226244943969242 }, "geometry": { "type": "Polygon", "coordinates": [ [ [ 102.412784843702681, -0.496308792638992 ], [ 102.532784843702686, -0.496308792638992 ], [ 102.532784843702686, -0.376308792638992 ], [ 102.412784843702681, -0.376308792638992 ], [ 102.412784843702681, -0.496308792638992 ] ] ] } },
{ "type": "Feature", "properties": { "Kab_kota": "Bengkalis", "Pulau": "Sumatera", "Provinsi": "Riau", "pct_lansia_2020": 6.9785, "pct_lansia_2024": 9.3552, "delta_pct_lansia": 2.3767, "persen_perubahan_pct_lansia": 34.057462205344976 }, "geometry": { "type": "Polygon", "coordinates": [ [ [ 102.912350718616409, 0.642242974064264 ], [ 103.032350718616414, 0.642242974064264 ], [ 103.032350718616414, 0.762242974064264 ], [ 102.912350718616409, 0.762242974064264 ], [ 102.912350718616409, 0.642242974064264 ] ] ] } },
{ "type": "Feature", "properties": { "Kab_kota": "Rokan Hilir", "Pulau": "Sumatera", "Provinsi": "Riau", "pct_lansia_2020": 6.2612, "pct_lansia_2024": 7.8453, "delta_pct_lansia": 1.5841, "persen_perubahan_pct_lansia": 25.300261930620334 }, "geometry": { "type": "Polygon", "coordinates": [ [ [ 102.117278773398155, 1.330163906699267 ], [ 102.23727877339816, 1.330163906699267 ], [ 102.23727877339816, 1.450163906699267 ], [ 102.117278773398155, 1.450163906699267 ], [ 102.117278773398155, 1.330163906699267 ] ] ] } },
{ "type": "Feature", "properties": { "Kab_kota": "Kepulauan Meranti", "Pulau": "Sumatera", "Provinsi": "Riau", "pct_lansia_2020": 9.4607, "pct_lansia_2024": 10.8315, "delta_pct_lansia": 1.3708, "persen_perubahan_pct_lansia": 14.489414102550564 }, "geometry": { "type": "Polygon", "coordinates": [ [ [ 100.860397335355174, 1.213415184225218 ], [ 100.980397335355178, 1.213415184225218 ], [ 100.980397335355178, 1.333415184225218 ], [ 100.860397335355174, 1.333415184225218 ], [ 100.860397335355174, 1.213415184225218 ] ] ] } },
{ "type": "Feature", "properties": { "Kab_kota": "Kota Pekanbaru", "Pulau": "Sumatera", "Provinsi": "Riau", "pct_lansia_2020": 6.7854, "pct_lansia_2024": 8.8139, "delta_pct_lansia": 2.0285, "persen_perubahan_pct_lansia": 29.895068824240283 }, "geometry": { "type": "Polygon", "coordinates": [ [ [ 100.297207612222437, 0.122666851578863 ], [ 100.417207612222441, 0.122666851578863 ], [ 100.417207612222441, 0.242666851578863 ], [ 100.297207612222437, 0.242666851578863 ], [ 100.297207612222437, 0.122666851578863 ] ] ] } },
{ "type": "Feature", "properties": { "Kab_kota": "Kota Dumai", "Pulau": "Sumatera", "Provinsi": "Riau", "pct_lansia_2020": 6.4679, "pct_lansia_2024": 8.062, "delta_pct_lansia": 1.5941, "persen_perubahan_pct_lansia": 24.646330339059034 }, "geometry": { "type": "Polygon", "coordinates": [ [ [ 101.314963511340537, -0.731094506132627 ], [ 101.434963511340541, -0.731094506132627 ], [ 101.434963511340541, -0.611094506132627 ], [ 101.314963511340537, -0.611094506132627 ], [ 101.314963511340537, -0.731094506132627 ] ] ] } },
{ "type": "Feature", "properties": { "Kab_kota": "Kerinci", "Pulau": "Sumatera", "Provinsi": "Jambi", "pct_lansia_2020": 12.3552, "pct_lansia_2024": 13.1356, "delta_pct_lansia": 0.7804, "persen_perubahan_pct_lansia": 6.3163688163688185 }, "geometry": { "type": "Polygon", "coordinates": [ [ [ 102.91325288012213, -2.367432740112903 ], [ 103.033252880122134, -2.367432740112903 ], [ 103.033252880122134, -2.247432740112903 ], [ 102.91325288012213, -2.247432740112903 ], [ 102.91325288012213, -2.367432740112903 ] ] ] } },
{ "type": "Feature", "properties": { "Kab_kota": "Merangin", "Pulau": "Sumatera", "Provinsi": "Jambi", "pct_lansia_2020": 7.1224, "pct_lansia_2024": 8.7906, "delta_pct_lansia": 1.6682, "persen_perubahan_pct_lansia": 23.421880265079185 }, "geometry": { "type": "Polygon", "coordinates": [ [ [ 103.432714169546784, -1.670010001882013 ], [ 103.552714169546789, -1.670010001882013 ], [ 103.552714169546789, -1.550010001882013 ], [ 103.432714169546784, -1.550010001882013 ], [ 103.432714169546784, -1.670010001882013 ] ] ] } },
{ "type": "Feature", "properties": { "Kab_kota": "Sarolangun", "Pulau": "Sumatera", "Provinsi": "Jambi", "pct_lansia_2020": 6.642, "pct_lansia_2024": 8.075, "delta_pct_lansia": 1.433, "persen_perubahan_pct_lansia": 21.574826859379687 }, "geometry": { "type": "Polygon", "coordinates": [ [ [ 102.960035198362405, -0.553365228983936 ], [ 103.08003519836241, -0.553365228983936 ], [ 103.08003519836241, -0.433365228983936 ], [ 102.960035198362405, -0.433365228983936 ], [ 102.960035198362405, -0.553365228983936 ] ] ] } },
{ "type": "Feature", "properties": { "Kab_kota": "Batang Hari", "Pulau": "Sumatera", "Provinsi": "Jambi", "pct_lansia_2020": 7.2244, "pct_lansia_2024": 8.9537, "delta_pct_lansia": 1.7293, "persen_perubahan_pct_lansia": 23.936935939316751 }, "geometry": { "type": "Polygon", "coordinates": [ [ [ 101.689309080498006, -0.447516652186968 ], [ 101.809309080498011, -0.447516652186968 ], [ 101.809309080498011, -0.327516652186968 ], [ 101.689309080498006, -0.327516652186968 ], [ 101.689309080498006, -0.447516652186968 ] ] ] } },
{ "type": "Feature", "properties": { "Kab_kota": "Muaro Jambi", "Pulau": "Sumatera", "Provinsi": "Jambi", "pct_lansia_2020": 6.346, "pct_lansia_2024": 8.4705, "delta_pct_lansia": 2.1245, "persen_perubahan_pct_lansia": 33.477781279546157 }, "geometry": { "type": "Polygon", "coordinates": [ [ [ 101.309516786199765, -1.537455185346064 ], [ 101.42951678619977, -1.537455185346064 ], [ 101.42951678619977, -1.417455185346064 ], [ 101.309516786199765, -1.417455185346064 ], [ 101.309516786199765, -1.537455185346064 ] ] ] } },
{ "type": "Feature", "properties": { "Kab_kota": "Tanjung Jabung Timur", "Pulau": "Sumatera", "Provinsi": "Jambi", "pct_lansia_2020": 9.6278, "pct_lansia_2024": 10.8585, "delta_pct_lansia": 1.2307, "persen_perubahan_pct_lansia": 12.782774881073545 }, "geometry": { "type": "Polygon", "coordinates": [ [ [ 101.749541946301036, -2.493364253916266 ], [ 101.869541946301041, -2.493364253916266 ], [ 101.869541946301041, -2.373364253916266 ], [ 101.749541946301036, -2.373364253916266 ], [ 101.749541946301036, -2.493364253916266 ] ] ] } },
{ "type": "Feature", "properties": { "Kab_kota": "Tanjung Jabung Barat", "Pulau": "Sumatera", "Provinsi": "Jambi", "pct_lansia_2020": 7.1808, "pct_lansia_2024": 8.9116, "delta_pct_lansia": 1.7308, "persen_perubahan_pct_lansia": 24.103163992869881 }, "geometry": { "type": "Polygon", "coordinates": [ [ [ 102.779651532216619, -2.880168018106091 ], [ 102.899651532216623, -2.880168018106091 ], [ 102.899651532216623, -2.760168018106091 ], [ 102.779651532216619, -2.760168018106091 ], [ 102.779651532216619, -2.880168018106091 ] ] ] } },
{ "type": "Feature", "properties": { "Kab_kota": "Tebo", "Pulau": "Sumatera", "Provinsi": "Jambi", "pct_lansia_2020": 7.3519, "pct_lansia_2024": 8.8552, "delta_pct_lansia": 1.5033, "persen_perubahan_pct_lansia": 20.447775404997355 }, "geometry": { "type": "Polygon", "coordinates": [ [ [ 103.57432142366234, -1.666729523330514 ], [ 103.694321423662345, -1.666729523330514 ], [ 103.694321423662345, -1.546729523330514 ], [ 103.57432142366234, -1.546729523330514 ], [ 103.57432142366234, -1.666729523330514 ] ] ] } },
{ "type": "Feature", "properties": { "Kab_kota": "Bungo", "Pulau": "Sumatera", "Provinsi": "Jambi", "pct_lansia_2020": 7.3421, "pct_lansia_2024": 8.8019, "delta_pct_lansia": 1.4598, "persen_perubahan_pct_lansia": 19.882594897917482 }, "geometry": { "type": "Polygon", "coordinates": [ [ [ 103.341411298105612, -0.842847651338545 ], [ 103.461411298105617, -0.842847651338545 ], [ 103.461411298105617, -0.722847651338545 ], [ 103.341411298105612, -0.722847651338545 ], [ 103.341411298105612, -0.842847651338545 ] ] ] } },
{ "type": "Feature", "properties": { "Kab_kota": "Kota Jambi", "Pulau": "Sumatera", "Provinsi": "Jambi", "pct_lansia_2020": 8.2346, "pct_lansia_2024": 10.2434, "delta_pct_lansia": 2.0088, "persen_perubahan_pct_lansia": 24.394627547178963 }, "geometry": { "type": "Polygon", "coordinates": [ [ [ 102.228937039754484, -0.413300365599219 ], [ 102.348937039754489, -0.413300365599219 ], [ 102.348937039754489, -0.293300365599219 ], [ 102.228937039754484, -0.293300365599219 ], [ 102.228937039754484, -0.413300365599219 ] ] ] } },
{ "type": "Feature", "properties": { "Kab_kota": "Kota Sungai Penuh", "Pulau": "Sumatera", "Provinsi": "Jambi", "pct_lansia_2020": 11.9304, "pct_lansia_2024": 12.4446, "delta_pct_lansia": 0.5142, "persen_perubahan_pct_lansia": 4.3099979883323183 }, "geometry": { "type": "Polygon", "coordinates": [ [ [ 101.322283099824844, -1.277942824009465 ], [ 101.442283099824849, -1.277942824009465 ], [ 101.442283099824849, -1.157942824009465 ], [ 101.322283099824844, -1.157942824009465 ], [ 101.322283099824844, -1.277942824009465 ] ] ] } },
{ "type": "Feature", "properties": { "Kab_kota": "Ogan Komering Ulu", "Pulau": "Sumatera", "Provinsi": "Sumatera Selatan", "pct_lansia_2020": 8.5157, "pct_lansia_2024": 10.0016, "delta_pct_lansia": 1.4859, "persen_perubahan_pct_lansia": 17.448947238629813 }, "geometry": { "type": "Polygon", "coordinates": [ [ [ 103.969166367706961, -4.254579072413337 ], [ 104.089166367706966, -4.254579072413337 ], [ 104.089166367706966, -4.134579072413338 ], [ 103.969166367706961, -4.134579072413338 ], [ 103.969166367706961, -4.254579072413337 ] ] ] } },
{ "type": "Feature", "properties": { "Kab_kota": "Ogan Komering Ilir", "Pulau": "Sumatera", "Provinsi": "Sumatera Selatan", "pct_lansia_2020": 7.9077, "pct_lansia_2024": 9.5053, "delta_pct_lansia": 1.5976, "persen_perubahan_pct_lansia": 20.203093187652541 }, "geometry": { "type": "Polygon", "coordinates": [ [ [ 104.750886798660986, -4.589283000128241 ], [ 104.87088679866099, -4.589283000128241 ], [ 104.87088679866099, -4.469283000128242 ], [ 104.750886798660986, -4.469283000128242 ], [ 104.750886798660986, -4.589283000128241 ] ] ] } },
{ "type": "Feature", "properties": { "Kab_kota": "Muara Enim", "Pulau": "Sumatera", "Provinsi": "Sumatera Selatan", "pct_lansia_2020": 8.4707, "pct_lansia_2024": 10.0098, "delta_pct_lansia": 1.5391, "persen_perubahan_pct_lansia": 18.169690816579497 }, "geometry": { "type": "Polygon", "coordinates": [ [ [ 105.715892424035218, -3.969984399016308 ], [ 105.835892424035222, -3.969984399016308 ], [ 105.835892424035222, -3.849984399016308 ], [ 105.715892424035218, -3.849984399016308 ], [ 105.715892424035218, -3.969984399016308 ] ] ] } },
{ "type": "Feature", "properties": { "Kab_kota": "Lahat", "Pulau": "Sumatera", "Provinsi": "Sumatera Selatan", "pct_lansia_2020": 9.7247, "pct_lansia_2024": 10.9429, "delta_pct_lansia": 1.2182, "persen_perubahan_pct_lansia": 12.526864581940824 }, "geometry": { "type": "Polygon", "coordinates": [ [ [ 106.123240374692912, -2.775623106844763 ], [ 106.243240374692917, -2.775623106844763 ], [ 106.243240374692917, -2.655623106844763 ], [ 106.123240374692912, -2.655623106844763 ], [ 106.123240374692912, -2.775623106844763 ] ] ] } },
{ "type": "Feature", "properties": { "Kab_kota": "Musi Rawas", "Pulau": "Sumatera", "Provinsi": "Sumatera Selatan", "pct_lansia_2020": 8.8801, "pct_lansia_2024": 10.3243, "delta_pct_lansia": 1.4442, "persen_perubahan_pct_lansia": 16.263330367901247 }, "geometry": { "type": "Polygon", "coordinates": [ [ [ 105.005812489899483, -2.077848915540327 ], [ 105.125812489899488, -2.077848915540327 ], [ 105.125812489899488, -1.957848915540327 ], [ 105.005812489899483, -1.957848915540327 ], [ 105.005812489899483, -2.077848915540327 ] ] ] } },
{ "type": "Feature", "properties": { "Kab_kota": "Musi Banyuasin", "Pulau": "Sumatera", "Provinsi": "Sumatera Selatan", "pct_lansia_2020": 7.4827, "pct_lansia_2024": 8.7195, "delta_pct_lansia": 1.2368, "persen_perubahan_pct_lansia": 16.528793082710781 }, "geometry": { "type": "Polygon", "coordinates": [ [ [ 103.99565656204463, -2.790759538584863 ], [ 104.115656562044634, -2.790759538584863 ], [ 104.115656562044634, -2.670759538584863 ], [ 103.99565656204463, -2.670759538584863 ], [ 103.99565656204463, -2.790759538584863 ] ] ] } },
{ "type": "Feature", "properties": { "Kab_kota": "Banyu Asin", "Pulau": "Sumatera", "Provinsi": "Sumatera Selatan", "pct_lansia_2020": 8.1124, "pct_lansia_2024": 9.854, "delta_pct_lansia": 1.7416, "persen_perubahan_pct_lansia": 21.46836940979242 }, "geometry": { "type": "Polygon", "coordinates": [ [ [ 103.537797239347654, -3.700879736863865 ], [ 103.657797239347659, -3.700879736863865 ], [ 103.657797239347659, -3.580879736863865 ], [ 103.537797239347654, -3.580879736863865 ], [ 103.537797239347654, -3.700879736863865 ] ] ] } },
{ "type": "Feature", "properties": { "Kab_kota": "Ogan Komering Ulu Selatan", "Pulau": "Sumatera", "Provinsi": "Sumatera Selatan", "pct_lansia_2020": 8.7393, "pct_lansia_2024": 9.9733, "delta_pct_lansia": 1.234, "persen_perubahan_pct_lansia": 14.1201240373943 }, "geometry": { "type": "Polygon", "coordinates": [ [ [ 104.572735777272769, -4.427122619507145 ], [ 104.692735777272773, -4.427122619507145 ], [ 104.692735777272773, -4.307122619507146 ], [ 104.572735777272769, -4.307122619507146 ], [ 104.572735777272769, -4.427122619507145 ] ] ] } },
{ "type": "Feature", "properties": { "Kab_kota": "Ogan Komering Ulu Timur", "Pulau": "Sumatera", "Provinsi": "Sumatera Selatan", "pct_lansia_2020": 9.9062, "pct_lansia_2024": 11.3853, "delta_pct_lansia": 1.4791, "persen_perubahan_pct_lansia": 14.931053279764194 }, "geometry": { "type": "Polygon", "coordinates": [ [ [ 105.793458730528968, -4.281623922417055 ], [ 105.913458730528973, -4.281623922417055 ], [ 105.913458730528973, -4.161623922417056 ], [ 105.793458730528968, -4.161623922417056 ], [ 105.793458730528968, -4.281623922417055 ] ] ] } },
{ "type": "Feature", "properties": { "Kab_kota": "Ogan Ilir", "Pulau": "Sumatera", "Provinsi": "Sumatera Selatan", "pct_lansia_2020": 8.8633, "pct_lansia_2024": 10.4524, "delta_pct_lansia": 1.5891, "persen_perubahan_pct_lansia": 17.928988074419237 }, "geometry": { "type": "Polygon", "coordinates": [ [ [ 106.026146008651523, -3.193034217243664 ], [ 106.146146008651527, -3.193034217243664 ], [ 106.146146008651527, -3.073034217243664 ], [ 106.026146008651523, -3.073034217243664 ], [ 106.026146008651523, -3.193034217243664 ] ] ] } },
{ "type": "Feature", "properties": { "Kab_kota": "Empat Lawang", "Pulau": "Sumatera", "Provinsi": "Sumatera Selatan", "pct_lansia_2020": 9.8731, "pct_lansia_2024": 10.6148, "delta_pct_lansia": 0.7417, "persen_perubahan_pct_lansia": 7.5123314865645012 }, "geometry": { "type": "Polygon", "coordinates": [ [ [ 105.233539077122984, -2.394566256429128 ], [ 105.353539077122988, -2.394566256429128 ], [ 105.353539077122988, -2.274566256429128 ], [ 105.233539077122984, -2.274566256429128 ], [ 105.233539077122984, -2.394566256429128 ] ] ] } },
{ "type": "Feature", "properties": { "Kab_kota": "Penukal Abab Lematang Ilir", "Pulau": "Sumatera", "Provinsi": "Sumatera Selatan", "pct_lansia_2020": 7.0292, "pct_lansia_2024": 8.2173, "delta_pct_lansia": 1.1881, "persen_perubahan_pct_lansia": 16.902350196323898 }, "geometry": { "type": "Polygon", "coordinates": [ [ [ 104.036758884839131, -2.261095673411393 ], [ 104.156758884839135, -2.261095673411393 ], [ 104.156758884839135, -2.141095673411392 ], [ 104.036758884839131, -2.141095673411392 ], [ 104.036758884839131, -2.261095673411393 ] ] ] } },
{ "type": "Feature", "properties": { "Kab_kota": "Musi Rawas Utara", "Pulau": "Sumatera", "Provinsi": "Sumatera Selatan", "pct_lansia_2020": 7.7136, "pct_lansia_2024": 9.1597, "delta_pct_lansia": 1.4461, "persen_perubahan_pct_lansia": 18.747407176934264 }, "geometry": { "type": "Polygon", "coordinates": [ [ [ 103.851188826980547, -3.465574789340748 ], [ 103.971188826980551, -3.465574789340748 ], [ 103.971188826980551, -3.345574789340747 ], [ 103.851188826980547, -3.345574789340747 ], [ 103.851188826980547, -3.465574789340748 ] ] ] } },
{ "type": "Feature", "properties": { "Kab_kota": "Kota Palembang", "Pulau": "Sumatera", "Provinsi": "Sumatera Selatan", "pct_lansia_2020": 9.6421, "pct_lansia_2024": 11.3128, "delta_pct_lansia": 1.6707, "persen_perubahan_pct_lansia": 17.327138279005613 }, "geometry": { "type": "Polygon", "coordinates": [ [ [ 104.418079750201073, -4.522221813650521 ], [ 104.538079750201078, -4.522221813650521 ], [ 104.538079750201078, -4.402221813650522 ], [ 104.418079750201073, -4.402221813650522 ], [ 104.418079750201073, -4.522221813650521 ] ] ] } },
{ "type": "Feature", "properties": { "Kab_kota": "Kota Prabumulih", "Pulau": "Sumatera", "Provinsi": "Sumatera Selatan", "pct_lansia_2020": 7.2646, "pct_lansia_2024": 8.7781, "delta_pct_lansia": 1.5135, "persen_perubahan_pct_lansia": 20.833906890950647 }, "geometry": { "type": "Polygon", "coordinates": [ [ [ 105.23808146221441, -4.280035738117946 ], [ 105.358081462214415, -4.280035738117946 ], [ 105.358081462214415, -4.160035738117947 ], [ 105.23808146221441, -4.160035738117947 ], [ 105.23808146221441, -4.280035738117946 ] ] ] } },
{ "type": "Feature", "properties": { "Kab_kota": "Kota Pagar Alam", "Pulau": "Sumatera", "Provinsi": "Sumatera Selatan", "pct_lansia_2020": 9.9184, "pct_lansia_2024": 11.2534, "delta_pct_lansia": 1.335, "persen_perubahan_pct_lansia": 13.459832231004992 }, "geometry": { "type": "Polygon", "coordinates": [ [ [ 106.049606497589664, -3.510557197117644 ], [ 106.169606497589669, -3.510557197117644 ], [ 106.169606497589669, -3.390557197117644 ], [ 106.049606497589664, -3.390557197117644 ], [ 106.049606497589664, -3.510557197117644 ] ] ] } },
{ "type": "Feature", "properties": { "Kab_kota": "Kota Lubuklinggau", "Pulau": "Sumatera", "Provinsi": "Sumatera Selatan", "pct_lansia_2020": 7.6749, "pct_lansia_2024": 9.2536, "delta_pct_lansia": 1.5787, "persen_perubahan_pct_lansia": 20.569649115949399 }, "geometry": { "type": "Polygon", "coordinates": [ [ [ 105.416760549966142, -2.511955953561576 ], [ 105.536760549966147, -2.511955953561576 ], [ 105.536760549966147, -2.391955953561576 ], [ 105.416760549966142, -2.391955953561576 ], [ 105.416760549966142, -2.511955953561576 ] ] ] } },
{ "type": "Feature", "properties": { "Kab_kota": "Bengkulu Selatan", "Pulau": "Sumatera", "Provinsi": "Bengkulu", "pct_lansia_2020": 9.4593, "pct_lansia_2024": 10.9535, "delta_pct_lansia": 1.4942, "persen_perubahan_pct_lansia": 15.796094848456008 }, "geometry": { "type": "Polygon", "coordinates": [ [ [ 101.64804009035818, -2.821603344272117 ], [ 101.768040090358184, -2.821603344272117 ], [ 101.768040090358184, -2.701603344272117 ], [ 101.64804009035818, -2.701603344272117 ], [ 101.64804009035818, -2.821603344272117 ] ] ] } },
{ "type": "Feature", "properties": { "Kab_kota": "Rejang Lebong", "Pulau": "Sumatera", "Provinsi": "Bengkulu", "pct_lansia_2020": 8.6837, "pct_lansia_2024": 10.2665, "delta_pct_lansia": 1.5828, "persen_perubahan_pct_lansia": 18.227253359742974 }, "geometry": { "type": "Polygon", "coordinates": [ [ [ 101.158005805761505, -3.673506365677892 ], [ 101.278005805761509, -3.673506365677892 ], [ 101.278005805761509, -3.553506365677892 ], [ 101.158005805761505, -3.553506365677892 ], [ 101.158005805761505, -3.673506365677892 ] ] ] } },
{ "type": "Feature", "properties": { "Kab_kota": "Bengkulu Utara", "Pulau": "Sumatera", "Provinsi": "Bengkulu", "pct_lansia_2020": 8.9443, "pct_lansia_2024": 10.3381, "delta_pct_lansia": 1.3938, "persen_perubahan_pct_lansia": 15.583108795545773 }, "geometry": { "type": "Polygon", "coordinates": [ [ [ 101.149172520791296, -4.522446213968061 ], [ 101.269172520791301, -4.522446213968061 ], [ 101.269172520791301, -4.402446213968062 ], [ 101.149172520791296, -4.402446213968062 ], [ 101.149172520791296, -4.522446213968061 ] ] ] } },
{ "type": "Feature", "properties": { "Kab_kota": "Kaur", "Pulau": "Sumatera", "Provinsi": "Bengkulu", "pct_lansia_2020": 8.7119, "pct_lansia_2024": 10.1508, "delta_pct_lansia": 1.4389, "persen_perubahan_pct_lansia": 16.516488940414838 }, "geometry": { "type": "Polygon", "coordinates": [ [ [ 102.619988184072469, -5.110363868347813 ], [ 102.739988184072473, -5.110363868347813 ], [ 102.739988184072473, -4.990363868347814 ], [ 102.619988184072469, -4.990363868347814 ], [ 102.619988184072469, -5.110363868347813 ] ] ] } },
{ "type": "Feature", "properties": { "Kab_kota": "Seluma", "Pulau": "Sumatera", "Provinsi": "Bengkulu", "pct_lansia_2020": 8.6051, "pct_lansia_2024": 10.0617, "delta_pct_lansia": 1.4566, "persen_perubahan_pct_lansia": 16.927171096210387 }, "geometry": { "type": "Polygon", "coordinates": [ [ [ 103.365489329570835, -4.282682992704214 ], [ 103.485489329570839, -4.282682992704214 ], [ 103.485489329570839, -4.162682992704215 ], [ 103.365489329570835, -4.162682992704215 ], [ 103.365489329570835, -4.282682992704214 ] ] ] } },
{ "type": "Feature", "properties": { "Kab_kota": "Mukomuko", "Pulau": "Sumatera", "Provinsi": "Bengkulu", "pct_lansia_2020": 7.0883, "pct_lansia_2024": 8.3704, "delta_pct_lansia": 1.2821, "persen_perubahan_pct_lansia": 18.087552727734433 }, "geometry": { "type": "Polygon", "coordinates": [ [ [ 103.171780942008894, -3.353848415582461 ], [ 103.291780942008899, -3.353848415582461 ], [ 103.291780942008899, -3.233848415582461 ], [ 103.171780942008894, -3.233848415582461 ], [ 103.171780942008894, -3.353848415582461 ] ] ] } },
{ "type": "Feature", "properties": { "Kab_kota": "Lebong", "Pulau": "Sumatera", "Provinsi": "Bengkulu", "pct_lansia_2020": 9.5698, "pct_lansia_2024": 10.9781, "delta_pct_lansia": 1.4083, "persen_perubahan_pct_lansia": 14.716086020606479 }, "geometry": { "type": "Polygon", "coordinates": [ [ [ 102.092477879952938, -2.45889031648275 ], [ 102.212477879952942, -2.45889031648275 ], [ 102.212477879952942, -2.338890316482749 ], [ 102.092477879952938, -2.338890316482749 ], [ 102.092477879952938, -2.45889031648275 ] ] ] } },
{ "type": "Feature", "properties": { "Kab_kota": "Kepahiang", "Pulau": "Sumatera", "Provinsi": "Bengkulu", "pct_lansia_2020": 8.3433, "pct_lansia_2024": 9.9352, "delta_pct_lansia": 1.5919, "persen_perubahan_pct_lansia": 19.079980343509174 }, "geometry": { "type": "Polygon", "coordinates": [ [ [ 101.145442995365002, -3.415528951868783 ], [ 101.265442995365007, -3.415528951868783 ], [ 101.265442995365007, -3.295528951868783 ], [ 101.145442995365002, -3.295528951868783 ], [ 101.145442995365002, -3.415528951868783 ] ] ] } },
{ "type": "Feature", "properties": { "Kab_kota": "Bengkulu Tengah", "Pulau": "Sumatera", "Provinsi": "Bengkulu", "pct_lansia_2020": 7.8565, "pct_lansia_2024": 9.0737, "delta_pct_lansia": 1.2172, "persen_perubahan_pct_lansia": 15.492903964869868 }, "geometry": { "type": "Polygon", "coordinates": [ [ [ 101.071969557395775, -4.219482402430605 ], [ 101.19196955739578, -4.219482402430605 ], [ 101.19196955739578, -4.099482402430606 ], [ 101.071969557395775, -4.099482402430606 ], [ 101.071969557395775, -4.219482402430605 ] ] ] } },
{ "type": "Feature", "properties": { "Kab_kota": "Kota Bengkulu", "Pulau": "Sumatera", "Provinsi": "Bengkulu", "pct_lansia_2020": 7.1854, "pct_lansia_2024": 8.9673, "delta_pct_lansia": 1.7819, "persen_perubahan_pct_lansia": 24.798897764912191 }, "geometry": { "type": "Polygon", "coordinates": [ [ [ 102.209007086968029, -4.92805529098101 ], [ 102.329007086968033, -4.92805529098101 ], [ 102.329007086968033, -4.80805529098101 ], [ 102.209007086968029, -4.80805529098101 ], [ 102.209007086968029, -4.92805529098101 ] ] ] } },
{ "type": "Feature", "properties": { "Kab_kota": "Lampung Barat", "Pulau": "Sumatera", "Provinsi": "Lampung", "pct_lansia_2020": 8.3925, "pct_lansia_2024": 9.7597, "delta_pct_lansia": 1.3672, "persen_perubahan_pct_lansia": 16.290735775990473 }, "geometry": { "type": "Polygon", "coordinates": [ [ [ 106.269404495293571, -5.474449232330813 ], [ 106.389404495293576, -5.474449232330813 ], [ 106.389404495293576, -5.354449232330814 ], [ 106.269404495293571, -5.354449232330814 ], [ 106.269404495293571, -5.474449232330813 ] ] ] } },
{ "type": "Feature", "properties": { "Kab_kota": "Tanggamus", "Pulau": "Sumatera", "Provinsi": "Lampung", "pct_lansia_2020": 9.7983, "pct_lansia_2024": 11.0445, "delta_pct_lansia": 1.2462, "persen_perubahan_pct_lansia": 12.718532806711369 }, "geometry": { "type": "Polygon", "coordinates": [ [ [ 106.44378888114835, -4.13627049912974 ], [ 106.563788881148355, -4.13627049912974 ], [ 106.563788881148355, -4.016270499129741 ], [ 106.44378888114835, -4.016270499129741 ], [ 106.44378888114835, -4.13627049912974 ] ] ] } },
{ "type": "Feature", "properties": { "Kab_kota": "Lampung Selatan", "Pulau": "Sumatera", "Provinsi": "Lampung", "pct_lansia_2020": 8.7266, "pct_lansia_2024": 10.0993, "delta_pct_lansia": 1.3727, "persen_perubahan_pct_lansia": 15.730066692640893 }, "geometry": { "type": "Polygon", "coordinates": [ [ [ 105.812628645158156, -3.574941137160942 ], [ 105.932628645158161, -3.574941137160942 ], [ 105.932628645158161, -3.454941137160942 ], [ 105.812628645158156, -3.454941137160942 ], [ 105.812628645158156, -3.574941137160942 ] ] ] } },
{ "type": "Feature", "properties": { "Kab_kota": "Lampung Timur", "Pulau": "Sumatera", "Provinsi": "Lampung", "pct_lansia_2020": 10.9493, "pct_lansia_2024": 12.1775, "delta_pct_lansia": 1.2282, "persen_perubahan_pct_lansia": 11.217155434594003 }, "geometry": { "type": "Polygon", "coordinates": [ [ [ 104.661508954304963, -3.692954600807405 ], [ 104.781508954304968, -3.692954600807405 ], [ 104.781508954304968, -3.572954600807405 ], [ 104.661508954304963, -3.572954600807405 ], [ 104.661508954304963, -3.692954600807405 ] ] ] } },
{ "type": "Feature", "properties": { "Kab_kota": "Lampung Tengah", "Pulau": "Sumatera", "Provinsi": "Lampung", "pct_lansia_2020": 10.053, "pct_lansia_2024": 11.5543, "delta_pct_lansia": 1.5013, "persen_perubahan_pct_lansia": 14.933850591863113 }, "geometry": { "type": "Polygon", "coordinates": [ [ [ 104.076235698737193, -5.040571127326305 ], [ 104.196235698737198, -5.040571127326305 ], [ 104.196235698737198, -4.920571127326306 ], [ 104.076235698737193, -4.920571127326306 ], [ 104.076235698737193, -5.040571127326305 ] ] ] } },
{ "type": "Feature", "properties": { "Kab_kota": "Lampung Utara", "Pulau": "Sumatera", "Provinsi": "Lampung", "pct_lansia_2020": 9.2719, "pct_lansia_2024": 11.1886, "delta_pct_lansia": 1.9167, "persen_perubahan_pct_lansia": 20.672138396660863 }, "geometry": { "type": "Polygon", "coordinates": [ [ [ 104.733029857506395, -5.733798700093416 ], [ 104.853029857506399, -5.733798700093416 ], [ 104.853029857506399, -5.613798700093417 ], [ 104.733029857506395, -5.613798700093417 ], [ 104.733029857506395, -5.733798700093416 ] ] ] } },
{ "type": "Feature", "properties": { "Kab_kota": "Way Kanan", "Pulau": "Sumatera", "Provinsi": "Lampung", "pct_lansia_2020": 8.9918, "pct_lansia_2024": 10.3336, "delta_pct_lansia": 1.3418, "persen_perubahan_pct_lansia": 14.922484930714663 }, "geometry": { "type": "Polygon", "coordinates": [ [ [ 105.942435539010361, -5.395210760126124 ], [ 106.062435539010366, -5.395210760126124 ], [ 106.062435539010366, -5.275210760126125 ], [ 105.942435539010361, -5.275210760126125 ], [ 105.942435539010361, -5.395210760126124 ] ] ] } },
{ "type": "Feature", "properties": { "Kab_kota": "Tulangbawang", "Pulau": "Sumatera", "Provinsi": "Lampung", "pct_lansia_2020": 7.904, "pct_lansia_2024": 9.2296, "delta_pct_lansia": 1.3256, "persen_perubahan_pct_lansia": 16.771255060728741 }, "geometry": { "type": "Polygon", "coordinates": [ [ [ 106.430712852891332, -4.605082822486551 ], [ 106.550712852891337, -4.605082822486551 ], [ 106.550712852891337, -4.485082822486552 ], [ 106.430712852891332, -4.485082822486552 ], [ 106.430712852891332, -4.605082822486551 ] ] ] } },
{ "type": "Feature", "properties": { "Kab_kota": "Pesawaran", "Pulau": "Sumatera", "Provinsi": "Lampung", "pct_lansia_2020": 9.9064, "pct_lansia_2024": 11.059, "delta_pct_lansia": 1.1526, "persen_perubahan_pct_lansia": 11.634902689170634 }, "geometry": { "type": "Polygon", "coordinates": [ [ [ 105.833638578725811, -3.733562746100737 ], [ 105.953638578725815, -3.733562746100737 ], [ 105.953638578725815, -3.613562746100737 ], [ 105.833638578725811, -3.613562746100737 ], [ 105.833638578725811, -3.733562746100737 ] ] ] } },
{ "type": "Feature", "properties": { "Kab_kota": "Pringsewu", "Pulau": "Sumatera", "Provinsi": "Lampung", "pct_lansia_2020": 10.1461, "pct_lansia_2024": 11.7048, "delta_pct_lansia": 1.5587, "persen_perubahan_pct_lansia": 15.362553099220388 }, "geometry": { "type": "Polygon", "coordinates": [ [ [ 104.84398226453753, -3.635146166046781 ], [ 104.963982264537535, -3.635146166046781 ], [ 104.963982264537535, -3.51514616604678 ], [ 104.84398226453753, -3.51514616604678 ], [ 104.84398226453753, -3.635146166046781 ] ] ] } },
{ "type": "Feature", "properties": { "Kab_kota": "Mesuji", "Pulau": "Sumatera", "Provinsi": "Lampung", "pct_lansia_2020": 8.2235, "pct_lansia_2024": 9.3088, "delta_pct_lansia": 1.0853, "persen_perubahan_pct_lansia": 13.1975436249772 }, "geometry": { "type": "Polygon", "coordinates": [ [ [ 104.096405302221214, -4.599963664094036 ], [ 104.216405302221219, -4.599963664094036 ], [ 104.216405302221219, -4.479963664094036 ], [ 104.096405302221214, -4.479963664094036 ], [ 104.096405302221214, -4.599963664094036 ] ] ] } },
{ "type": "Feature", "properties": { "Kab_kota": "Tulang Bawang Barat", "Pulau": "Sumatera", "Provinsi": "Lampung", "pct_lansia_2020": 9.9957, "pct_lansia_2024": 11.492, "delta_pct_lansia": 1.4963, "persen_perubahan_pct_lansia": 14.969436857848892 }, "geometry": { "type": "Polygon", "coordinates": [ [ [ 104.558029762975636, -5.764642710578054 ], [ 104.67802976297564, -5.764642710578054 ], [ 104.67802976297564, -5.644642710578055 ], [ 104.558029762975636, -5.644642710578055 ], [ 104.558029762975636, -5.764642710578054 ] ] ] } },
{ "type": "Feature", "properties": { "Kab_kota": "Pesisir Barat", "Pulau": "Sumatera", "Provinsi": "Lampung", "pct_lansia_2020": 8.5791, "pct_lansia_2024": 9.8325, "delta_pct_lansia": 1.2534, "persen_perubahan_pct_lansia": 14.609924117914455 }, "geometry": { "type": "Polygon", "coordinates": [ [ [ 105.612604793977127, -5.735962952790584 ], [ 105.732604793977131, -5.735962952790584 ], [ 105.732604793977131, -5.615962952790585 ], [ 105.612604793977127, -5.615962952790585 ], [ 105.612604793977127, -5.735962952790584 ] ] ] } },
{ "type": "Feature", "properties": { "Kab_kota": "Kota Bandar Lampung", "Pulau": "Sumatera", "Provinsi": "Lampung", "pct_lansia_2020": 9.7934, "pct_lansia_2024": 11.0704, "delta_pct_lansia": 1.277, "persen_perubahan_pct_lansia": 13.039393877509337 }, "geometry": { "type": "Polygon", "coordinates": [ [ [ 106.432439659110301, -4.853189468056883 ], [ 106.552439659110306, -4.853189468056883 ], [ 106.552439659110306, -4.733189468056884 ], [ 106.432439659110301, -4.733189468056884 ], [ 106.432439659110301, -4.853189468056883 ] ] ] } },
{ "type": "Feature", "properties": { "Kab_kota": "Kota Metro", "Pulau": "Sumatera", "Provinsi": "Lampung", "pct_lansia_2020": 9.951, "pct_lansia_2024": 11.5405, "delta_pct_lansia": 1.5895, "persen_perubahan_pct_lansia": 15.973269018189118 }, "geometry": { "type": "Polygon", "coordinates": [ [ [ 106.018835563792905, -3.73038364460962 ], [ 106.13883556379291, -3.73038364460962 ], [ 106.13883556379291, -3.61038364460962 ], [ 106.018835563792905, -3.61038364460962 ], [ 106.018835563792905, -3.73038364460962 ] ] ] } },
{ "type": "Feature", "properties": { "Kab_kota": "Bangka", "Pulau": "Sumatera", "Provinsi": "Kep. Bangka Belitung", "pct_lansia_2020": 8.8774, "pct_lansia_2024": 10.2909, "delta_pct_lansia": 1.4135, "persen_perubahan_pct_lansia": 15.922454772793845 }, "geometry": { "type": "Polygon", "coordinates": [ [ [ 105.949671163364229, -1.469675024484516 ], [ 106.069671163364234, -1.469675024484516 ], [ 106.069671163364234, -1.349675024484516 ], [ 105.949671163364229, -1.349675024484516 ], [ 105.949671163364229, -1.469675024484516 ] ] ] } },
{ "type": "Feature", "properties": { "Kab_kota": "Belitung", "Pulau": "Sumatera", "Provinsi": "Kep. Bangka Belitung", "pct_lansia_2020": 9.5085, "pct_lansia_2024": 11.5937, "delta_pct_lansia": 2.0852, "persen_perubahan_pct_lansia": 21.929852237471739 }, "geometry": { "type": "Polygon", "coordinates": [ [ [ 105.373398150536019, -2.514411149137705 ], [ 105.493398150536024, -2.514411149137705 ], [ 105.493398150536024, -2.394411149137705 ], [ 105.373398150536019, -2.394411149137705 ], [ 105.373398150536019, -2.514411149137705 ] ] ] } },
{ "type": "Feature", "properties": { "Kab_kota": "Bangka Barat", "Pulau": "Sumatera", "Provinsi": "Kep. Bangka Belitung", "pct_lansia_2020": 7.8304, "pct_lansia_2024": 9.0873, "delta_pct_lansia": 1.2569, "persen_perubahan_pct_lansia": 16.051542705353505 }, "geometry": { "type": "Polygon", "coordinates": [ [ [ 105.494187589093897, -3.68799591572002 ], [ 105.614187589093902, -3.68799591572002 ], [ 105.614187589093902, -3.56799591572002 ], [ 105.494187589093897, -3.56799591572002 ], [ 105.494187589093897, -3.68799591572002 ] ] ] } },
{ "type": "Feature", "properties": { "Kab_kota": "Bangka Tengah", "Pulau": "Sumatera", "Provinsi": "Kep. Bangka Belitung", "pct_lansia_2020": 6.8813, "pct_lansia_2024": 8.3404, "delta_pct_lansia": 1.4591, "persen_perubahan_pct_lansia": 21.20384229724035 }, "geometry": { "type": "Polygon", "coordinates": [ [ [ 106.59827620367588, -3.81059597684465 ], [ 106.718276203675885, -3.81059597684465 ], [ 106.718276203675885, -3.69059597684465 ], [ 106.59827620367588, -3.69059597684465 ], [ 106.59827620367588, -3.81059597684465 ] ] ] } },
{ "type": "Feature", "properties": { "Kab_kota": "Bangka Selatan", "Pulau": "Sumatera", "Provinsi": "Kep. Bangka Belitung", "pct_lansia_2020": 6.6159, "pct_lansia_2024": 8.2876, "delta_pct_lansia": 1.6717, "persen_perubahan_pct_lansia": 25.267915174050387 }, "geometry": { "type": "Polygon", "coordinates": [ [ [ 107.609380778447473, -3.306161252149884 ], [ 107.729380778447478, -3.306161252149884 ], [ 107.729380778447478, -3.186161252149884 ], [ 107.609380778447473, -3.186161252149884 ], [ 107.609380778447473, -3.306161252149884 ] ] ] } },
{ "type": "Feature", "properties": { "Kab_kota": "Belitung Timur", "Pulau": "Sumatera", "Provinsi": "Kep. Bangka Belitung", "pct_lansia_2020": 9.8466, "pct_lansia_2024": 11.2809, "delta_pct_lansia": 1.4343, "persen_perubahan_pct_lansia": 14.566449332764611 }, "geometry": { "type": "Polygon", "coordinates": [ [ [ 107.590387614178937, -2.267780470391207 ], [ 107.710387614178941, -2.267780470391207 ], [ 107.710387614178941, -2.147780470391207 ], [ 107.590387614178937, -2.147780470391207 ], [ 107.590387614178937, -2.267780470391207 ] ] ] } },
{ "type": "Feature", "properties": { "Kab_kota": "Kota Pangkal Pinang", "Pulau": "Sumatera", "Provinsi": "Kep. Bangka Belitung", "pct_lansia_2020": 9.1211, "pct_lansia_2024": 10.3901, "delta_pct_lansia": 1.269, "persen_perubahan_pct_lansia": 13.912795605793162 }, "geometry": { "type": "Polygon", "coordinates": [ [ [ 106.653256785251756, -1.662853925064426 ], [ 106.77325678525176, -1.662853925064426 ], [ 106.77325678525176, -1.542853925064426 ], [ 106.653256785251756, -1.542853925064426 ], [ 106.653256785251756, -1.662853925064426 ] ] ] } },
{ "type": "Feature", "properties": { "Kab_kota": "Karimun", "Pulau": "Sumatera", "Provinsi": "Kep. Riau", "pct_lansia_2020": 9.9855, "pct_lansia_2024": 11.1626, "delta_pct_lansia": 1.1771, "persen_perubahan_pct_lansia": 11.788092734464968 }, "geometry": { "type": "Polygon", "coordinates": [ [ [ 107.307047902971533, 4.475963888756794 ], [ 107.427047902971537, 4.475963888756794 ], [ 107.427047902971537, 4.595963888756793 ], [ 107.307047902971533, 4.595963888756793 ], [ 107.307047902971533, 4.475963888756794 ] ] ] } },
{ "type": "Feature", "properties": { "Kab_kota": "Bintan", "Pulau": "Sumatera", "Provinsi": "Kep. Riau", "pct_lansia_2020": 7.8211, "pct_lansia_2024": 8.988, "delta_pct_lansia": 1.1669, "persen_perubahan_pct_lansia": 14.919896178286931 }, "geometry": { "type": "Polygon", "coordinates": [ [ [ 107.091990364443603, 3.612686405724153 ], [ 107.211990364443608, 3.612686405724153 ], [ 107.211990364443608, 3.732686405724154 ], [ 107.091990364443603, 3.732686405724154 ], [ 107.091990364443603, 3.612686405724153 ] ] ] } },
{ "type": "Feature", "properties": { "Kab_kota": "Natuna", "Pulau": "Sumatera", "Provinsi": "Kep. Riau", "pct_lansia_2020": 8.4864, "pct_lansia_2024": 9.3388, "delta_pct_lansia": 0.8524, "persen_perubahan_pct_lansia": 10.044306184012081 }, "geometry": { "type": "Polygon", "coordinates": [ [ [ 107.852905619173981, 2.565590826256184 ], [ 107.972905619173986, 2.565590826256184 ], [ 107.972905619173986, 2.685590826256184 ], [ 107.852905619173981, 2.685590826256184 ], [ 107.852905619173981, 2.565590826256184 ] ] ] } },
{ "type": "Feature", "properties": { "Kab_kota": "Lingga", "Pulau": "Sumatera", "Provinsi": "Kep. Riau", "pct_lansia_2020": 11.8216, "pct_lansia_2024": 12.5218, "delta_pct_lansia": 0.7002, "persen_perubahan_pct_lansia": 5.9230561006970346 }, "geometry": { "type": "Polygon", "coordinates": [ [ [ 109.010374714194285, 2.834305276795375 ], [ 109.130374714194289, 2.834305276795375 ], [ 109.130374714194289, 2.954305276795375 ], [ 109.010374714194285, 2.954305276795375 ], [ 109.010374714194285, 2.834305276795375 ] ] ] } },
{ "type": "Feature", "properties": { "Kab_kota": "Kepulauan Anambas", "Pulau": "Sumatera", "Provinsi": "Kep. Riau", "pct_lansia_2020": 8.4026, "pct_lansia_2024": 9.3448, "delta_pct_lansia": 0.9422, "persen_perubahan_pct_lansia": 11.213195915549946 }, "geometry": { "type": "Polygon", "coordinates": [ [ [ 109.091954426629798, 3.931274863349146 ], [ 109.211954426629802, 3.931274863349146 ], [ 109.211954426629802, 4.051274863349146 ], [ 109.091954426629798, 4.051274863349146 ], [ 109.091954426629798, 3.931274863349146 ] ] ] } },
{ "type": "Feature", "properties": { "Kab_kota": "Kota Batam", "Pulau": "Sumatera", "Provinsi": "Kep. Riau", "pct_lansia_2020": 3.6666, "pct_lansia_2024": 5.5517, "delta_pct_lansia": 1.8851, "persen_perubahan_pct_lansia": 51.412752959144726 }, "geometry": { "type": "Polygon", "coordinates": [ [ [ 108.663702957818614, 4.895783992678645 ], [ 108.783702957818619, 4.895783992678645 ], [ 108.783702957818619, 5.015783992678644 ], [ 108.663702957818614, 5.015783992678644 ], [ 108.663702957818614, 4.895783992678645 ] ] ] } },
{ "type": "Feature", "properties": { "Kab_kota": "Kota Tanjung Pinang", "Pulau": "Sumatera", "Provinsi": "Kep. Riau", "pct_lansia_2020": 9.2553, "pct_lansia_2024": 10.7071, "delta_pct_lansia": 1.4518, "persen_perubahan_pct_lansia": 15.686147396626801 }, "geometry": { "type": "Polygon", "coordinates": [ [ [ 107.389140353111813, 4.798711224125629 ], [ 107.509140353111817, 4.798711224125629 ], [ 107.509140353111817, 4.918711224125628 ], [ 107.389140353111813, 4.918711224125628 ], [ 107.389140353111813, 4.798711224125629 ] ] ] } },
{ "type": "Feature", "properties": { "Kab_kota": "Kep. Seribu", "Pulau": "Jawa", "Provinsi": "DKI Jakarta", "pct_lansia_2020": 6.4759, "pct_lansia_2024": 8.1502, "delta_pct_lansia": 1.6743, "persen_perubahan_pct_lansia": 25.854321407063107 }, "geometry": { "type": "Polygon", "coordinates": [ [ [ 105.478088030340189, -6.315863119179678 ], [ 105.598088030340193, -6.315863119179678 ], [ 105.598088030340193, -6.195863119179679 ], [ 105.478088030340189, -6.195863119179679 ], [ 105.478088030340189, -6.315863119179678 ] ] ] } },
{ "type": "Feature", "properties": { "Kab_kota": "Kota Jakarta Selatan", "Pulau": "Jawa", "Provinsi": "DKI Jakarta", "pct_lansia_2020": 9.2707, "pct_lansia_2024": 11.7757, "delta_pct_lansia": 2.505, "persen_perubahan_pct_lansia": 27.020613330169251 }, "geometry": { "type": "Polygon", "coordinates": [ [ [ 106.265387098247842, -7.287915672135793 ], [ 106.385387098247847, -7.287915672135793 ], [ 106.385387098247847, -7.167915672135794 ], [ 106.265387098247842, -7.167915672135794 ], [ 106.265387098247842, -7.287915672135793 ] ] ] } },
{ "type": "Feature", "properties": { "Kab_kota": "Kota Jakarta Timur", "Pulau": "Jawa", "Provinsi": "DKI Jakarta", "pct_lansia_2020": 8.7124, "pct_lansia_2024": 11.0108, "delta_pct_lansia": 2.2984, "persen_perubahan_pct_lansia": 26.380790597309574 }, "geometry": { "type": "Polygon", "coordinates": [ [ [ 107.319033495865625, -7.407643385250806 ], [ 107.43903349586563, -7.407643385250806 ], [ 107.43903349586563, -7.287643385250806 ], [ 107.319033495865625, -7.287643385250806 ], [ 107.319033495865625, -7.407643385250806 ] ] ] } },
{ "type": "Feature", "properties": { "Kab_kota": "Kota Jakarta Pusat", "Pulau": "Jawa", "Provinsi": "DKI Jakarta", "pct_lansia_2020": 10.5754, "pct_lansia_2024": 13.3122, "delta_pct_lansia": 2.7368, "persen_perubahan_pct_lansia": 25.878926565425424 }, "geometry": { "type": "Polygon", "coordinates": [ [ [ 108.154737456650892, -6.383022681631214 ], [ 108.274737456650897, -6.383022681631214 ], [ 108.274737456650897, -6.263022681631215 ], [ 108.154737456650892, -6.263022681631215 ], [ 108.154737456650892, -6.383022681631214 ] ] ] } },
{ "type": "Feature", "properties": { "Kab_kota": "Kota Jakarta Barat", "Pulau": "Jawa", "Provinsi": "DKI Jakarta", "pct_lansia_2020": 8.8984, "pct_lansia_2024": 11.0537, "delta_pct_lansia": 2.1553, "persen_perubahan_pct_lansia": 24.221208307111375 }, "geometry": { "type": "Polygon", "coordinates": [ [ [ 107.691534398631646, -5.278813585175252 ], [ 107.81153439863165, -5.278813585175252 ], [ 107.81153439863165, -5.158813585175253 ], [ 107.691534398631646, -5.158813585175253 ], [ 107.691534398631646, -5.278813585175252 ] ] ] } },
{ "type": "Feature", "properties": { "Kab_kota": "Kota Jakarta Utara", "Pulau": "Jawa", "Provinsi": "DKI Jakarta", "pct_lansia_2020": 8.5965, "pct_lansia_2024": 10.5935, "delta_pct_lansia": 1.997, "persen_perubahan_pct_lansia": 23.230384458791363 }, "geometry": { "type": "Polygon", "coordinates": [ [ [ 106.374830833400566, -5.118962420438163 ], [ 106.49483083340057, -5.118962420438163 ], [ 106.49483083340057, -4.998962420438164 ], [ 106.374830833400566, -4.998962420438164 ], [ 106.374830833400566, -5.118962420438163 ] ] ] } },
{ "type": "Feature", "properties": { "Kab_kota": "Bogor", "Pulau": "Jawa", "Provinsi": "Jawa Barat", "pct_lansia_2020": 6.9612, "pct_lansia_2024": 8.6618, "delta_pct_lansia": 1.7006, "persen_perubahan_pct_lansia": 24.42969602942021 }, "geometry": { "type": "Polygon", "coordinates": [ [ [ 106.380700442195703, -6.912776805558695 ], [ 106.500700442195708, -6.912776805558695 ], [ 106.500700442195708, -6.792776805558696 ], [ 106.380700442195703, -6.792776805558696 ], [ 106.380700442195703, -6.912776805558695 ] ] ] } },
{ "type": "Feature", "properties": { "Kab_kota": "Sukabumi", "Pulau": "Jawa", "Provinsi": "Jawa Barat", "pct_lansia_2020": 9.8327, "pct_lansia_2024": 11.5749, "delta_pct_lansia": 1.7422, "persen_perubahan_pct_lansia": 17.718429322566521 }, "geometry": { "type": "Polygon", "coordinates": [ [ [ 106.584316568847825, -7.649407343267785 ], [ 106.70431656884783, -7.649407343267785 ], [ 106.70431656884783, -7.529407343267786 ], [ 106.584316568847825, -7.529407343267786 ], [ 106.584316568847825, -7.649407343267785 ] ] ] } },
{ "type": "Feature", "properties": { "Kab_kota": "Cianjur", "Pulau": "Jawa", "Provinsi": "Jawa Barat", "pct_lansia_2020": 9.3689, "pct_lansia_2024": 11.0837, "delta_pct_lansia": 1.7148, "persen_perubahan_pct_lansia": 18.303109223067811 }, "geometry": { "type": "Polygon", "coordinates": [ [ [ 107.769590232594922, -8.330803967196257 ], [ 107.889590232594927, -8.330803967196257 ], [ 107.889590232594927, -8.210803967196256 ], [ 107.769590232594922, -8.210803967196256 ], [ 107.769590232594922, -8.330803967196257 ] ] ] } },
{ "type": "Feature", "properties": { "Kab_kota": "Bandung", "Pulau": "Jawa", "Provinsi": "Jawa Barat", "pct_lansia_2020": 8.1193, "pct_lansia_2024": 9.8879, "delta_pct_lansia": 1.7686, "persen_perubahan_pct_lansia": 21.782665993373801 }, "geometry": { "type": "Polygon", "coordinates": [ [ [ 108.823841709028201, -7.454433618776277 ], [ 108.943841709028206, -7.454433618776277 ], [ 108.943841709028206, -7.334433618776278 ], [ 108.823841709028201, -7.334433618776278 ], [ 108.823841709028201, -7.454433618776277 ] ] ] } },
{ "type": "Feature", "properties": { "Kab_kota": "Garut", "Pulau": "Jawa", "Provinsi": "Jawa Barat", "pct_lansia_2020": 8.3094, "pct_lansia_2024": 9.7745, "delta_pct_lansia": 1.4651, "persen_perubahan_pct_lansia": 17.631838640575729 }, "geometry": { "type": "Polygon", "coordinates": [ [ [ 108.691690243556778, -6.452936220148166 ], [ 108.811690243556782, -6.452936220148166 ], [ 108.811690243556782, -6.332936220148166 ], [ 108.691690243556778, -6.332936220148166 ], [ 108.691690243556778, -6.452936220148166 ] ] ] } },
{ "type": "Feature", "properties": { "Kab_kota": "Tasikmalaya", "Pulau": "Jawa", "Provinsi": "Jawa Barat", "pct_lansia_2020": 12.1539, "pct_lansia_2024": 14.0361, "delta_pct_lansia": 1.8822, "persen_perubahan_pct_lansia": 15.486387085626829 }, "geometry": { "type": "Polygon", "coordinates": [ [ [ 107.64118607402294, -5.707782065062148 ], [ 107.761186074022945, -5.707782065062148 ], [ 107.761186074022945, -5.587782065062149 ], [ 107.64118607402294, -5.587782065062149 ], [ 107.64118607402294, -5.707782065062148 ] ] ] } },
{ "type": "Feature", "properties": { "Kab_kota": "Ciamis", "Pulau": "Jawa", "Provinsi": "Jawa Barat", "pct_lansia_2020": 15.5829, "pct_lansia_2024": 17.2806, "delta_pct_lansia": 1.6977, "persen_perubahan_pct_lansia": 10.894634503205431 }, "geometry": { "type": "Polygon", "coordinates": [ [ [ 106.633329974122006, -6.354538495197837 ], [ 106.753329974122011, -6.354538495197837 ], [ 106.753329974122011, -6.234538495197838 ], [ 106.633329974122006, -6.234538495197838 ], [ 106.633329974122006, -6.354538495197837 ] ] ] } },
{ "type": "Feature", "properties": { "Kab_kota": "Kuningan", "Pulau": "Jawa", "Provinsi": "Jawa Barat", "pct_lansia_2020": 12.1842, "pct_lansia_2024": 13.642, "delta_pct_lansia": 1.4578, "persen_perubahan_pct_lansia": 11.964675563434604 }, "geometry": { "type": "Polygon", "coordinates": [ [ [ 106.443300180216838, -7.613942674830565 ], [ 106.563300180216842, -7.613942674830565 ], [ 106.563300180216842, -7.493942674830565 ], [ 106.443300180216838, -7.493942674830565 ], [ 106.443300180216838, -7.613942674830565 ] ] ] } },
{ "type": "Feature", "properties": { "Kab_kota": "Cirebon", "Pulau": "Jawa", "Provinsi": "Jawa Barat", "pct_lansia_2020": 8.4347, "pct_lansia_2024": 10.0196, "delta_pct_lansia": 1.5849, "persen_perubahan_pct_lansia": 18.790235574472135 }, "geometry": { "type": "Polygon", "coordinates": [ [ [ 107.570855523551089, -8.218158254397581 ], [ 107.690855523551093, -8.218158254397581 ], [ 107.690855523551093, -8.09815825439758 ], [ 107.570855523551089, -8.09815825439758 ], [ 107.570855523551089, -8.218158254397581 ] ] ] } },
{ "type": "Feature", "properties": { "Kab_kota": "Majalengka", "Pulau": "Jawa", "Provinsi": "Jawa Barat", "pct_lansia_2020": 12.1299, "pct_lansia_2024": 13.674, "delta_pct_lansia": 1.5441, "persen_perubahan_pct_lansia": 12.729700986817702 }, "geometry": { "type": "Polygon", "coordinates": [ [ [ 108.414183345991972, -7.752183371441666 ], [ 108.534183345991977, -7.752183371441666 ], [ 108.534183345991977, -7.632183371441667 ], [ 108.414183345991972, -7.632183371441667 ], [ 108.414183345991972, -7.752183371441666 ] ] ] } },
{ "type": "Feature", "properties": { "Kab_kota": "Sumedang", "Pulau": "Jawa", "Provinsi": "Jawa Barat", "pct_lansia_2020": 13.5053, "pct_lansia_2024": 15.2571, "delta_pct_lansia": 1.7518, "persen_perubahan_pct_lansia": 12.971203897729037 }, "geometry": { "type": "Polygon", "coordinates": [ [ [ 108.847898136008538, -6.386453310687326 ], [ 108.967898136008543, -6.386453310687326 ], [ 108.967898136008543, -6.266453310687327 ], [ 108.847898136008538, -6.266453310687327 ], [ 108.847898136008538, -6.386453310687326 ] ] ] } },
{ "type": "Feature", "properties": { "Kab_kota": "Indramayu", "Pulau": "Jawa", "Provinsi": "Jawa Barat", "pct_lansia_2020": 9.4637, "pct_lansia_2024": 11.3066, "delta_pct_lansia": 1.8429, "persen_perubahan_pct_lansia": 19.473356086942744 }, "geometry": { "type": "Polygon", "coordinates": [ [ [ 107.871081550617788, -5.866072032032925 ], [ 107.991081550617793, -5.866072032032925 ], [ 107.991081550617793, -5.746072032032925 ], [ 107.871081550617788, -5.746072032032925 ], [ 107.871081550617788, -5.866072032032925 ] ] ] } },
{ "type": "Feature", "properties": { "Kab_kota": "Subang", "Pulau": "Jawa", "Provinsi": "Jawa Barat", "pct_lansia_2020": 11.5315, "pct_lansia_2024": 13.8787, "delta_pct_lansia": 2.3472, "persen_perubahan_pct_lansia": 20.354680657329929 }, "geometry": { "type": "Polygon", "coordinates": [ [ [ 106.59488484346187, -6.217572147119983 ], [ 106.714884843461874, -6.217572147119983 ], [ 106.714884843461874, -6.097572147119983 ], [ 106.59488484346187, -6.097572147119983 ], [ 106.59488484346187, -6.217572147119983 ] ] ] } },
{ "type": "Feature", "properties": { "Kab_kota": "Purwakarta", "Pulau": "Jawa", "Provinsi": "Jawa Barat", "pct_lansia_2020": 8.6883, "pct_lansia_2024": 10.1119, "delta_pct_lansia": 1.4236, "persen_perubahan_pct_lansia": 16.385253732030435 }, "geometry": { "type": "Polygon", "coordinates": [ [ [ 106.316907628563172, -7.29593682789746 ], [ 106.436907628563176, -7.29593682789746 ], [ 106.436907628563176, -7.175936827897461 ], [ 106.316907628563172, -7.175936827897461 ], [ 106.316907628563172, -7.29593682789746 ] ] ] } },
{ "type": "Feature", "properties": { "Kab_kota": "Karawang", "Pulau": "Jawa", "Provinsi": "Jawa Barat", "pct_lansia_2020": 8.3432, "pct_lansia_2024": 10.0667, "delta_pct_lansia": 1.7235, "persen_perubahan_pct_lansia": 20.657541470898476 }, "geometry": { "type": "Polygon", "coordinates": [ [ [ 107.267098590038543, -7.948343928622808 ], [ 107.387098590038548, -7.948343928622808 ], [ 107.387098590038548, -7.828343928622809 ], [ 107.267098590038543, -7.828343928622809 ], [ 107.267098590038543, -7.948343928622808 ] ] ] } },
{ "type": "Feature", "properties": { "Kab_kota": "Bekasi", "Pulau": "Jawa", "Provinsi": "Jawa Barat", "pct_lansia_2020": 5.8705, "pct_lansia_2024": 7.5153, "delta_pct_lansia": 1.6448, "persen_perubahan_pct_lansia": 28.018056383612983 }, "geometry": { "type": "Polygon", "coordinates": [ [ [ 108.461019152920485, -7.85501222279001 ], [ 108.58101915292049, -7.85501222279001 ], [ 108.58101915292049, -7.735012222790011 ], [ 108.461019152920485, -7.735012222790011 ], [ 108.461019152920485, -7.85501222279001 ] ] ] } },
{ "type": "Feature", "properties": { "Kab_kota": "Bandung Barat", "Pulau": "Jawa", "Provinsi": "Jawa Barat", "pct_lansia_2020": 9.2793, "pct_lansia_2024": 10.8178, "delta_pct_lansia": 1.5385, "persen_perubahan_pct_lansia": 16.579914433200791 }, "geometry": { "type": "Polygon", "coordinates": [ [ [ 108.654105919814853, -6.923579975460362 ], [ 108.774105919814858, -6.923579975460362 ], [ 108.774105919814858, -6.803579975460363 ], [ 108.654105919814853, -6.803579975460363 ], [ 108.654105919814853, -6.923579975460362 ] ] ] } },
{ "type": "Feature", "properties": { "Kab_kota": "Pangandaran", "Pulau": "Jawa", "Provinsi": "Jawa Barat", "pct_lansia_2020": 14.868, "pct_lansia_2024": 16.9372, "delta_pct_lansia": 2.0692, "persen_perubahan_pct_lansia": 13.917137476459512 }, "geometry": { "type": "Polygon", "coordinates": [ [ [ 108.054816117044865, -6.077432879790866 ], [ 108.17481611704487, -6.077432879790866 ], [ 108.17481611704487, -5.957432879790867 ], [ 108.054816117044865, -5.957432879790867 ], [ 108.054816117044865, -6.077432879790866 ] ] ] } },
{ "type": "Feature", "properties": { "Kab_kota": "Kota Bogor", "Pulau": "Jawa", "Provinsi": "Jawa Barat", "pct_lansia_2020": 9.2593, "pct_lansia_2024": 11.136, "delta_pct_lansia": 1.8767, "persen_perubahan_pct_lansia": 20.268270819608389 }, "geometry": { "type": "Polygon", "coordinates": [ [ [ 106.820647920192343, -6.066304103446696 ], [ 106.940647920192347, -6.066304103446696 ], [ 106.940647920192347, -5.946304103446697 ], [ 106.820647920192343, -5.946304103446697 ], [ 106.820647920192343, -6.066304103446696 ] ] ] } },
{ "type": "Feature", "properties": { "Kab_kota": "Kota Sukabumi", "Pulau": "Jawa", "Provinsi": "Jawa Barat", "pct_lansia_2020": 9.9112, "pct_lansia_2024": 11.4908, "delta_pct_lansia": 1.5796, "persen_perubahan_pct_lansia": 15.937525223989034 }, "geometry": { "type": "Polygon", "coordinates": [ [ [ 106.307779716717349, -6.851460520630441 ], [ 106.427779716717353, -6.851460520630441 ], [ 106.427779716717353, -6.731460520630442 ], [ 106.307779716717349, -6.731460520630442 ], [ 106.307779716717349, -6.851460520630441 ] ] ] } },
{ "type": "Feature", "properties": { "Kab_kota": "Kota Bandung", "Pulau": "Jawa", "Provinsi": "Jawa Barat", "pct_lansia_2020": 10.7514, "pct_lansia_2024": 12.5742, "delta_pct_lansia": 1.8228, "persen_perubahan_pct_lansia": 16.954071097717495 }, "geometry": { "type": "Polygon", "coordinates": [ [ [ 106.717482205418804, -7.913055025842139 ], [ 106.837482205418809, -7.913055025842139 ], [ 106.837482205418809, -7.79305502584214 ], [ 106.717482205418804, -7.79305502584214 ], [ 106.717482205418804, -7.913055025842139 ] ] ] } },
{ "type": "Feature", "properties": { "Kab_kota": "Kota Cirebon", "Pulau": "Jawa", "Provinsi": "Jawa Barat", "pct_lansia_2020": 9.9894, "pct_lansia_2024": 11.7781, "delta_pct_lansia": 1.7887, "persen_perubahan_pct_lansia": 17.905980339159512 }, "geometry": { "type": "Polygon", "coordinates": [ [ [ 107.866258989418768, -8.030479336280068 ], [ 107.986258989418772, -8.030479336280068 ], [ 107.986258989418772, -7.910479336280069 ], [ 107.866258989418768, -7.910479336280069 ], [ 107.866258989418768, -8.030479336280068 ] ] ] } },
{ "type": "Feature", "properties": { "Kab_kota": "Kota Bekasi", "Pulau": "Jawa", "Provinsi": "Jawa Barat", "pct_lansia_2020": 8.2229, "pct_lansia_2024": 10.6236, "delta_pct_lansia": 2.4007, "persen_perubahan_pct_lansia": 29.195296063432618 }, "geometry": { "type": "Polygon", "coordinates": [ [ [ 108.828844122504677, -7.319227841582616 ], [ 108.948844122504681, -7.319227841582616 ], [ 108.948844122504681, -7.199227841582617 ], [ 108.828844122504677, -7.199227841582617 ], [ 108.828844122504677, -7.319227841582616 ] ] ] } },
{ "type": "Feature", "properties": { "Kab_kota": "Kota Depok", "Pulau": "Jawa", "Provinsi": "Jawa Barat", "pct_lansia_2020": 7.9862, "pct_lansia_2024": 9.9928, "delta_pct_lansia": 2.0066, "persen_perubahan_pct_lansia": 25.125842077583837 }, "geometry": { "type": "Polygon", "coordinates": [ [ [ 108.339670138299866, -6.103188351855065 ], [ 108.45967013829987, -6.103188351855065 ], [ 108.45967013829987, -5.983188351855066 ], [ 108.339670138299866, -5.983188351855066 ], [ 108.339670138299866, -6.103188351855065 ] ] ] } },
{ "type": "Feature", "properties": { "Kab_kota": "Kota Cimahi", "Pulau": "Jawa", "Provinsi": "Jawa Barat", "pct_lansia_2020": 9.1295, "pct_lansia_2024": 11.0076, "delta_pct_lansia": 1.8781, "persen_perubahan_pct_lansia": 20.571772824360586 }, "geometry": { "type": "Polygon", "coordinates": [ [ [ 107.378532232305758, -5.788403227033167 ], [ 107.498532232305763, -5.788403227033167 ], [ 107.498532232305763, -5.668403227033168 ], [ 107.378532232305758, -5.668403227033168 ], [ 107.378532232305758, -5.788403227033167 ] ] ] } },
{ "type": "Feature", "properties": { "Kab_kota": "Kota Tasikmalaya", "Pulau": "Jawa", "Provinsi": "Jawa Barat", "pct_lansia_2020": 10.2268, "pct_lansia_2024": 11.7939, "delta_pct_lansia": 1.5671, "persen_perubahan_pct_lansia": 15.323463840106385 }, "geometry": { "type": "Polygon", "coordinates": [ [ [ 106.465779043897442, -6.396701735295817 ], [ 106.585779043897446, -6.396701735295817 ], [ 106.585779043897446, -6.276701735295818 ], [ 106.465779043897442, -6.276701735295818 ], [ 106.465779043897442, -6.396701735295817 ] ] ] } },
{ "type": "Feature", "properties": { "Kab_kota": "Kota Banjar", "Pulau": "Jawa", "Provinsi": "Jawa Barat", "pct_lansia_2020": 12.6335, "pct_lansia_2024": 14.4115, "delta_pct_lansia": 1.778, "persen_perubahan_pct_lansia": 14.073692959195794 }, "geometry": { "type": "Polygon", "coordinates": [ [ [ 106.699605405626968, -7.806854173509188 ], [ 106.819605405626973, -7.806854173509188 ], [ 106.819605405626973, -7.686854173509189 ], [ 106.699605405626968, -7.686854173509189 ], [ 106.699605405626968, -7.806854173509188 ] ] ] } },
{ "type": "Feature", "properties": { "Kab_kota": "Cilacap", "Pulau": "Jawa", "Provinsi": "Jawa Tengah", "pct_lansia_2020": 12.2142, "pct_lansia_2024": 14.1739, "delta_pct_lansia": 1.9597, "persen_perubahan_pct_lansia": 16.044440077942067 }, "geometry": { "type": "Polygon", "coordinates": [ [ [ 110.050659905994891, -8.296397621048698 ], [ 110.170659905994896, -8.296397621048698 ], [ 110.170659905994896, -8.176397621048697 ], [ 110.050659905994891, -8.176397621048697 ], [ 110.050659905994891, -8.296397621048698 ] ] ] } },
{ "type": "Feature", "properties": { "Kab_kota": "Banyumas", "Pulau": "Jawa", "Provinsi": "Jawa Tengah", "pct_lansia_2020": 13.178, "pct_lansia_2024": 14.5967, "delta_pct_lansia": 1.4187, "persen_perubahan_pct_lansia": 10.765670056154192 }, "geometry": { "type": "Polygon", "coordinates": [ [ [ 111.121917454587134, -7.653298714943316 ], [ 111.241917454587139, -7.653298714943316 ], [ 111.241917454587139, -7.533298714943316 ], [ 111.121917454587134, -7.533298714943316 ], [ 111.121917454587134, -7.653298714943316 ] ] ] } },
{ "type": "Feature", "properties": { "Kab_kota": "Purbalingga", "Pulau": "Jawa", "Provinsi": "Jawa Tengah", "pct_lansia_2020": 12.4969, "pct_lansia_2024": 13.6183, "delta_pct_lansia": 1.1214, "persen_perubahan_pct_lansia": 8.9734254095015515 }, "geometry": { "type": "Polygon", "coordinates": [ [ [ 111.025825156156429, -6.519011790762867 ], [ 111.145825156156434, -6.519011790762867 ], [ 111.145825156156434, -6.399011790762867 ], [ 111.025825156156429, -6.399011790762867 ], [ 111.025825156156429, -6.519011790762867 ] ] ] } },
{ "type": "Feature", "properties": { "Kab_kota": "Banjarnegara", "Pulau": "Jawa", "Provinsi": "Jawa Tengah", "pct_lansia_2020": 12.9216, "pct_lansia_2024": 14.2148, "delta_pct_lansia": 1.2932, "persen_perubahan_pct_lansia": 10.008048538880638 }, "geometry": { "type": "Polygon", "coordinates": [ [ [ 110.341347077738703, -6.080508757696209 ], [ 110.461347077738708, -6.080508757696209 ], [ 110.461347077738708, -5.96050875769621 ], [ 110.341347077738703, -5.96050875769621 ], [ 110.341347077738703, -6.080508757696209 ] ] ] } },
{ "type": "Feature", "properties": { "Kab_kota": "Kebumen", "Pulau": "Jawa", "Provinsi": "Jawa Tengah", "pct_lansia_2020": 13.2684, "pct_lansia_2024": 14.6964, "delta_pct_lansia": 1.428, "persen_perubahan_pct_lansia": 10.762412951071726 }, "geometry": { "type": "Polygon", "coordinates": [ [ [ 109.224899060349017, -6.433883712586365 ], [ 109.344899060349022, -6.433883712586365 ], [ 109.344899060349022, -6.313883712586366 ], [ 109.224899060349017, -6.313883712586366 ], [ 109.224899060349017, -6.433883712586365 ] ] ] } },
{ "type": "Feature", "properties": { "Kab_kota": "Purworejo", "Pulau": "Jawa", "Provinsi": "Jawa Tengah", "pct_lansia_2020": 15.6683, "pct_lansia_2024": 17.4394, "delta_pct_lansia": 1.7711, "persen_perubahan_pct_lansia": 11.303715144591301 }, "geometry": { "type": "Polygon", "coordinates": [ [ [ 108.840154000014678, -7.561476291893963 ], [ 108.960154000014683, -7.561476291893963 ], [ 108.960154000014683, -7.441476291893964 ], [ 108.840154000014678, -7.441476291893964 ], [ 108.840154000014678, -7.561476291893963 ] ] ] } },
{ "type": "Feature", "properties": { "Kab_kota": "Wonosobo", "Pulau": "Jawa", "Provinsi": "Jawa Tengah", "pct_lansia_2020": 11.9171, "pct_lansia_2024": 13.4047, "delta_pct_lansia": 1.4876, "persen_perubahan_pct_lansia": 12.482902719621389 }, "geometry": { "type": "Polygon", "coordinates": [ [ [ 109.956142267695654, -8.39677239016792 ], [ 110.076142267695658, -8.39677239016792 ], [ 110.076142267695658, -8.276772390167919 ], [ 109.956142267695654, -8.276772390167919 ], [ 109.956142267695654, -8.39677239016792 ] ] ] } },
{ "type": "Feature", "properties": { "Kab_kota": "Magelang", "Pulau": "Jawa", "Provinsi": "Jawa Tengah", "pct_lansia_2020": 13.2647, "pct_lansia_2024": 14.9243, "delta_pct_lansia": 1.6596, "persen_perubahan_pct_lansia": 12.511402444080916 }, "geometry": { "type": "Polygon", "coordinates": [ [ [ 110.736866268990312, -7.983749544358441 ], [ 110.856866268990316, -7.983749544358441 ], [ 110.856866268990316, -7.863749544358442 ], [ 110.736866268990312, -7.863749544358442 ], [ 110.736866268990312, -7.983749544358441 ] ] ] } },
{ "type": "Feature", "properties": { "Kab_kota": "Boyolali", "Pulau": "Jawa", "Provinsi": "Jawa Tengah", "pct_lansia_2020": 13.7153, "pct_lansia_2024": 15.1296, "delta_pct_lansia": 1.4143, "persen_perubahan_pct_lansia": 10.311841520054251 }, "geometry": { "type": "Polygon", "coordinates": [ [ [ 111.18976512558875, -7.112591301345994 ], [ 111.309765125588754, -7.112591301345994 ], [ 111.309765125588754, -6.992591301345995 ], [ 111.18976512558875, -6.992591301345995 ], [ 111.18976512558875, -7.112591301345994 ] ] ] } },
{ "type": "Feature", "properties": { "Kab_kota": "Klaten", "Pulau": "Jawa", "Provinsi": "Jawa Tengah", "pct_lansia_2020": 14.5012, "pct_lansia_2024": 16.2459, "delta_pct_lansia": 1.7447, "persen_perubahan_pct_lansia": 12.031418089537404 }, "geometry": { "type": "Polygon", "coordinates": [ [ [ 110.487735941684448, -5.905717717468646 ], [ 110.607735941684453, -5.905717717468646 ], [ 110.607735941684453, -5.785717717468647 ], [ 110.487735941684448, -5.785717717468647 ], [ 110.487735941684448, -5.905717717468646 ] ] ] } },
{ "type": "Feature", "properties": { "Kab_kota": "Sukoharjo", "Pulau": "Jawa", "Provinsi": "Jawa Tengah", "pct_lansia_2020": 12.7135, "pct_lansia_2024": 14.5803, "delta_pct_lansia": 1.8668, "persen_perubahan_pct_lansia": 14.683604042946472 }, "geometry": { "type": "Polygon", "coordinates": [ [ [ 109.297807250603896, -6.34786248152429 ], [ 109.4178072506039, -6.34786248152429 ], [ 109.4178072506039, -6.227862481524291 ], [ 109.297807250603896, -6.227862481524291 ], [ 109.297807250603896, -6.34786248152429 ] ] ] } },
{ "type": "Feature", "properties": { "Kab_kota": "Wonogiri", "Pulau": "Jawa", "Provinsi": "Jawa Tengah", "pct_lansia_2020": 19.2783, "pct_lansia_2024": 20.7554, "delta_pct_lansia": 1.4771, "persen_perubahan_pct_lansia": 7.6619826436978355 }, "geometry": { "type": "Polygon", "coordinates": [ [ [ 108.852585708904684, -7.422133258975514 ], [ 108.972585708904688, -7.422133258975514 ], [ 108.972585708904688, -7.302133258975515 ], [ 108.852585708904684, -7.302133258975515 ], [ 108.852585708904684, -7.422133258975514 ] ] ] } },
{ "type": "Feature", "properties": { "Kab_kota": "Karanganyar", "Pulau": "Jawa", "Provinsi": "Jawa Tengah", "pct_lansia_2020": 13.4187, "pct_lansia_2024": 15.2978, "delta_pct_lansia": 1.8791, "persen_perubahan_pct_lansia": 14.003592002205886 }, "geometry": { "type": "Polygon", "coordinates": [ [ [ 109.652650147897262, -8.381844427461271 ], [ 109.772650147897266, -8.381844427461271 ], [ 109.772650147897266, -8.26184442746127 ], [ 109.652650147897262, -8.26184442746127 ], [ 109.652650147897262, -8.381844427461271 ] ] ] } },
{ "type": "Feature", "properties": { "Kab_kota": "Sragen", "Pulau": "Jawa", "Provinsi": "Jawa Tengah", "pct_lansia_2020": 14.6383, "pct_lansia_2024": 16.0537, "delta_pct_lansia": 1.4154, "persen_perubahan_pct_lansia": 9.6691555713436674 }, "geometry": { "type": "Polygon", "coordinates": [ [ [ 110.576846017382707, -8.276348517040169 ], [ 110.696846017382711, -8.276348517040169 ], [ 110.696846017382711, -8.156348517040168 ], [ 110.576846017382707, -8.156348517040168 ], [ 110.576846017382707, -8.276348517040169 ] ] ] } },
{ "type": "Feature", "properties": { "Kab_kota": "Grobogan", "Pulau": "Jawa", "Provinsi": "Jawa Tengah", "pct_lansia_2020": 12.1595, "pct_lansia_2024": 14.1126, "delta_pct_lansia": 1.9531, "persen_perubahan_pct_lansia": 16.06233808955961 }, "geometry": { "type": "Polygon", "coordinates": [ [ [ 111.203740094547939, -7.112011641605871 ], [ 111.323740094547944, -7.112011641605871 ], [ 111.323740094547944, -6.992011641605872 ], [ 111.203740094547939, -6.992011641605872 ], [ 111.203740094547939, -7.112011641605871 ] ] ] } },
{ "type": "Feature", "properties": { "Kab_kota": "Blora", "Pulau": "Jawa", "Provinsi": "Jawa Tengah", "pct_lansia_2020": 14.1666, "pct_lansia_2024": 16.2578, "delta_pct_lansia": 2.0912, "persen_perubahan_pct_lansia": 14.761481230499898 }, "geometry": { "type": "Polygon", "coordinates": [ [ [ 110.607281686930008, -6.079312046943667 ], [ 110.727281686930013, -6.079312046943667 ], [ 110.727281686930013, -5.959312046943668 ], [ 110.607281686930008, -5.959312046943668 ], [ 110.607281686930008, -6.079312046943667 ] ] ] } },
{ "type": "Feature", "properties": { "Kab_kota": "Rembang", "Pulau": "Jawa", "Provinsi": "Jawa Tengah", "pct_lansia_2020": 12.6564, "pct_lansia_2024": 14.6043, "delta_pct_lansia": 1.9479, "persen_perubahan_pct_lansia": 15.390632407319622 }, "geometry": { "type": "Polygon", "coordinates": [ [ [ 109.642968710327864, -6.008082335692577 ], [ 109.762968710327868, -6.008082335692577 ], [ 109.762968710327868, -5.888082335692578 ], [ 109.642968710327864, -5.888082335692578 ], [ 109.642968710327864, -6.008082335692577 ] ] ] } },
{ "type": "Feature", "properties": { "Kab_kota": "Pati", "Pulau": "Jawa", "Provinsi": "Jawa Tengah", "pct_lansia_2020": 12.9229, "pct_lansia_2024": 15.0694, "delta_pct_lansia": 2.1465, "persen_perubahan_pct_lansia": 16.610048828049429 }, "geometry": { "type": "Polygon", "coordinates": [ [ [ 108.719596510210081, -6.990667144293458 ], [ 108.839596510210086, -6.990667144293458 ], [ 108.839596510210086, -6.870667144293459 ], [ 108.719596510210081, -6.870667144293459 ], [ 108.719596510210081, -6.990667144293458 ] ] ] } },
{ "type": "Feature", "properties": { "Kab_kota": "Kudus", "Pulau": "Jawa", "Provinsi": "Jawa Tengah", "pct_lansia_2020": 9.6907, "pct_lansia_2024": 11.8625, "delta_pct_lansia": 2.1718, "persen_perubahan_pct_lansia": 22.411177727099187 }, "geometry": { "type": "Polygon", "coordinates": [ [ [ 109.17432633881721, -8.252503733124765 ], [ 109.294326338817214, -8.252503733124765 ], [ 109.294326338817214, -8.132503733124764 ], [ 109.17432633881721, -8.132503733124764 ], [ 109.17432633881721, -8.252503733124765 ] ] ] } },
{ "type": "Feature", "properties": { "Kab_kota": "Jepara", "Pulau": "Jawa", "Provinsi": "Jawa Tengah", "pct_lansia_2020": 10.2492, "pct_lansia_2024": 12.0117, "delta_pct_lansia": 1.7625, "persen_perubahan_pct_lansia": 17.196464114272324 }, "geometry": { "type": "Polygon", "coordinates": [ [ [ 110.395888387070485, -8.201622467787519 ], [ 110.51588838707049, -8.201622467787519 ], [ 110.51588838707049, -8.081622467787518 ], [ 110.395888387070485, -8.081622467787518 ], [ 110.395888387070485, -8.201622467787519 ] ] ] } },
{ "type": "Feature", "properties": { "Kab_kota": "Demak", "Pulau": "Jawa", "Provinsi": "Jawa Tengah", "pct_lansia_2020": 9.6805, "pct_lansia_2024": 11.4515, "delta_pct_lansia": 1.771, "persen_perubahan_pct_lansia": 18.294509581116667 }, "geometry": { "type": "Polygon", "coordinates": [ [ [ 111.25433462455355, -7.669316096376803 ], [ 111.374334624553555, -7.669316096376803 ], [ 111.374334624553555, -7.549316096376804 ], [ 111.25433462455355, -7.549316096376804 ], [ 111.25433462455355, -7.669316096376803 ] ] ] } },
{ "type": "Feature", "properties": { "Kab_kota": "Semarang", "Pulau": "Jawa", "Provinsi": "Jawa Tengah", "pct_lansia_2020": 11.9869, "pct_lansia_2024": 13.7644, "delta_pct_lansia": 1.7775, "persen_perubahan_pct_lansia": 14.828687984382949 }, "geometry": { "type": "Polygon", "coordinates": [ [ [ 110.898068248612702, -6.597565869256636 ], [ 111.018068248612707, -6.597565869256636 ], [ 111.018068248612707, -6.477565869256637 ], [ 110.898068248612702, -6.477565869256637 ], [ 110.898068248612702, -6.597565869256636 ] ] ] } },
{ "type": "Feature", "properties": { "Kab_kota": "Temanggung", "Pulau": "Jawa", "Provinsi": "Jawa Tengah", "pct_lansia_2020": 13.4182, "pct_lansia_2024": 15.3575, "delta_pct_lansia": 1.9393, "persen_perubahan_pct_lansia": 14.452758194094583 }, "geometry": { "type": "Polygon", "coordinates": [ [ [ 110.124853971069086, -6.070413123668127 ], [ 110.244853971069091, -6.070413123668127 ], [ 110.244853971069091, -5.950413123668127 ], [ 110.124853971069086, -5.950413123668127 ], [ 110.124853971069086, -6.070413123668127 ] ] ] } },
{ "type": "Feature", "properties": { "Kab_kota": "Kendal", "Pulau": "Jawa", "Provinsi": "Jawa Tengah", "pct_lansia_2020": 10.9159, "pct_lansia_2024": 12.9783, "delta_pct_lansia": 2.0624, "persen_perubahan_pct_lansia": 18.893540615066097 }, "geometry": { "type": "Polygon", "coordinates": [ [ [ 108.938407638603891, -6.645877087048599 ], [ 109.058407638603896, -6.645877087048599 ], [ 109.058407638603896, -6.5258770870486 ], [ 108.938407638603891, -6.5258770870486 ], [ 108.938407638603891, -6.645877087048599 ] ] ] } },
{ "type": "Feature", "properties": { "Kab_kota": "Batang", "Pulau": "Jawa", "Provinsi": "Jawa Tengah", "pct_lansia_2020": 10.4282, "pct_lansia_2024": 12.4311, "delta_pct_lansia": 2.0029, "persen_perubahan_pct_lansia": 19.206574480734933 }, "geometry": { "type": "Polygon", "coordinates": [ [ [ 109.161327316937076, -7.620056774592895 ], [ 109.28132731693708, -7.620056774592895 ], [ 109.28132731693708, -7.500056774592895 ], [ 109.161327316937076, -7.500056774592895 ], [ 109.161327316937076, -7.620056774592895 ] ] ] } },
{ "type": "Feature", "properties": { "Kab_kota": "Pekalongan", "Pulau": "Jawa", "Provinsi": "Jawa Tengah", "pct_lansia_2020": 9.8863, "pct_lansia_2024": 11.8471, "delta_pct_lansia": 1.9608, "persen_perubahan_pct_lansia": 19.833506974297755 }, "geometry": { "type": "Polygon", "coordinates": [ [ [ 110.200172381073997, -8.479726935435156 ], [ 110.320172381074002, -8.479726935435156 ], [ 110.320172381074002, -8.359726935435155 ], [ 110.200172381073997, -8.359726935435155 ], [ 110.200172381073997, -8.479726935435156 ] ] ] } },
{ "type": "Feature", "properties": { "Kab_kota": "Pemalang", "Pulau": "Jawa", "Provinsi": "Jawa Tengah", "pct_lansia_2020": 10.4457, "pct_lansia_2024": 11.9927, "delta_pct_lansia": 1.547, "persen_perubahan_pct_lansia": 14.809921785998053 }, "geometry": { "type": "Polygon", "coordinates": [ [ [ 111.01459720384203, -7.721284304651652 ], [ 111.134597203842034, -7.721284304651652 ], [ 111.134597203842034, -7.601284304651653 ], [ 111.01459720384203, -7.601284304651653 ], [ 111.01459720384203, -7.721284304651652 ] ] ] } },
{ "type": "Feature", "properties": { "Kab_kota": "Tegal", "Pulau": "Jawa", "Provinsi": "Jawa Tengah", "pct_lansia_2020": 9.3151, "pct_lansia_2024": 10.8864, "delta_pct_lansia": 1.5713, "persen_perubahan_pct_lansia": 16.868310592478888 }, "geometry": { "type": "Polygon", "coordinates": [ [ [ 111.160614975885551, -6.712691417192977 ], [ 111.280614975885555, -6.712691417192977 ], [ 111.280614975885555, -6.592691417192977 ], [ 111.160614975885551, -6.592691417192977 ], [ 111.160614975885551, -6.712691417192977 ] ] ] } },
{ "type": "Feature", "properties": { "Kab_kota": "Brebes", "Pulau": "Jawa", "Provinsi": "Jawa Tengah", "pct_lansia_2020": 10.1463, "pct_lansia_2024": 11.4809, "delta_pct_lansia": 1.3346, "persen_perubahan_pct_lansia": 13.153563367927223 }, "geometry": { "type": "Polygon", "coordinates": [ [ [ 110.150701900668409, -6.131666011355104 ], [ 110.270701900668413, -6.131666011355104 ], [ 110.270701900668413, -6.011666011355105 ], [ 110.150701900668409, -6.011666011355105 ], [ 110.150701900668409, -6.131666011355104 ] ] ] } },
{ "type": "Feature", "properties": { "Kab_kota": "Kota Magelang", "Pulau": "Jawa", "Provinsi": "Jawa Tengah", "pct_lansia_2020": 14.3023, "pct_lansia_2024": 16.8601, "delta_pct_lansia": 2.5578, "persen_perubahan_pct_lansia": 17.88383686539926 }, "geometry": { "type": "Polygon", "coordinates": [ [ [ 109.127309840640237, -6.470185675538973 ], [ 109.247309840640241, -6.470185675538973 ], [ 109.247309840640241, -6.350185675538974 ], [ 109.127309840640237, -6.350185675538974 ], [ 109.127309840640237, -6.470185675538973 ] ] ] } },
{ "type": "Feature", "properties": { "Kab_kota": "Kota Surakarta", "Pulau": "Jawa", "Provinsi": "Jawa Tengah", "pct_lansia_2020": 13.1552, "pct_lansia_2024": 15.3601, "delta_pct_lansia": 2.2049, "persen_perubahan_pct_lansia": 16.760672585745549 }, "geometry": { "type": "Polygon", "coordinates": [ [ [ 108.785883990667017, -7.525142299422977 ], [ 108.905883990667022, -7.525142299422977 ], [ 108.905883990667022, -7.405142299422978 ], [ 108.785883990667017, -7.405142299422978 ], [ 108.785883990667017, -7.525142299422977 ] ] ] } },
{ "type": "Feature", "properties": { "Kab_kota": "Kota Salatiga", "Pulau": "Jawa", "Provinsi": "Jawa Tengah", "pct_lansia_2020": 12.3278, "pct_lansia_2024": 13.9435, "delta_pct_lansia": 1.6157, "persen_perubahan_pct_lansia": 13.106150326903423 }, "geometry": { "type": "Polygon", "coordinates": [ [ [ 109.520487588964258, -8.160402071469495 ], [ 109.640487588964262, -8.160402071469495 ], [ 109.640487588964262, -8.040402071469494 ], [ 109.520487588964258, -8.040402071469494 ], [ 109.520487588964258, -8.160402071469495 ] ] ] } },
{ "type": "Feature", "properties": { "Kab_kota": "Kota Semarang", "Pulau": "Jawa", "Provinsi": "Jawa Tengah", "pct_lansia_2020": 10.727, "pct_lansia_2024": 12.9353, "delta_pct_lansia": 2.2083, "persen_perubahan_pct_lansia": 20.586370839936603 }, "geometry": { "type": "Polygon", "coordinates": [ [ [ 110.792065434797308, -8.109314276536297 ], [ 110.912065434797313, -8.109314276536297 ], [ 110.912065434797313, -7.989314276536297 ], [ 110.792065434797308, -7.989314276536297 ], [ 110.792065434797308, -8.109314276536297 ] ] ] } },
{ "type": "Feature", "properties": { "Kab_kota": "Kota Pekalongan", "Pulau": "Jawa", "Provinsi": "Jawa Tengah", "pct_lansia_2020": 9.3596, "pct_lansia_2024": 11.3761, "delta_pct_lansia": 2.0165, "persen_perubahan_pct_lansia": 21.544724133509966 }, "geometry": { "type": "Polygon", "coordinates": [ [ [ 111.224398918215769, -7.135414325424324 ], [ 111.344398918215774, -7.135414325424324 ], [ 111.344398918215774, -7.015414325424325 ], [ 111.224398918215769, -7.015414325424325 ], [ 111.224398918215769, -7.135414325424324 ] ] ] } },
{ "type": "Feature", "properties": { "Kab_kota": "Kota Tegal", "Pulau": "Jawa", "Provinsi": "Jawa Tengah", "pct_lansia_2020": 9.9407, "pct_lansia_2024": 11.5497, "delta_pct_lansia": 1.609, "persen_perubahan_pct_lansia": 16.185982878469325 }, "geometry": { "type": "Polygon", "coordinates": [ [ [ 110.549053387871226, -6.000447558476512 ], [ 110.66905338787123, -6.000447558476512 ], [ 110.66905338787123, -5.880447558476513 ], [ 110.549053387871226, -5.880447558476513 ], [ 110.549053387871226, -6.000447558476512 ] ] ] } },
{ "type": "Feature", "properties": { "Kab_kota": "Kulon Progo", "Pulau": "Jawa", "Provinsi": "DI Yogyakarta", "pct_lansia_2020": 17.9651, "pct_lansia_2024": 19.201, "delta_pct_lansia": 1.2359, "persen_perubahan_pct_lansia": 6.8794495995012594 }, "geometry": { "type": "Polygon", "coordinates": [ [ [ 109.88286070887635, -7.004628531182932 ], [ 110.002860708876355, -7.004628531182932 ], [ 110.002860708876355, -6.884628531182932 ], [ 109.88286070887635, -6.884628531182932 ], [ 109.88286070887635, -7.004628531182932 ] ] ] } },
{ "type": "Feature", "properties": { "Kab_kota": "Bantul", "Pulau": "Jawa", "Provinsi": "DI Yogyakarta", "pct_lansia_2020": 14.5258, "pct_lansia_2024": 16.2437, "delta_pct_lansia": 1.7179, "persen_perubahan_pct_lansia": 11.826543116386018 }, "geometry": { "type": "Polygon", "coordinates": [ [ [ 109.021950709430357, -7.646143706646636 ], [ 109.141950709430361, -7.646143706646636 ], [ 109.141950709430361, -7.526143706646637 ], [ 109.021950709430357, -7.526143706646637 ], [ 109.021950709430357, -7.646143706646636 ] ] ] } },
{ "type": "Feature", "properties": { "Kab_kota": "Gunung Kidul", "Pulau": "Jawa", "Provinsi": "DI Yogyakarta", "pct_lansia_2020": 20.3805, "pct_lansia_2024": 21.1693, "delta_pct_lansia": 0.7888, "persen_perubahan_pct_lansia": 3.8703662814945576 }, "geometry": { "type": "Polygon", "coordinates": [ [ [ 109.452114057004238, -8.820150177507962 ], [ 109.572114057004242, -8.820150177507962 ], [ 109.572114057004242, -8.700150177507961 ], [ 109.452114057004238, -8.700150177507961 ], [ 109.452114057004238, -8.820150177507962 ] ] ] } },
{ "type": "Feature", "properties": { "Kab_kota": "Sleman", "Pulau": "Jawa", "Provinsi": "DI Yogyakarta", "pct_lansia_2020": 13.9466, "pct_lansia_2024": 15.4283, "delta_pct_lansia": 1.4817, "persen_perubahan_pct_lansia": 10.624094761447235 }, "geometry": { "type": "Polygon", "coordinates": [ [ [ 110.885269684649771, -9.134343026101 ], [ 111.005269684649775, -9.134343026101 ], [ 111.005269684649775, -9.014343026100999 ], [ 110.885269684649771, -9.014343026100999 ], [ 110.885269684649771, -9.134343026101 ] ] ] } },
{ "type": "Feature", "properties": { "Kab_kota": "Kota Yogyakarta", "Pulau": "Jawa", "Provinsi": "DI Yogyakarta", "pct_lansia_2020": 14.4049, "pct_lansia_2024": 16.7654, "delta_pct_lansia": 2.3605, "persen_perubahan_pct_lansia": 16.386785052308589 }, "geometry": { "type": "Polygon", "coordinates": [ [ [ 111.551520241281636, -8.123626293563117 ], [ 111.671520241281641, -8.123626293563117 ], [ 111.671520241281641, -8.003626293563116 ], [ 111.551520241281636, -8.003626293563116 ], [ 111.551520241281636, -8.123626293563117 ] ] ] } },
{ "type": "Feature", "properties": { "Kab_kota": "Pacitan", "Pulau": "Jawa", "Provinsi": "Jawa Timur", "pct_lansia_2020": 18.9604, "pct_lansia_2024": 20.5782, "delta_pct_lansia": 1.6178, "persen_perubahan_pct_lansia": 8.5325204109617889 }, "geometry": { "type": "Polygon", "coordinates": [ [ [ 112.907901140292367, -6.553549460124381 ], [ 113.027901140292371, -6.553549460124381 ], [ 113.027901140292371, -6.433549460124381 ], [ 112.907901140292367, -6.433549460124381 ], [ 112.907901140292367, -6.553549460124381 ] ] ] } },
{ "type": "Feature", "properties": { "Kab_kota": "Ponorogo", "Pulau": "Jawa", "Provinsi": "Jawa Timur", "pct_lansia_2020": 17.8889, "pct_lansia_2024": 19.3777, "delta_pct_lansia": 1.4888, "persen_perubahan_pct_lansia": 8.3224793028078938 }, "geometry": { "type": "Polygon", "coordinates": [ [ [ 111.709193256839285, -6.623688392500906 ], [ 111.829193256839289, -6.623688392500906 ], [ 111.829193256839289, -6.503688392500907 ], [ 111.709193256839285, -6.503688392500907 ], [ 111.709193256839285, -6.623688392500906 ] ] ] } },
{ "type": "Feature", "properties": { "Kab_kota": "Trenggalek", "Pulau": "Jawa", "Provinsi": "Jawa Timur", "pct_lansia_2020": 16.3151, "pct_lansia_2024": 18.1758, "delta_pct_lansia": 1.8607, "persen_perubahan_pct_lansia": 11.404772266182848 }, "geometry": { "type": "Polygon", "coordinates": [ [ [ 111.215427850617218, -7.116390879359854 ], [ 111.335427850617222, -7.116390879359854 ], [ 111.335427850617222, -6.996390879359855 ], [ 111.215427850617218, -6.996390879359855 ], [ 111.215427850617218, -7.116390879359854 ] ] ] } },
{ "type": "Feature", "properties": { "Kab_kota": "Tulungagung", "Pulau": "Jawa", "Provinsi": "Jawa Timur", "pct_lansia_2020": 14.5095, "pct_lansia_2024": 16.3223, "delta_pct_lansia": 1.8128, "persen_perubahan_pct_lansia": 12.493883317826247 }, "geometry": { "type": "Polygon", "coordinates": [ [ [ 111.183208529264945, -8.348444935658888 ], [ 111.30320852926495, -8.348444935658888 ], [ 111.30320852926495, -8.228444935658887 ], [ 111.183208529264945, -8.228444935658887 ], [ 111.183208529264945, -8.348444935658888 ] ] ] } },
{ "type": "Feature", "properties": { "Kab_kota": "Blitar", "Pulau": "Jawa", "Provinsi": "Jawa Timur", "pct_lansia_2020": 14.4435, "pct_lansia_2024": 16.3164, "delta_pct_lansia": 1.8729, "persen_perubahan_pct_lansia": 12.967078616678792 }, "geometry": { "type": "Polygon", "coordinates": [ [ [ 112.433334197707623, -8.773776857838763 ], [ 112.553334197707628, -8.773776857838763 ], [ 112.553334197707628, -8.653776857838762 ], [ 112.433334197707623, -8.653776857838762 ], [ 112.433334197707623, -8.773776857838763 ] ] ] } },
{ "type": "Feature", "properties": { "Kab_kota": "Kediri", "Pulau": "Jawa", "Provinsi": "Jawa Timur", "pct_lansia_2020": 12.8178, "pct_lansia_2024": 15.0249, "delta_pct_lansia": 2.2071, "persen_perubahan_pct_lansia": 17.219023545382207 }, "geometry": { "type": "Polygon", "coordinates": [ [ [ 113.137171282410947, -8.087090518361396 ], [ 113.257171282410951, -8.087090518361396 ], [ 113.257171282410951, -7.967090518361396 ], [ 113.137171282410947, -7.967090518361396 ], [ 113.137171282410947, -8.087090518361396 ] ] ] } },
{ "type": "Feature", "properties": { "Kab_kota": "Malang", "Pulau": "Jawa", "Provinsi": "Jawa Timur", "pct_lansia_2020": 12.8204, "pct_lansia_2024": 14.7958, "delta_pct_lansia": 1.9754, "persen_perubahan_pct_lansia": 15.408255592649219 }, "geometry": { "type": "Polygon", "coordinates": [ [ [ 113.072347867661748, -6.887780780027833 ], [ 113.192347867661752, -6.887780780027833 ], [ 113.192347867661752, -6.767780780027834 ], [ 113.072347867661748, -6.767780780027834 ], [ 113.072347867661748, -6.887780780027833 ] ] ] } },
{ "type": "Feature", "properties": { "Kab_kota": "Lumajang", "Pulau": "Jawa", "Provinsi": "Jawa Timur", "pct_lansia_2020": 14.4172, "pct_lansia_2024": 16.2347, "delta_pct_lansia": 1.8175, "persen_perubahan_pct_lansia": 12.606470049662907 }, "geometry": { "type": "Polygon", "coordinates": [ [ [ 112.281833113770347, -6.531295982265145 ], [ 112.401833113770351, -6.531295982265145 ], [ 112.401833113770351, -6.411295982265146 ], [ 112.281833113770347, -6.411295982265146 ], [ 112.281833113770347, -6.531295982265145 ] ] ] } },
{ "type": "Feature", "properties": { "Kab_kota": "Jember", "Pulau": "Jawa", "Provinsi": "Jawa Timur", "pct_lansia_2020": 13.4059, "pct_lansia_2024": 14.9583, "delta_pct_lansia": 1.5524, "persen_perubahan_pct_lansia": 11.579975980724894 }, "geometry": { "type": "Polygon", "coordinates": [ [ [ 111.283273252255782, -7.003882668355374 ], [ 111.403273252255786, -7.003882668355374 ], [ 111.403273252255786, -6.883882668355374 ], [ 111.283273252255782, -6.883882668355374 ], [ 111.283273252255782, -7.003882668355374 ] ] ] } },
{ "type": "Feature", "properties": { "Kab_kota": "Banyuwangi", "Pulau": "Jawa", "Provinsi": "Jawa Timur", "pct_lansia_2020": 13.9679, "pct_lansia_2024": 15.8645, "delta_pct_lansia": 1.8966, "persen_perubahan_pct_lansia": 13.57827590403711 }, "geometry": { "type": "Polygon", "coordinates": [ [ [ 110.975217434506035, -8.102011096367525 ], [ 111.09521743450604, -8.102011096367525 ], [ 111.09521743450604, -7.982011096367525 ], [ 110.975217434506035, -7.982011096367525 ], [ 110.975217434506035, -8.102011096367525 ] ] ] } },
{ "type": "Feature", "properties": { "Kab_kota": "Bondowoso", "Pulau": "Jawa", "Provinsi": "Jawa Timur", "pct_lansia_2020": 15.5542, "pct_lansia_2024": 16.7219, "delta_pct_lansia": 1.1677, "persen_perubahan_pct_lansia": 7.507297064458486 }, "geometry": { "type": "Polygon", "coordinates": [ [ [ 111.767726665667539, -8.574882081349312 ], [ 111.887726665667543, -8.574882081349312 ], [ 111.887726665667543, -8.454882081349311 ], [ 111.767726665667539, -8.454882081349311 ], [ 111.767726665667539, -8.574882081349312 ] ] ] } },
{ "type": "Feature", "properties": { "Kab_kota": "Situbondo", "Pulau": "Jawa", "Provinsi": "Jawa Timur", "pct_lansia_2020": 15.3321, "pct_lansia_2024": 16.8768, "delta_pct_lansia": 1.5447, "persen_perubahan_pct_lansia": 10.074940810456486 }, "geometry": { "type": "Polygon", "coordinates": [ [ [ 112.862821418248814, -8.365382327143076 ], [ 112.982821418248818, -8.365382327143076 ], [ 112.982821418248818, -8.245382327143075 ], [ 112.862821418248814, -8.245382327143075 ], [ 112.862821418248814, -8.365382327143076 ] ] ] } },
{ "type": "Feature", "properties": { "Kab_kota": "Probolinggo", "Pulau": "Jawa", "Provinsi": "Jawa Timur", "pct_lansia_2020": 12.5877, "pct_lansia_2024": 14.2485, "delta_pct_lansia": 1.6608, "persen_perubahan_pct_lansia": 13.193832074167641 }, "geometry": { "type": "Polygon", "coordinates": [ [ [ 113.236338050418553, -7.207987079302306 ], [ 113.356338050418557, -7.207987079302306 ], [ 113.356338050418557, -7.087987079302307 ], [ 113.236338050418553, -7.087987079302307 ], [ 113.236338050418553, -7.207987079302306 ] ] ] } },
{ "type": "Feature", "properties": { "Kab_kota": "Pasuruan", "Pulau": "Jawa", "Provinsi": "Jawa Timur", "pct_lansia_2020": 10.7244, "pct_lansia_2024": 12.8294, "delta_pct_lansia": 2.105, "persen_perubahan_pct_lansia": 19.62813770467346 }, "geometry": { "type": "Polygon", "coordinates": [ [ [ 112.628717451405791, -6.625633067265714 ], [ 112.748717451405795, -6.625633067265714 ], [ 112.748717451405795, -6.505633067265714 ], [ 112.628717451405791, -6.505633067265714 ], [ 112.628717451405791, -6.625633067265714 ] ] ] } },
{ "type": "Feature", "properties": { "Kab_kota": "Sidoarjo", "Pulau": "Jawa", "Provinsi": "Jawa Timur", "pct_lansia_2020": 9.4526, "pct_lansia_2024": 11.7102, "delta_pct_lansia": 2.2576, "persen_perubahan_pct_lansia": 23.883376002369719 }, "geometry": { "type": "Polygon", "coordinates": [ [ [ 111.506184995962798, -6.561105457151144 ], [ 111.626184995962802, -6.561105457151144 ], [ 111.626184995962802, -6.441105457151145 ], [ 111.506184995962798, -6.441105457151145 ], [ 111.506184995962798, -6.561105457151144 ] ] ] } },
{ "type": "Feature", "properties": { "Kab_kota": "Mojokerto", "Pulau": "Jawa", "Provinsi": "Jawa Timur", "pct_lansia_2020": 11.2159, "pct_lansia_2024": 13.4406, "delta_pct_lansia": 2.2247, "persen_perubahan_pct_lansia": 19.835233909004184 }, "geometry": { "type": "Polygon", "coordinates": [ [ [ 110.901806330686583, -7.891993910168186 ], [ 111.021806330686587, -7.891993910168186 ], [ 111.021806330686587, -7.771993910168187 ], [ 110.901806330686583, -7.771993910168187 ], [ 110.901806330686583, -7.891993910168186 ] ] ] } },
{ "type": "Feature", "properties": { "Kab_kota": "Jombang", "Pulau": "Jawa", "Provinsi": "Jawa Timur", "pct_lansia_2020": 11.8273, "pct_lansia_2024": 13.7235, "delta_pct_lansia": 1.8962, "persen_perubahan_pct_lansia": 16.03239961783332 }, "geometry": { "type": "Polygon", "coordinates": [ [ [ 111.546110584816049, -8.683675880139583 ], [ 111.666110584816053, -8.683675880139583 ], [ 111.666110584816053, -8.563675880139582 ], [ 111.546110584816049, -8.563675880139582 ], [ 111.546110584816049, -8.683675880139583 ] ] ] } },
{ "type": "Feature", "properties": { "Kab_kota": "Nganjuk", "Pulau": "Jawa", "Provinsi": "Jawa Timur", "pct_lansia_2020": 13.7856, "pct_lansia_2024": 15.6227, "delta_pct_lansia": 1.8371, "persen_perubahan_pct_lansia": 13.32622446610956 }, "geometry": { "type": "Polygon", "coordinates": [ [ [ 112.633930498374781, -8.509338176704979 ], [ 112.753930498374785, -8.509338176704979 ], [ 112.753930498374785, -8.389338176704978 ], [ 112.633930498374781, -8.389338176704978 ], [ 112.633930498374781, -8.509338176704979 ] ] ] } },
{ "type": "Feature", "properties": { "Kab_kota": "Madiun", "Pulau": "Jawa", "Provinsi": "Jawa Timur", "pct_lansia_2020": 17.0018, "pct_lansia_2024": 18.7837, "delta_pct_lansia": 1.7819, "persen_perubahan_pct_lansia": 10.480654989471706 }, "geometry": { "type": "Polygon", "coordinates": [ [ [ 113.572512553284184, -7.604283331198035 ], [ 113.692512553284189, -7.604283331198035 ], [ 113.692512553284189, -7.484283331198036 ], [ 113.572512553284184, -7.484283331198036 ], [ 113.572512553284184, -7.604283331198035 ] ] ] } },
{ "type": "Feature", "properties": { "Kab_kota": "Magetan", "Pulau": "Jawa", "Provinsi": "Jawa Timur", "pct_lansia_2020": 18.5168, "pct_lansia_2024": 19.7015, "delta_pct_lansia": 1.1847, "persen_perubahan_pct_lansia": 6.3979737319623222 }, "geometry": { "type": "Polygon", "coordinates": [ [ [ 112.759635895197704, -6.454965385013082 ], [ 112.879635895197708, -6.454965385013082 ], [ 112.879635895197708, -6.334965385013083 ], [ 112.759635895197704, -6.334965385013083 ], [ 112.759635895197704, -6.454965385013082 ] ] ] } },
{ "type": "Feature", "properties": { "Kab_kota": "Ngawi", "Pulau": "Jawa", "Provinsi": "Jawa Timur", "pct_lansia_2020": 16.6936, "pct_lansia_2024": 18.7546, "delta_pct_lansia": 2.061, "persen_perubahan_pct_lansia": 12.346048785163175 }, "geometry": { "type": "Polygon", "coordinates": [ [ [ 111.919993893695676, -6.683898622351307 ], [ 112.03999389369568, -6.683898622351307 ], [ 112.03999389369568, -6.563898622351308 ], [ 111.919993893695676, -6.563898622351308 ], [ 111.919993893695676, -6.683898622351307 ] ] ] } },
{ "type": "Feature", "properties": { "Kab_kota": "Bojonegoro", "Pulau": "Jawa", "Provinsi": "Jawa Timur", "pct_lansia_2020": 13.8716, "pct_lansia_2024": 16.2303, "delta_pct_lansia": 2.3587, "persen_perubahan_pct_lansia": 17.003806338129696 }, "geometry": { "type": "Polygon", "coordinates": [ [ [ 111.166846804465962, -7.221312263054987 ], [ 111.286846804465966, -7.221312263054987 ], [ 111.286846804465966, -7.101312263054988 ], [ 111.166846804465962, -7.101312263054988 ], [ 111.166846804465962, -7.221312263054987 ] ] ] } },
{ "type": "Feature", "properties": { "Kab_kota": "Tuban", "Pulau": "Jawa", "Provinsi": "Jawa Timur", "pct_lansia_2020": 13.5594, "pct_lansia_2024": 15.7365, "delta_pct_lansia": 2.1771, "persen_perubahan_pct_lansia": 16.056020177883973 }, "geometry": { "type": "Polygon", "coordinates": [ [ [ 111.452488627237145, -8.502494411797326 ], [ 111.572488627237149, -8.502494411797326 ], [ 111.572488627237149, -8.382494411797325 ], [ 111.452488627237145, -8.382494411797325 ], [ 111.452488627237145, -8.502494411797326 ] ] ] } },
{ "type": "Feature", "properties": { "Kab_kota": "Lamongan", "Pulau": "Jawa", "Provinsi": "Jawa Timur", "pct_lansia_2020": 14.3584, "pct_lansia_2024": 16.4105, "delta_pct_lansia": 2.0521, "persen_perubahan_pct_lansia": 14.291982393581455 }, "geometry": { "type": "Polygon", "coordinates": [ [ [ 112.424507594775889, -8.875601024022506 ], [ 112.544507594775894, -8.875601024022506 ], [ 112.544507594775894, -8.755601024022505 ], [ 112.424507594775889, -8.755601024022505 ], [ 112.424507594775889, -8.875601024022506 ] ] ] } },
{ "type": "Feature", "properties": { "Kab_kota": "Gresik", "Pulau": "Jawa", "Provinsi": "Jawa Timur", "pct_lansia_2020": 10.0838, "pct_lansia_2024": 12.0361, "delta_pct_lansia": 1.9523, "persen_perubahan_pct_lansia": 19.360756857533858 }, "geometry": { "type": "Polygon", "coordinates": [ [ [ 113.165698136191651, -7.841393411796134 ], [ 113.285698136191655, -7.841393411796134 ], [ 113.285698136191655, -7.721393411796135 ], [ 113.165698136191651, -7.721393411796135 ], [ 113.165698136191651, -7.841393411796134 ] ] ] } },
{ "type": "Feature", "properties": { "Kab_kota": "Bangkalan", "Pulau": "Jawa", "Provinsi": "Jawa Timur", "pct_lansia_2020": 10.5023, "pct_lansia_2024": 11.8779, "delta_pct_lansia": 1.3756, "persen_perubahan_pct_lansia": 13.098083276996473 }, "geometry": { "type": "Polygon", "coordinates": [ [ [ 113.115657720880762, -6.690939199646161 ], [ 113.235657720880766, -6.690939199646161 ], [ 113.235657720880766, -6.570939199646162 ], [ 113.115657720880762, -6.570939199646162 ], [ 113.115657720880762, -6.690939199646161 ] ] ] } },
{ "type": "Feature", "properties": { "Kab_kota": "Sampang", "Pulau": "Jawa", "Provinsi": "Jawa Timur", "pct_lansia_2020": 9.8401, "pct_lansia_2024": 10.954, "delta_pct_lansia": 1.1139, "persen_perubahan_pct_lansia": 11.320006910498888 }, "geometry": { "type": "Polygon", "coordinates": [ [ [ 111.978719724764289, -6.431873263445689 ], [ 112.098719724764294, -6.431873263445689 ], [ 112.098719724764294, -6.31187326344569 ], [ 111.978719724764289, -6.31187326344569 ], [ 111.978719724764289, -6.431873263445689 ] ] ] } },
{ "type": "Feature", "properties": { "Kab_kota": "Pamekasan", "Pulau": "Jawa", "Provinsi": "Jawa Timur", "pct_lansia_2020": 10.8741, "pct_lansia_2024": 12.3506, "delta_pct_lansia": 1.4765, "persen_perubahan_pct_lansia": 13.578135201993724 }, "geometry": { "type": "Polygon", "coordinates": [ [ [ 111.115027189814981, -6.886961808215309 ], [ 111.235027189814986, -6.886961808215309 ], [ 111.235027189814986, -6.76696180821531 ], [ 111.115027189814981, -6.76696180821531 ], [ 111.115027189814981, -6.886961808215309 ] ] ] } },
{ "type": "Feature", "properties": { "Kab_kota": "Sumenep", "Pulau": "Jawa", "Provinsi": "Jawa Timur", "pct_lansia_2020": 15.1184, "pct_lansia_2024": 16.7768, "delta_pct_lansia": 1.6584, "persen_perubahan_pct_lansia": 10.969414752883917 }, "geometry": { "type": "Polygon", "coordinates": [ [ [ 111.2866963855151, -8.082159414575997 ], [ 111.406696385515104, -8.082159414575997 ], [ 111.406696385515104, -7.962159414575997 ], [ 111.2866963855151, -7.962159414575997 ], [ 111.2866963855151, -8.082159414575997 ] ] ] } },
{ "type": "Feature", "properties": { "Kab_kota": "Kota Kediri", "Pulau": "Jawa", "Provinsi": "Jawa Timur", "pct_lansia_2020": 11.732, "pct_lansia_2024": 13.6731, "delta_pct_lansia": 1.9411, "persen_perubahan_pct_lansia": 16.545346062052509 }, "geometry": { "type": "Polygon", "coordinates": [ [ [ 112.052003381695826, -8.626196699091862 ], [ 112.172003381695831, -8.626196699091862 ], [ 112.172003381695831, -8.506196699091861 ], [ 112.052003381695826, -8.506196699091861 ], [ 112.052003381695826, -8.626196699091862 ] ] ] } },
{ "type": "Feature", "properties": { "Kab_kota": "Kota Blitar", "Pulau": "Jawa", "Provinsi": "Jawa Timur", "pct_lansia_2020": 12.3735, "pct_lansia_2024": 14.0772, "delta_pct_lansia": 1.7037, "persen_perubahan_pct_lansia": 13.768941689901803 }, "geometry": { "type": "Polygon", "coordinates": [ [ [ 113.19959618551303, -8.348204268160913 ], [ 113.319596185513035, -8.348204268160913 ], [ 113.319596185513035, -8.228204268160912 ], [ 113.19959618551303, -8.228204268160912 ], [ 113.19959618551303, -8.348204268160913 ] ] ] } },
{ "type": "Feature", "properties": { "Kab_kota": "Kota Malang", "Pulau": "Jawa", "Provinsi": "Jawa Timur", "pct_lansia_2020": 12.0775, "pct_lansia_2024": 13.9693, "delta_pct_lansia": 1.8918, "persen_perubahan_pct_lansia": 15.663837714758847 }, "geometry": { "type": "Polygon", "coordinates": [ [ [ 113.461700324823397, -7.164007593621048 ], [ 113.581700324823402, -7.164007593621048 ], [ 113.581700324823402, -7.044007593621049 ], [ 113.461700324823397, -7.044007593621049 ], [ 113.461700324823397, -7.164007593621048 ] ] ] } },
{ "type": "Feature", "properties": { "Kab_kota": "Kota Probolinggo", "Pulau": "Jawa", "Provinsi": "Jawa Timur", "pct_lansia_2020": 10.5058, "pct_lansia_2024": 12.2045, "delta_pct_lansia": 1.6987, "persen_perubahan_pct_lansia": 16.169163700051385 }, "geometry": { "type": "Polygon", "coordinates": [ [ [ 112.385992178861144, -6.456762558610588 ], [ 112.505992178861149, -6.456762558610588 ], [ 112.505992178861149, -6.336762558610589 ], [ 112.385992178861144, -6.336762558610589 ], [ 112.385992178861144, -6.456762558610588 ] ] ] } },
{ "type": "Feature", "properties": { "Kab_kota": "Kota Pasuruan", "Pulau": "Jawa", "Provinsi": "Jawa Timur", "pct_lansia_2020": 9.6228, "pct_lansia_2024": 11.5332, "delta_pct_lansia": 1.9104, "persen_perubahan_pct_lansia": 19.852849482479122 }, "geometry": { "type": "Polygon", "coordinates": [ [ [ 111.264062805814731, -6.729337919999672 ], [ 111.384062805814736, -6.729337919999672 ], [ 111.384062805814736, -6.609337919999673 ], [ 111.264062805814731, -6.609337919999673 ], [ 111.264062805814731, -6.729337919999672 ] ] ] } },
{ "type": "Feature", "properties": { "Kab_kota": "Kota Mojokerto", "Pulau": "Jawa", "Provinsi": "Jawa Timur", "pct_lansia_2020": 11.34, "pct_lansia_2024": 13.3078, "delta_pct_lansia": 1.9678, "persen_perubahan_pct_lansia": 17.352733686067022 }, "geometry": { "type": "Polygon", "coordinates": [ [ [ 110.854598145903182, -7.693446076528289 ], [ 110.974598145903187, -7.693446076528289 ], [ 110.974598145903187, -7.57344607652829 ], [ 110.854598145903182, -7.57344607652829 ], [ 110.854598145903182, -7.693446076528289 ] ] ] } },
{ "type": "Feature", "properties": { "Kab_kota": "Kota Madiun", "Pulau": "Jawa", "Provinsi": "Jawa Timur", "pct_lansia_2020": 15.1049, "pct_lansia_2024": 16.5572, "delta_pct_lansia": 1.4523, "persen_perubahan_pct_lansia": 9.6147607729942006 }, "geometry": { "type": "Polygon", "coordinates": [ [ [ 111.726581913221224, -8.845808724303579 ], [ 111.846581913221229, -8.845808724303579 ], [ 111.846581913221229, -8.725808724303578 ], [ 111.726581913221224, -8.725808724303578 ], [ 111.726581913221224, -8.845808724303579 ] ] ] } },
{ "type": "Feature", "properties": { "Kab_kota": "Kota Surabaya", "Pulau": "Jawa", "Provinsi": "Jawa Timur", "pct_lansia_2020": 10.921, "pct_lansia_2024": 12.9582, "delta_pct_lansia": 2.0372, "persen_perubahan_pct_lansia": 18.653969416720084 }, "geometry": { "type": "Polygon", "coordinates": [ [ [ 112.843849226764235, -8.672347485142788 ], [ 112.963849226764239, -8.672347485142788 ], [ 112.963849226764239, -8.552347485142787 ], [ 112.843849226764235, -8.552347485142787 ], [ 112.843849226764235, -8.672347485142788 ] ] ] } },
{ "type": "Feature", "properties": { "Kab_kota": "Kota Batu", "Pulau": "Jawa", "Provinsi": "Jawa Timur", "pct_lansia_2020": 11.6918, "pct_lansia_2024": 13.6116, "delta_pct_lansia": 1.9198, "persen_perubahan_pct_lansia": 16.420055081339047 }, "geometry": { "type": "Polygon", "coordinates": [ [ [ 113.380793919015787, -7.357180899335671 ], [ 113.500793919015791, -7.357180899335671 ], [ 113.500793919015791, -7.237180899335672 ], [ 113.380793919015787, -7.237180899335672 ], [ 113.380793919015787, -7.357180899335671 ] ] ] } },
{ "type": "Feature", "properties": { "Kab_kota": "Pandeglang", "Pulau": "Jawa", "Provinsi": "Banten", "pct_lansia_2020": 8.152, "pct_lansia_2024": 9.8974, "delta_pct_lansia": 1.7454, "persen_perubahan_pct_lansia": 21.410696761530915 }, "geometry": { "type": "Polygon", "coordinates": [ [ [ 106.734705034443977, -5.579406341448158 ], [ 106.854705034443981, -5.579406341448158 ], [ 106.854705034443981, -5.459406341448159 ], [ 106.734705034443977, -5.459406341448159 ], [ 106.734705034443977, -5.579406341448158 ] ] ] } },
{ "type": "Feature", "properties": { "Kab_kota": "Lebak", "Pulau": "Jawa", "Provinsi": "Banten", "pct_lansia_2020": 7.8485, "pct_lansia_2024": 9.3691, "delta_pct_lansia": 1.5206, "persen_perubahan_pct_lansia": 19.37440275211824 }, "geometry": { "type": "Polygon", "coordinates": [ [ [ 105.21533222630606, -5.387332577215858 ], [ 105.335332226306065, -5.387332577215858 ], [ 105.335332226306065, -5.267332577215859 ], [ 105.21533222630606, -5.267332577215859 ], [ 105.21533222630606, -5.387332577215858 ] ] ] } },
{ "type": "Feature", "properties": { "Kab_kota": "Tangerang", "Pulau": "Jawa", "Provinsi": "Banten", "pct_lansia_2020": 5.9185, "pct_lansia_2024": 7.647, "delta_pct_lansia": 1.7285, "persen_perubahan_pct_lansia": 29.205035059559016 }, "geometry": { "type": "Polygon", "coordinates": [ [ [ 104.75609852791807, -6.358890678573797 ], [ 104.876098527918074, -6.358890678573797 ], [ 104.876098527918074, -6.238890678573798 ], [ 104.75609852791807, -6.238890678573798 ], [ 104.75609852791807, -6.358890678573797 ] ] ] } },
{ "type": "Feature", "properties": { "Kab_kota": "Serang", "Pulau": "Jawa", "Provinsi": "Banten", "pct_lansia_2020": 7.2667, "pct_lansia_2024": 8.7822, "delta_pct_lansia": 1.5155, "persen_perubahan_pct_lansia": 20.855408920142558 }, "geometry": { "type": "Polygon", "coordinates": [ [ [ 105.345795164152634, -7.597732694365379 ], [ 105.465795164152638, -7.597732694365379 ], [ 105.465795164152638, -7.47773269436538 ], [ 105.345795164152634, -7.47773269436538 ], [ 105.345795164152634, -7.597732694365379 ] ] ] } },
{ "type": "Feature", "properties": { "Kab_kota": "Kota Tangerang", "Pulau": "Jawa", "Provinsi": "Banten", "pct_lansia_2020": 7.5554, "pct_lansia_2024": 9.7142, "delta_pct_lansia": 2.1588, "persen_perubahan_pct_lansia": 28.572941207613102 }, "geometry": { "type": "Polygon", "coordinates": [ [ [ 106.532922179987821, -7.483104276090252 ], [ 106.652922179987826, -7.483104276090252 ], [ 106.652922179987826, -7.363104276090253 ], [ 106.532922179987821, -7.363104276090253 ], [ 106.532922179987821, -7.483104276090252 ] ] ] } },
{ "type": "Feature", "properties": { "Kab_kota": "Kota Cilegon", "Pulau": "Jawa", "Provinsi": "Banten", "pct_lansia_2020": 6.6393, "pct_lansia_2024": 8.6096, "delta_pct_lansia": 1.9703, "persen_perubahan_pct_lansia": 29.676321298932113 }, "geometry": { "type": "Polygon", "coordinates": [ [ [ 107.195204829340156, -6.778049874365311 ], [ 107.315204829340161, -6.778049874365311 ], [ 107.315204829340161, -6.658049874365312 ], [ 107.195204829340156, -6.658049874365312 ], [ 107.195204829340156, -6.778049874365311 ] ] ] } },
{ "type": "Feature", "properties": { "Kab_kota": "Kota Serang", "Pulau": "Jawa", "Provinsi": "Banten", "pct_lansia_2020": 5.8708, "pct_lansia_2024": 7.4791, "delta_pct_lansia": 1.6083, "persen_perubahan_pct_lansia": 27.394903590652035 }, "geometry": { "type": "Polygon", "coordinates": [ [ [ 106.906723018129156, -5.570881640041191 ], [ 107.026723018129161, -5.570881640041191 ], [ 107.026723018129161, -5.450881640041191 ], [ 106.906723018129156, -5.450881640041191 ], [ 106.906723018129156, -5.570881640041191 ] ] ] } },
{ "type": "Feature", "properties": { "Kab_kota": "Kota Tangerang Selatan", "Pulau": "Jawa", "Provinsi": "Banten", "pct_lansia_2020": 8.5327, "pct_lansia_2024": 11.0195, "delta_pct_lansia": 2.4868, "persen_perubahan_pct_lansia": 29.144350557267927 }, "geometry": { "type": "Polygon", "coordinates": [ [ [ 105.823609867779808, -5.359824734301904 ], [ 105.943609867779813, -5.359824734301904 ], [ 105.943609867779813, -5.239824734301905 ], [ 105.823609867779808, -5.239824734301905 ], [ 105.823609867779808, -5.359824734301904 ] ] ] } }
]
}
