{
  "type": "FeatureCollection",
  "name": "kabkota_jawa_sumatera_pca",
  "features": [
    {
      "type": "Feature",
      "geometry": {
        "type": "Polygon",
        "coordinates": [
          [
            [
              97.80385573398014,
              4.713687674239145
            ],
            [
              97.92385573398015,
              4.713687674239145
            ],
            [
              97.92385573398015,
              4.833687674239144
            ],
            [
              97.80385573398014,
              4.833687674239144
            ],
            [
              97.80385573398014,
              4.713687674239145
            ]
          ]
        ]
      },
      "properties": {
        "id_kab": "KAB_001",
        "Kab_kota": "Simeulue",
        "Provinsi": "Aceh",
        "PC1": -2.713349760338028,
        "PC2": -0.6319421799702639,
        "Tipologi_Lansia": null,
        "p0_miskin": 17.69,
        "pct_lansia": 8.484,
        "rls": 9.89,
        "pengeluaran": 8106
      }
    },
    {
      "type": "Feature",
      "geometry": {
        "type": "Polygon",
        "coordinates": [
          [
            [
              97.35828867467492,
              5.535605763195157
            ],
            [
              97.47828867467493,
              5.535605763195157
            ],
            [
              97.47828867467493,
              5.655605763195156
            ],
            [
              97.35828867467492,
              5.655605763195156
            ],
            [
              97.35828867467492,
              5.535605763195157
            ]
          ]
        ]
      },
      "properties": {
        "id_kab": "KAB_002",
        "Kab_kota": "Aceh Singkil",
        "Provinsi": "Aceh",
        "PC1": -3.1357326849977905,
        "PC2": -1.4703719553131172,
        "Tipologi_Lansia": null,
        "p0_miskin": 19.06,
        "pct_lansia": 6.3405,
        "rls": 8.72,
        "pengeluaran": 9862
      }
    },
    {
      "type": "Feature",
      "geometry": {
        "type": "Polygon",
        "coordinates": [
          [
            [
              96.1592663801932,
              5.814044500105044
            ],
            [
              96.2792663801932,
              5.814044500105044
            ],
            [
              96.2792663801932,
              5.934044500105043
            ],
            [
              96.1592663801932,
              5.934044500105043
            ],
            [
              96.1592663801932,
              5.814044500105044
            ]
          ]
        ]
      },
      "properties": {
        "id_kab": "KAB_003",
        "Kab_kota": "Aceh Selatan",
        "Provinsi": "Aceh",
        "PC1": -1.8577621022050903,
        "PC2": 0.1011490346687916,
        "Tipologi_Lansia": null,
        "p0_miskin": 12.02,
        "pct_lansia": 10.7883,
        "rls": 8.92,
        "pengeluaran": 9190
      }
    },
    {
      "type": "Feature",
      "geometry": {
        "type": "Polygon",
        "coordinates": [
          [
            [
              95.5753408995134,
              4.9967496890256875
            ],
            [
              95.69534089951341,
              4.9967496890256875
            ],
            [
              95.69534089951341,
              5.116749689025687
            ],
            [
              95.5753408995134,
              5.116749689025687
            ],
            [
              95.5753408995134,
              4.9967496890256875
            ]
          ]
        ]
      },
      "properties": {
        "id_kab": "KAB_004",
        "Kab_kota": "Aceh Tenggara",
        "Provinsi": "Aceh",
        "PC1": -1.8099402961898128,
        "PC2": -1.1309622811185207,
        "Tipologi_Lansia": null,
        "p0_miskin": 11.99,
        "pct_lansia": 8.2391,
        "rls": 10.1,
        "pengeluaran": 8876
      }
    },
    {
      "type": "Feature",
      "geometry": {
        "type": "Polygon",
        "coordinates": [
          [
            [
              95.86187466224132,
              3.7193097662242307
            ],
            [
              95.98187466224132,
              3.7193097662242307
            ],
            [
              95.98187466224132,
              3.839309766224231
            ],
            [
              95.86187466224132,
              3.839309766224231
            ],
            [
              95.86187466224132,
              3.7193097662242307
            ]
          ]
        ]
      },
      "properties": {
        "id_kab": "KAB_005",
        "Kab_kota": "Aceh Timur",
        "Provinsi": "Aceh",
        "PC1": -1.8679491335804523,
        "PC2": -1.3699657292694678,
        "Tipologi_Lansia": null,
        "p0_miskin": 13.26,
        "pct_lansia": 7.9263,
        "rls": 8.48,
        "pengeluaran": 9889
      }
    },
    {
      "type": "Feature",
      "geometry": {
        "type": "Polygon",
        "coordinates": [
          [
            [
              97.12141450550949,
              3.421662076864582
            ],
            [
              97.2414145055095,
              3.421662076864582
            ],
            [
              97.2414145055095,
              3.541662076864582
            ],
            [
              97.12141450550949,
              3.541662076864582
            ],
            [
              97.12141450550949,
              3.421662076864582
            ]
          ]
        ]
      },
      "properties": {
        "id_kab": "KAB_006",
        "Kab_kota": "Aceh Tengah",
        "Provinsi": "Aceh",
        "PC1": -1.3725719973143928,
        "PC2": -0.9335274186800812,
        "Tipologi_Lansia": null,
        "p0_miskin": 14.27,
        "pct_lansia": 8.8787,
        "rls": 10.03,
        "pengeluaran": 11805
      }
    },
    {
      "type": "Feature",
      "geometry": {
        "type": "Polygon",
        "coordinates": [
          [
            [
              97.66547550262426,
              4.275230300033139
            ],
            [
              97.78547550262427,
              4.275230300033139
            ],
            [
              97.78547550262427,
              4.3952303000331385
            ],
            [
              97.66547550262426,
              4.3952303000331385
            ],
            [
              97.66547550262426,
              4.275230300033139
            ]
          ]
        ]
      },
      "properties": {
        "id_kab": "KAB_007",
        "Kab_kota": "Aceh Barat",
        "Provinsi": "Aceh",
        "PC1": -1.3611459155032617,
        "PC2": -0.1624639292602402,
        "Tipologi_Lansia": null,
        "p0_miskin": 17.6,
        "pct_lansia": 10.1682,
        "rls": 9.99,
        "pengeluaran": 10548
      }
    },
    {
      "type": "Feature",
      "geometry": {
        "type": "Polygon",
        "coordinates": [
          [
            [
              97.68928086750478,
              5.38270162059472
            ],
            [
              97.80928086750478,
              5.38270162059472
            ],
            [
              97.80928086750478,
              5.502701620594719
            ],
            [
              97.68928086750478,
              5.502701620594719
            ],
            [
              97.68928086750478,
              5.38270162059472
            ]
          ]
        ]
      },
      "properties": {
        "id_kab": "KAB_008",
        "Kab_kota": "Aceh Besar",
        "Provinsi": "Aceh",
        "PC1": -0.6095295596444603,
        "PC2": -1.3623311206571789,
        "Tipologi_Lansia": null,
        "p0_miskin": 13.21,
        "pct_lansia": 9.475,
        "rls": 10.37,
        "pengeluaran": 10810
      }
    },
    {
      "type": "Feature",
      "geometry": {
        "type": "Polygon",
        "coordinates": [
          [
            [
              96.38498066188865,
              5.695326588129459
            ],
            [
              96.50498066188865,
              5.695326588129459
            ],
            [
              96.50498066188865,
              5.815326588129458
            ],
            [
              96.38498066188865,
              5.815326588129458
            ],
            [
              96.38498066188865,
              5.695326588129459
            ]
          ]
        ]
      },
      "properties": {
        "id_kab": "KAB_009",
        "Kab_kota": "Pidie",
        "Provinsi": "Aceh",
        "PC1": -1.623747104005032,
        "PC2": 0.1729784356832251,
        "Tipologi_Lansia": null,
        "p0_miskin": 18.59,
        "pct_lansia": 10.8519,
        "rls": 9.04,
        "pengeluaran": 11187
      }
    },
    {
      "type": "Feature",
      "geometry": {
        "type": "Polygon",
        "coordinates": [
          [
            [
              95.60877472057713,
              5.142262731826843
            ],
            [
              95.72877472057714,
              5.142262731826843
            ],
            [
              95.72877472057714,
              5.2622627318268425
            ],
            [
              95.60877472057713,
              5.2622627318268425
            ],
            [
              95.60877472057713,
              5.142262731826843
            ]
          ]
        ]
      },
      "properties": {
        "id_kab": "KAB_010",
        "Kab_kota": "Bireuen",
        "Provinsi": "Aceh",
        "PC1": -1.004350795440336,
        "PC2": -0.3025903511889429,
        "Tipologi_Lansia": null,
        "p0_miskin": 12.1,
        "pct_lansia": 9.9862,
        "rls": 9.59,
        "pengeluaran": 10150
      }
    },
    {
      "type": "Feature",
      "geometry": {
        "type": "Polygon",
        "coordinates": [
          [
            [
              95.82228688273936,
              4.036035050353285
            ],
            [
              95.94228688273937,
              4.036035050353285
            ],
            [
              95.94228688273937,
              4.156035050353284
            ],
            [
              95.82228688273936,
              4.156035050353284
            ],
            [
              95.82228688273936,
              4.036035050353285
            ]
          ]
        ]
      },
      "properties": {
        "id_kab": "KAB_011",
        "Kab_kota": "Aceh Utara",
        "Provinsi": "Aceh",
        "PC1": -1.7346415769240862,
        "PC2": -0.5569863512878402,
        "Tipologi_Lansia": null,
        "p0_miskin": 16.11,
        "pct_lansia": 9.3803,
        "rls": 9.11,
        "pengeluaran": 9374
      }
    },
    {
      "type": "Feature",
      "geometry": {
        "type": "Polygon",
        "coordinates": [
          [
            [
              96.73912024185668,
              3.52489388208341
            ],
            [
              96.85912024185669,
              3.52489388208341
            ],
            [
              96.85912024185669,
              3.64489388208341
            ],
            [
              96.73912024185668,
              3.64489388208341
            ],
            [
              96.73912024185668,
              3.52489388208341
            ]
          ]
        ]
      },
      "properties": {
        "id_kab": "KAB_012",
        "Kab_kota": "Aceh Barat Daya",
        "Provinsi": "Aceh",
        "PC1": -2.3534322036203017,
        "PC2": 0.1317419881116646,
        "Tipologi_Lansia": null,
        "p0_miskin": 15.32,
        "pct_lansia": 9.5001,
        "rls": 8.78,
        "pengeluaran": 9559
      }
    },
    {
      "type": "Feature",
      "geometry": {
        "type": "Polygon",
        "coordinates": [
          [
            [
              97.63120831602025,
              4.0801898514275665
            ],
            [
              97.75120831602025,
              4.0801898514275665
            ],
            [
              97.75120831602025,
              4.200189851427566
            ],
            [
              97.63120831602025,
              4.200189851427566
            ],
            [
              97.63120831602025,
              4.0801898514275665
            ]
          ]
        ]
      },
      "properties": {
        "id_kab": "KAB_013",
        "Kab_kota": "Gayo Lues",
        "Provinsi": "Aceh",
        "PC1": -3.5492720609366515,
        "PC2": -0.4322575374091379,
        "Tipologi_Lansia": null,
        "p0_miskin": 18.3,
        "pct_lansia": 6.9191,
        "rls": 8.44,
        "pengeluaran": 9967
      }
    },
    {
      "type": "Feature",
      "geometry": {
        "type": "Polygon",
        "coordinates": [
          [
            [
              97.66964143009181,
              5.084015906440896
            ],
            [
              97.78964143009182,
              5.084015906440896
            ],
            [
              97.78964143009182,
              5.204015906440895
            ],
            [
              97.66964143009181,
              5.204015906440895
            ],
            [
              97.66964143009181,
              5.084015906440896
            ]
          ]
        ]
      },
      "properties": {
        "id_kab": "KAB_014",
        "Kab_kota": "Aceh Tamiang",
        "Provinsi": "Aceh",
        "PC1": -1.0818699144588173,
        "PC2": -0.7954905380101078,
        "Tipologi_Lansia": null,
        "p0_miskin": 12.17,
        "pct_lansia": 9.3267,
        "rls": 9.3,
        "pengeluaran": 9529
      }
    },
    {
      "type": "Feature",
      "geometry": {
        "type": "Polygon",
        "coordinates": [
          [
            [
              96.90587511139118,
              5.741314445389376
            ],
            [
              97.02587511139119,
              5.741314445389376
            ],
            [
              97.02587511139119,
              5.861314445389375
            ],
            [
              96.90587511139118,
              5.861314445389375
            ],
            [
              96.90587511139118,
              5.741314445389376
            ]
          ]
        ]
      },
      "properties": {
        "id_kab": "KAB_015",
        "Kab_kota": "Nagan Raya",
        "Provinsi": "Aceh",
        "PC1": -1.5100729643143385,
        "PC2": 0.233439995085158,
        "Tipologi_Lansia": null,
        "p0_miskin": 16.94,
        "pct_lansia": 10.2517,
        "rls": 9.25,
        "pengeluaran": 9523
      }
    },
    {
      "type": "Feature",
      "geometry": {
        "type": "Polygon",
        "coordinates": [
          [
            [
              95.75125497364122,
              5.2522873841665705
            ],
            [
              95.87125497364123,
              5.2522873841665705
            ],
            [
              95.87125497364123,
              5.37228738416657
            ],
            [
              95.75125497364122,
              5.37228738416657
            ],
            [
              95.75125497364122,
              5.2522873841665705
            ]
          ]
        ]
      },
      "properties": {
        "id_kab": "KAB_016",
        "Kab_kota": "Aceh Jaya",
        "Provinsi": "Aceh",
        "PC1": -2.0740797602563115,
        "PC2": -0.6415050700482596,
        "Tipologi_Lansia": null,
        "p0_miskin": 12.25,
        "pct_lansia": 8.7581,
        "rls": 9.02,
        "pengeluaran": 11007
      }
    },
    {
      "type": "Feature",
      "geometry": {
        "type": "Polygon",
        "coordinates": [
          [
            [
              95.53768266267205,
              4.26196112533378
            ],
            [
              95.65768266267206,
              4.26196112533378
            ],
            [
              95.65768266267206,
              4.381961125333779
            ],
            [
              95.53768266267205,
              4.381961125333779
            ],
            [
              95.53768266267205,
              4.26196112533378
            ]
          ]
        ]
      },
      "properties": {
        "id_kab": "KAB_017",
        "Kab_kota": "Bener Meriah",
        "Provinsi": "Aceh",
        "PC1": -1.8796393375067837,
        "PC2": -0.5394100379793854,
        "Tipologi_Lansia": null,
        "p0_miskin": 18.18,
        "pct_lansia": 8.2634,
        "rls": 10.13,
        "pengeluaran": 12360
      }
    },
    {
      "type": "Feature",
      "geometry": {
        "type": "Polygon",
        "coordinates": [
          [
            [
              96.28410848352706,
              3.451755125862863
            ],
            [
              96.40410848352707,
              3.451755125862863
            ],
            [
              96.40410848352707,
              3.5717551258628633
            ],
            [
              96.28410848352706,
              3.5717551258628633
            ],
            [
              96.28410848352706,
              3.451755125862863
            ]
          ]
        ]
      },
      "properties": {
        "id_kab": "KAB_018",
        "Kab_kota": "Pidie Jaya",
        "Provinsi": "Aceh",
        "PC1": -1.3125869986112937,
        "PC2": 0.2885615109192551,
        "Tipologi_Lansia": null,
        "p0_miskin": 18.28,
        "pct_lansia": 10.548,
        "rls": 9.59,
        "pengeluaran": 11274
      }
    },
    {
      "type": "Feature",
      "geometry": {
        "type": "Polygon",
        "coordinates": [
          [
            [
              97.63913571513974,
              3.704455826659112
            ],
            [
              97.75913571513975,
              3.704455826659112
            ],
            [
              97.75913571513975,
              3.824455826659112
            ],
            [
              97.63913571513974,
              3.824455826659112
            ],
            [
              97.63913571513974,
              3.704455826659112
            ]
          ]
        ]
      },
      "properties": {
        "id_kab": "KAB_019",
        "Kab_kota": "Kota Banda Aceh",
        "Provinsi": "Aceh",
        "PC1": 1.9814533432344128,
        "PC2": -3.4288301712634426,
        "Tipologi_Lansia": null,
        "p0_miskin": 6.95,
        "pct_lansia": 8.4371,
        "rls": 13.1,
        "pengeluaran": 18100
      }
    },
    {
      "type": "Feature",
      "geometry": {
        "type": "Polygon",
        "coordinates": [
          [
            [
              97.87658021217773,
              4.992616658877096
            ],
            [
              97.99658021217773,
              4.992616658877096
            ],
            [
              97.99658021217773,
              5.112616658877095
            ],
            [
              97.87658021217773,
              5.112616658877095
            ],
            [
              97.87658021217773,
              4.992616658877096
            ]
          ]
        ]
      },
      "properties": {
        "id_kab": "KAB_020",
        "Kab_kota": "Kota Sabang",
        "Provinsi": "Aceh",
        "PC1": -0.6904137602282986,
        "PC2": -0.8183398993242094,
        "Tipologi_Lansia": null,
        "p0_miskin": 14.58,
        "pct_lansia": 9.5077,
        "rls": 11.22,
        "pengeluaran": 12625
      }
    },
    {
      "type": "Feature",
      "geometry": {
        "type": "Polygon",
        "coordinates": [
          [
            [
              97.02534583220778,
              5.780215481589997
            ],
            [
              97.14534583220778,
              5.780215481589997
            ],
            [
              97.14534583220778,
              5.9002154815899965
            ],
            [
              97.02534583220778,
              5.9002154815899965
            ],
            [
              97.02534583220778,
              5.780215481589997
            ]
          ]
        ]
      },
      "properties": {
        "id_kab": "KAB_021",
        "Kab_kota": "Kota Langsa",
        "Provinsi": "Aceh",
        "PC1": 0.4634629853569638,
        "PC2": -1.6117363051324418,
        "Tipologi_Lansia": null,
        "p0_miskin": 10.33,
        "pct_lansia": 9.6524,
        "rls": 11.28,
        "pengeluaran": 13133
      }
    },
    {
      "type": "Feature",
      "geometry": {
        "type": "Polygon",
        "coordinates": [
          [
            [
              95.99805537251233,
              5.566000958971396
            ],
            [
              96.11805537251233,
              5.566000958971396
            ],
            [
              96.11805537251233,
              5.686000958971396
            ],
            [
              95.99805537251233,
              5.686000958971396
            ],
            [
              95.99805537251233,
              5.566000958971396
            ]
          ]
        ]
      },
      "properties": {
        "id_kab": "KAB_022",
        "Kab_kota": "Kota Lhokseumawe",
        "Provinsi": "Aceh",
        "PC1": 0.538677673260112,
        "PC2": -2.08903025945135,
        "Tipologi_Lansia": null,
        "p0_miskin": 10.44,
        "pct_lansia": 8.8008,
        "rls": 11.31,
        "pengeluaran": 12694
      }
    },
    {
      "type": "Feature",
      "geometry": {
        "type": "Polygon",
        "coordinates": [
          [
            [
              95.38962915448502,
              4.771002092004863
            ],
            [
              95.50962915448503,
              4.771002092004863
            ],
            [
              95.50962915448503,
              4.891002092004862
            ],
            [
              95.38962915448502,
              4.891002092004862
            ],
            [
              95.38962915448502,
              4.771002092004863
            ]
          ]
        ]
      },
      "properties": {
        "id_kab": "KAB_023",
        "Kab_kota": "Kota Subulussalam",
        "Provinsi": "Aceh",
        "PC1": -4.16257874794212,
        "PC2": -1.761428937003848,
        "Tipologi_Lansia": null,
        "p0_miskin": 16.38,
        "pct_lansia": 5.436,
        "rls": 8.43,
        "pengeluaran": 8491
      }
    },
    {
      "type": "Feature",
      "geometry": {
        "type": "Polygon",
        "coordinates": [
          [
            [
              99.03992428984421,
              1.0331492206948771
            ],
            [
              99.15992428984421,
              1.0331492206948771
            ],
            [
              99.15992428984421,
              1.1531492206948772
            ],
            [
              99.03992428984421,
              1.1531492206948772
            ],
            [
              99.03992428984421,
              1.0331492206948771
            ]
          ]
        ]
      },
      "properties": {
        "id_kab": "KAB_024",
        "Kab_kota": "Nias",
        "Provinsi": "Sumatera Utara",
        "PC1": -3.523088590152416,
        "PC2": 0.3955813471569677,
        "Tipologi_Lansia": null,
        "p0_miskin": 14.89,
        "pct_lansia": 7.5802,
        "rls": 6.4,
        "pengeluaran": 7698
      }
    },
    {
      "type": "Feature",
      "geometry": {
        "type": "Polygon",
        "coordinates": [
          [
            [
              100.03927261910958,
              0.9765000132959754
            ],
            [
              100.15927261910959,
              0.9765000132959754
            ],
            [
              100.15927261910959,
              1.0965000132959755
            ],
            [
              100.03927261910958,
              1.0965000132959755
            ],
            [
              100.03927261910958,
              0.9765000132959754
            ]
          ]
        ]
      },
      "properties": {
        "id_kab": "KAB_025",
        "Kab_kota": "Mandailing Natal",
        "Provinsi": "Sumatera Utara",
        "PC1": -2.227154195657329,
        "PC2": -2.2485994649806744,
        "Tipologi_Lansia": null,
        "p0_miskin": 8.69,
        "pct_lansia": 8.7654,
        "rls": 9.11,
        "pengeluaran": 10644
      }
    },
    {
      "type": "Feature",
      "geometry": {
        "type": "Polygon",
        "coordinates": [
          [
            [
              100.8050796944389,
              1.7448293662788021
            ],
            [
              100.9250796944389,
              1.7448293662788021
            ],
            [
              100.9250796944389,
              1.8648293662788022
            ],
            [
              100.8050796944389,
              1.8648293662788022
            ],
            [
              100.8050796944389,
              1.7448293662788021
            ]
          ]
        ]
      },
      "properties": {
        "id_kab": "KAB_026",
        "Kab_kota": "Tapanuli Selatan",
        "Provinsi": "Sumatera Utara",
        "PC1": -1.5707764660617622,
        "PC2": -1.5884260727982111,
        "Tipologi_Lansia": null,
        "p0_miskin": 6.92,
        "pct_lansia": 9.3224,
        "rls": 9.56,
        "pengeluaran": 12213
      }
    },
    {
      "type": "Feature",
      "geometry": {
        "type": "Polygon",
        "coordinates": [
          [
            [
              100.27943038938095,
              3.0116941919398945
            ],
            [
              100.39943038938095,
              3.0116941919398945
            ],
            [
              100.39943038938095,
              3.1316941919398946
            ],
            [
              100.27943038938095,
              3.1316941919398946
            ],
            [
              100.27943038938095,
              3.0116941919398945
            ]
          ]
        ]
      },
      "properties": {
        "id_kab": "KAB_027",
        "Kab_kota": "Tapanuli Tengah",
        "Provinsi": "Sumatera Utara",
        "PC1": -1.2975424637316215,
        "PC2": -1.3335222546813514,
        "Tipologi_Lansia": null,
        "p0_miskin": 11.8,
        "pct_lansia": 8.5858,
        "rls": 8.92,
        "pengeluaran": 11128
      }
    },
    {
      "type": "Feature",
      "geometry": {
        "type": "Polygon",
        "coordinates": [
          [
            [
              99.05618174513026,
              3.140156647595127
            ],
            [
              99.17618174513026,
              3.140156647595127
            ],
            [
              99.17618174513026,
              3.260156647595127
            ],
            [
              99.05618174513026,
              3.260156647595127
            ],
            [
              99.05618174513026,
              3.140156647595127
            ]
          ]
        ]
      },
      "properties": {
        "id_kab": "KAB_028",
        "Kab_kota": "Tapanuli Utara",
        "Provinsi": "Sumatera Utara",
        "PC1": -0.78586503740951,
        "PC2": -0.6091521121273732,
        "Tipologi_Lansia": null,
        "p0_miskin": 8.21,
        "pct_lansia": 11.7143,
        "rls": 10.31,
        "pengeluaran": 12382
      }
    },
    {
      "type": "Feature",
      "geometry": {
        "type": "Polygon",
        "coordinates": [
          [
            [
              98.40249326674083,
              2.347295830379324
            ],
            [
              98.52249326674084,
              2.347295830379324
            ],
            [
              98.52249326674084,
              2.467295830379324
            ],
            [
              98.40249326674083,
              2.467295830379324
            ],
            [
              98.40249326674083,
              2.347295830379324
            ]
          ]
        ]
      },
      "properties": {
        "id_kab": "KAB_029",
        "Kab_kota": "Toba Samosir / Toba",
        "Provinsi": "Sumatera Utara",
        "PC1": -0.3512685403040347,
        "PC2": -0.7564104748092939,
        "Tipologi_Lansia": null,
        "p0_miskin": 8.07,
        "pct_lansia": 11.4443,
        "rls": 10.77,
        "pengeluaran": 12960
      }
    },
    {
      "type": "Feature",
      "geometry": {
        "type": "Polygon",
        "coordinates": [
          [
            [
              98.5915998993644,
              1.4092220756625091
            ],
            [
              98.7115998993644,
              1.4092220756625091
            ],
            [
              98.7115998993644,
              1.5292220756625092
            ],
            [
              98.5915998993644,
              1.5292220756625092
            ],
            [
              98.5915998993644,
              1.4092220756625091
            ]
          ]
        ]
      },
      "properties": {
        "id_kab": "KAB_030",
        "Kab_kota": "Labuhan Batu",
        "Provinsi": "Sumatera Utara",
        "PC1": -0.5015296997041331,
        "PC2": -1.6450622425533217,
        "Tipologi_Lansia": null,
        "p0_miskin": 7.84,
        "pct_lansia": 8.0917,
        "rls": 9.5,
        "pengeluaran": 12102
      }
    },
    {
      "type": "Feature",
      "geometry": {
        "type": "Polygon",
        "coordinates": [
          [
            [
              99.70457636088999,
              0.937487564273475
            ],
            [
              99.82457636088999,
              0.937487564273475
            ],
            [
              99.82457636088999,
              1.057487564273475
            ],
            [
              99.70457636088999,
              1.057487564273475
            ],
            [
              99.70457636088999,
              0.937487564273475
            ]
          ]
        ]
      },
      "properties": {
        "id_kab": "KAB_031",
        "Kab_kota": "Asahan",
        "Provinsi": "Sumatera Utara",
        "PC1": -0.7014478336426124,
        "PC2": -1.2226095878930447,
        "Tipologi_Lansia": null,
        "p0_miskin": 8.12,
        "pct_lansia": 9.5788,
        "rls": 8.85,
        "pengeluaran": 12301
      }
    },
    {
      "type": "Feature",
      "geometry": {
        "type": "Polygon",
        "coordinates": [
          [
            [
              100.65266644976056,
              1.620516226450562
            ],
            [
              100.77266644976056,
              1.620516226450562
            ],
            [
              100.77266644976056,
              1.740516226450562
            ],
            [
              100.65266644976056,
              1.740516226450562
            ],
            [
              100.65266644976056,
              1.620516226450562
            ]
          ]
        ]
      },
      "properties": {
        "id_kab": "KAB_032",
        "Kab_kota": "Simalungun",
        "Provinsi": "Sumatera Utara",
        "PC1": 0.5381877781249457,
        "PC2": -0.3098140231251479,
        "Tipologi_Lansia": null,
        "p0_miskin": 7.72,
        "pct_lansia": 11.8861,
        "rls": 9.73,
        "pengeluaran": 12119
      }
    },
    {
      "type": "Feature",
      "geometry": {
        "type": "Polygon",
        "coordinates": [
          [
            [
              100.3194460279408,
              2.854048992538132
            ],
            [
              100.4394460279408,
              2.854048992538132
            ],
            [
              100.4394460279408,
              2.974048992538132
            ],
            [
              100.3194460279408,
              2.974048992538132
            ],
            [
              100.3194460279408,
              2.854048992538132
            ]
          ]
        ]
      },
      "properties": {
        "id_kab": "KAB_033",
        "Kab_kota": "Dairi",
        "Provinsi": "Sumatera Utara",
        "PC1": -1.008840832417567,
        "PC2": -0.7306898503469176,
        "Tipologi_Lansia": null,
        "p0_miskin": 7.1,
        "pct_lansia": 10.3471,
        "rls": 9.89,
        "pengeluaran": 11355
      }
    },
    {
      "type": "Feature",
      "geometry": {
        "type": "Polygon",
        "coordinates": [
          [
            [
              99.36663445314709,
              3.3607673687060555
            ],
            [
              99.48663445314709,
              3.3607673687060555
            ],
            [
              99.48663445314709,
              3.4807673687060556
            ],
            [
              99.36663445314709,
              3.4807673687060556
            ],
            [
              99.36663445314709,
              3.3607673687060555
            ]
          ]
        ]
      },
      "properties": {
        "id_kab": "KAB_034",
        "Kab_kota": "Karo",
        "Provinsi": "Sumatera Utara",
        "PC1": 0.3434886293747988,
        "PC2": -0.3828510238221917,
        "Tipologi_Lansia": null,
        "p0_miskin": 7.37,
        "pct_lansia": 10.8917,
        "rls": 10.12,
        "pengeluaran": 13278
      }
    },
    {
      "type": "Feature",
      "geometry": {
        "type": "Polygon",
        "coordinates": [
          [
            [
              98.49579845325506,
              2.567988407575537
            ],
            [
              98.61579845325507,
              2.567988407575537
            ],
            [
              98.61579845325507,
              2.687988407575537
            ],
            [
              98.49579845325506,
              2.687988407575537
            ],
            [
              98.49579845325506,
              2.567988407575537
            ]
          ]
        ]
      },
      "properties": {
        "id_kab": "KAB_035",
        "Kab_kota": "Deli Serdang",
        "Provinsi": "Sumatera Utara",
        "PC1": 1.0636951561780508,
        "PC2": -2.180635256240917,
        "Tipologi_Lansia": null,
        "p0_miskin": 3.44,
        "pct_lansia": 9.3505,
        "rls": 10.29,
        "pengeluaran": 13279
      }
    },
    {
      "type": "Feature",
      "geometry": {
        "type": "Polygon",
        "coordinates": [
          [
            [
              98.55480008440026,
              1.3798658032495736
            ],
            [
              98.67480008440026,
              1.3798658032495736
            ],
            [
              98.67480008440026,
              1.4998658032495737
            ],
            [
              98.55480008440026,
              1.4998658032495737
            ],
            [
              98.55480008440026,
              1.3798658032495736
            ]
          ]
        ]
      },
      "properties": {
        "id_kab": "KAB_036",
        "Kab_kota": "Langkat",
        "Provinsi": "Sumatera Utara",
        "PC1": -0.4530516117664287,
        "PC2": -0.7130934523699247,
        "Tipologi_Lansia": null,
        "p0_miskin": 9.04,
        "pct_lansia": 10.441,
        "rls": 8.74,
        "pengeluaran": 12080
      }
    },
    {
      "type": "Feature",
      "geometry": {
        "type": "Polygon",
        "coordinates": [
          [
            [
              99.4209101157231,
              0.9161649646887686
            ],
            [
              99.54091011572311,
              0.9161649646887686
            ],
            [
              99.54091011572311,
              1.0361649646887687
            ],
            [
              99.4209101157231,
              1.0361649646887687
            ],
            [
              99.4209101157231,
              0.9161649646887686
            ]
          ]
        ]
      },
      "properties": {
        "id_kab": "KAB_037",
        "Kab_kota": "Nias Selatan",
        "Provinsi": "Sumatera Utara",
        "PC1": -3.4272126407404304,
        "PC2": 0.4254019172403371,
        "Tipologi_Lansia": null,
        "p0_miskin": 16.32,
        "pct_lansia": 6.6333,
        "rls": 6.52,
        "pengeluaran": 7730
      }
    },
    {
      "type": "Feature",
      "geometry": {
        "type": "Polygon",
        "coordinates": [
          [
            [
              100.44136961411243,
              1.0896059226496075
            ],
            [
              100.56136961411244,
              1.0896059226496075
            ],
            [
              100.56136961411244,
              1.2096059226496076
            ],
            [
              100.44136961411243,
              1.2096059226496076
            ],
            [
              100.44136961411243,
              1.0896059226496075
            ]
          ]
        ]
      },
      "properties": {
        "id_kab": "KAB_038",
        "Kab_kota": "Humbang Hasundutan",
        "Provinsi": "Sumatera Utara",
        "PC1": -1.6416987835568082,
        "PC2": -0.4101724786551088,
        "Tipologi_Lansia": null,
        "p0_miskin": 8.44,
        "pct_lansia": 11.0839,
        "rls": 10.13,
        "pengeluaran": 8844
      }
    },
    {
      "type": "Feature",
      "geometry": {
        "type": "Polygon",
        "coordinates": [
          [
            [
              100.49477223051464,
              2.433756371408978
            ],
            [
              100.61477223051465,
              2.433756371408978
            ],
            [
              100.61477223051465,
              2.553756371408978
            ],
            [
              100.49477223051464,
              2.553756371408978
            ],
            [
              100.49477223051464,
              2.433756371408978
            ]
          ]
        ]
      },
      "properties": {
        "id_kab": "KAB_039",
        "Kab_kota": "Pakpak Bharat",
        "Provinsi": "Sumatera Utara",
        "PC1": -2.9088313950656004,
        "PC2": -1.8717140650280693,
        "Tipologi_Lansia": null,
        "p0_miskin": 6.87,
        "pct_lansia": 7.1746,
        "rls": 9.73,
        "pengeluaran": 9158
      }
    },
    {
      "type": "Feature",
      "geometry": {
        "type": "Polygon",
        "coordinates": [
          [
            [
              99.88328333034029,
              3.0731826695908144
            ],
            [
              100.0032833303403,
              3.0731826695908144
            ],
            [
              100.0032833303403,
              3.1931826695908145
            ],
            [
              99.88328333034029,
              3.1931826695908145
            ],
            [
              99.88328333034029,
              3.0731826695908144
            ]
          ]
        ]
      },
      "properties": {
        "id_kab": "KAB_040",
        "Kab_kota": "Samosir",
        "Provinsi": "Sumatera Utara",
        "PC1": -1.3968425893620025,
        "PC2": 0.2947337887032893,
        "Tipologi_Lansia": null,
        "p0_miskin": 11.63,
        "pct_lansia": 11.8654,
        "rls": 9.61,
        "pengeluaran": 9634
      }
    },
    {
      "type": "Feature",
      "geometry": {
        "type": "Polygon",
        "coordinates": [
          [
            [
              98.76156244423002,
              2.8770423631279693
            ],
            [
              98.88156244423003,
              2.8770423631279693
            ],
            [
              98.88156244423003,
              2.9970423631279695
            ],
            [
              98.76156244423002,
              2.9970423631279695
            ],
            [
              98.76156244423002,
              2.8770423631279693
            ]
          ]
        ]
      },
      "properties": {
        "id_kab": "KAB_041",
        "Kab_kota": "Serdang Bedagai",
        "Provinsi": "Sumatera Utara",
        "PC1": -0.4874111471761594,
        "PC2": -0.9345581325083868,
        "Tipologi_Lansia": null,
        "p0_miskin": 6.97,
        "pct_lansia": 10.3573,
        "rls": 9.12,
        "pengeluaran": 12015
      }
    },
    {
      "type": "Feature",
      "geometry": {
        "type": "Polygon",
        "coordinates": [
          [
            [
              98.25587309662068,
              1.8868060973214582
            ],
            [
              98.37587309662068,
              1.8868060973214582
            ],
            [
              98.37587309662068,
              2.006806097321458
            ],
            [
              98.25587309662068,
              2.006806097321458
            ],
            [
              98.25587309662068,
              1.8868060973214582
            ]
          ]
        ]
      },
      "properties": {
        "id_kab": "KAB_042",
        "Kab_kota": "Batu Bara",
        "Provinsi": "Sumatera Utara",
        "PC1": -1.597505918006764,
        "PC2": -1.0779935386222776,
        "Tipologi_Lansia": null,
        "p0_miskin": 10.94,
        "pct_lansia": 9.5907,
        "rls": 8.51,
        "pengeluaran": 11373
      }
    },
    {
      "type": "Feature",
      "geometry": {
        "type": "Polygon",
        "coordinates": [
          [
            [
              99.14178562077907,
              1.1256271383468341
            ],
            [
              99.26178562077908,
              1.1256271383468341
            ],
            [
              99.26178562077908,
              1.2456271383468343
            ],
            [
              99.14178562077907,
              1.2456271383468343
            ],
            [
              99.14178562077907,
              1.1256271383468341
            ]
          ]
        ]
      },
      "properties": {
        "id_kab": "KAB_043",
        "Kab_kota": "Padang Lawas Utara",
        "Provinsi": "Sumatera Utara",
        "PC1": -2.042660746365623,
        "PC2": -2.1537709683979767,
        "Tipologi_Lansia": null,
        "p0_miskin": 8.97,
        "pct_lansia": 6.7531,
        "rls": 9.82,
        "pengeluaran": 10925
      }
    },
    {
      "type": "Feature",
      "geometry": {
        "type": "Polygon",
        "coordinates": [
          [
            [
              99.96867254734437,
              1.0002293355189529
            ],
            [
              100.08867254734437,
              1.0002293355189529
            ],
            [
              100.08867254734437,
              1.120229335518953
            ],
            [
              99.96867254734437,
              1.120229335518953
            ],
            [
              99.96867254734437,
              1.0002293355189529
            ]
          ]
        ]
      },
      "properties": {
        "id_kab": "KAB_044",
        "Kab_kota": "Padang Lawas",
        "Provinsi": "Sumatera Utara",
        "PC1": -2.087349996189796,
        "PC2": -2.393596121469894,
        "Tipologi_Lansia": null,
        "p0_miskin": 7.87,
        "pct_lansia": 6.8014,
        "rls": 9.63,
        "pengeluaran": 9821
      }
    },
    {
      "type": "Feature",
      "geometry": {
        "type": "Polygon",
        "coordinates": [
          [
            [
              100.64418624314442,
              1.9985495394909356
            ],
            [
              100.76418624314442,
              1.9985495394909356
            ],
            [
              100.76418624314442,
              2.1185495394909357
            ],
            [
              100.64418624314442,
              2.1185495394909357
            ],
            [
              100.64418624314442,
              1.9985495394909356
            ]
          ]
        ]
      },
      "properties": {
        "id_kab": "KAB_045",
        "Kab_kota": "Labuhan Batu Selatan",
        "Provinsi": "Sumatera Utara",
        "PC1": -1.4903006622430917,
        "PC2": -1.830574502732036,
        "Tipologi_Lansia": null,
        "p0_miskin": 7.73,
        "pct_lansia": 6.4713,
        "rls": 9.19,
        "pengeluaran": 12353
      }
    },
    {
      "type": "Feature",
      "geometry": {
        "type": "Polygon",
        "coordinates": [
          [
            [
              100.31362977939489,
              3.158467761621487
            ],
            [
              100.43362977939489,
              3.158467761621487
            ],
            [
              100.43362977939489,
              3.2784677616214872
            ],
            [
              100.31362977939489,
              3.2784677616214872
            ],
            [
              100.31362977939489,
              3.158467761621487
            ]
          ]
        ]
      },
      "properties": {
        "id_kab": "KAB_046",
        "Kab_kota": "Labuhan Batu Utara",
        "Provinsi": "Sumatera Utara",
        "PC1": -0.9636810492561844,
        "PC2": -1.5504290316307523,
        "Tipologi_Lansia": null,
        "p0_miskin": 8.98,
        "pct_lansia": 7.8819,
        "rls": 9.14,
        "pengeluaran": 12839
      }
    },
    {
      "type": "Feature",
      "geometry": {
        "type": "Polygon",
        "coordinates": [
          [
            [
              99.07150559165244,
              3.0799119634655554
            ],
            [
              99.19150559165244,
              3.0799119634655554
            ],
            [
              99.19150559165244,
              3.1999119634655555
            ],
            [
              99.07150559165244,
              3.1999119634655555
            ],
            [
              99.07150559165244,
              3.0799119634655554
            ]
          ]
        ]
      },
      "properties": {
        "id_kab": "KAB_047",
        "Kab_kota": "Nias Utara",
        "Provinsi": "Sumatera Utara",
        "PC1": -3.8864991213691695,
        "PC2": 0.7083592867121955,
        "Tipologi_Lansia": null,
        "p0_miskin": 21.5,
        "pct_lansia": 7.4258,
        "rls": 7.05,
        "pengeluaran": 7189
      }
    },
    {
      "type": "Feature",
      "geometry": {
        "type": "Polygon",
        "coordinates": [
          [
            [
              98.37097815649895,
              2.2409585139191575
            ],
            [
              98.49097815649895,
              2.2409585139191575
            ],
            [
              98.49097815649895,
              2.3609585139191576
            ],
            [
              98.37097815649895,
              2.3609585139191576
            ],
            [
              98.37097815649895,
              2.2409585139191575
            ]
          ]
        ]
      },
      "properties": {
        "id_kab": "KAB_048",
        "Kab_kota": "Nias Barat",
        "Provinsi": "Sumatera Utara",
        "PC1": -4.641758679670982,
        "PC2": 0.6522286935061686,
        "Tipologi_Lansia": null,
        "p0_miskin": 22.68,
        "pct_lansia": 7.2945,
        "rls": 7.26,
        "pengeluaran": 6740
      }
    },
    {
      "type": "Feature",
      "geometry": {
        "type": "Polygon",
        "coordinates": [
          [
            [
              98.67647730972743,
              0.9939453873508319
            ],
            [
              98.79647730972744,
              0.9939453873508319
            ],
            [
              98.79647730972744,
              1.113945387350832
            ],
            [
              98.67647730972743,
              1.113945387350832
            ],
            [
              98.67647730972743,
              0.9939453873508319
            ]
          ]
        ]
      },
      "properties": {
        "id_kab": "KAB_049",
        "Kab_kota": "Kota Sibolga",
        "Provinsi": "Sumatera Utara",
        "PC1": -0.3160729976285498,
        "PC2": -1.579154492113884,
        "Tipologi_Lansia": null,
        "p0_miskin": 11.39,
        "pct_lansia": 8.9943,
        "rls": 10.45,
        "pengeluaran": 12713
      }
    },
    {
      "type": "Feature",
      "geometry": {
        "type": "Polygon",
        "coordinates": [
          [
            [
              99.7831934581117,
              0.8072391757780839
            ],
            [
              99.9031934581117,
              0.8072391757780839
            ],
            [
              99.9031934581117,
              0.9272391757780838
            ],
            [
              99.7831934581117,
              0.9272391757780838
            ],
            [
              99.7831934581117,
              0.8072391757780839
            ]
          ]
        ]
      },
      "properties": {
        "id_kab": "KAB_050",
        "Kab_kota": "Kota Tanjung Balai",
        "Provinsi": "Sumatera Utara",
        "PC1": -2.063391478793016,
        "PC2": -1.4501148909864194,
        "Tipologi_Lansia": null,
        "p0_miskin": 11.97,
        "pct_lansia": 8.5011,
        "rls": 9.69,
        "pengeluaran": 12264
      }
    },
    {
      "type": "Feature",
      "geometry": {
        "type": "Polygon",
        "coordinates": [
          [
            [
              100.70970905425618,
              1.7458014372348865
            ],
            [
              100.82970905425618,
              1.7458014372348865
            ],
            [
              100.82970905425618,
              1.8658014372348866
            ],
            [
              100.70970905425618,
              1.8658014372348866
            ],
            [
              100.70970905425618,
              1.7458014372348865
            ]
          ]
        ]
      },
      "properties": {
        "id_kab": "KAB_051",
        "Kab_kota": "Kota Pematang Siantar",
        "Provinsi": "Sumatera Utara",
        "PC1": 2.236448735582823,
        "PC2": -1.169082891133194,
        "Tipologi_Lansia": null,
        "p0_miskin": 7.2,
        "pct_lansia": 12.8166,
        "rls": 11.82,
        "pengeluaran": 13349
      }
    },
    {
      "type": "Feature",
      "geometry": {
        "type": "Polygon",
        "coordinates": [
          [
            [
              100.22804301644219,
              2.702038405034775
            ],
            [
              100.34804301644219,
              2.702038405034775
            ],
            [
              100.34804301644219,
              2.822038405034775
            ],
            [
              100.22804301644219,
              2.822038405034775
            ],
            [
              100.22804301644219,
              2.702038405034775
            ]
          ]
        ]
      },
      "properties": {
        "id_kab": "KAB_052",
        "Kab_kota": "Kota Tebing Tinggi",
        "Provinsi": "Sumatera Utara",
        "PC1": 0.76691561377679,
        "PC2": -1.3158238221659606,
        "Tipologi_Lansia": null,
        "p0_miskin": 8.79,
        "pct_lansia": 11.2473,
        "rls": 10.87,
        "pengeluaran": 13900
      }
    },
    {
      "type": "Feature",
      "geometry": {
        "type": "Polygon",
        "coordinates": [
          [
            [
              99.35413679771165,
              3.168145353035906
            ],
            [
              99.47413679771165,
              3.168145353035906
            ],
            [
              99.47413679771165,
              3.288145353035906
            ],
            [
              99.35413679771165,
              3.288145353035906
            ],
            [
              99.35413679771165,
              3.168145353035906
            ]
          ]
        ]
      },
      "properties": {
        "id_kab": "KAB_053",
        "Kab_kota": "Kota Medan",
        "Provinsi": "Sumatera Utara",
        "PC1": 2.546401976243268,
        "PC2": -1.5560033593415046,
        "Tipologi_Lansia": null,
        "p0_miskin": 7.94,
        "pct_lansia": 11.4296,
        "rls": 11.79,
        "pengeluaran": 16069
      }
    },
    {
      "type": "Feature",
      "geometry": {
        "type": "Polygon",
        "coordinates": [
          [
            [
              98.40446359446415,
              2.66911267032649
            ],
            [
              98.52446359446415,
              2.66911267032649
            ],
            [
              98.52446359446415,
              2.78911267032649
            ],
            [
              98.40446359446415,
              2.78911267032649
            ],
            [
              98.40446359446415,
              2.66911267032649
            ]
          ]
        ]
      },
      "properties": {
        "id_kab": "KAB_054",
        "Kab_kota": "Kota Binjai",
        "Provinsi": "Sumatera Utara",
        "PC1": 0.9470374365251788,
        "PC2": -1.4406960906142123,
        "Tipologi_Lansia": null,
        "p0_miskin": 4.75,
        "pct_lansia": 10.4252,
        "rls": 11.2,
        "pengeluaran": 12015
      }
    },
    {
      "type": "Feature",
      "geometry": {
        "type": "Polygon",
        "coordinates": [
          [
            [
              98.44386332507453,
              1.5266341363878624
            ],
            [
              98.56386332507454,
              1.5266341363878624
            ],
            [
              98.56386332507454,
              1.6466341363878625
            ],
            [
              98.44386332507453,
              1.6466341363878625
            ],
            [
              98.44386332507453,
              1.5266341363878624
            ]
          ]
        ]
      },
      "properties": {
        "id_kab": "KAB_055",
        "Kab_kota": "Kota Padangsidimpuan",
        "Provinsi": "Sumatera Utara",
        "PC1": 0.3226852745238419,
        "PC2": -2.082447302804403,
        "Tipologi_Lansia": null,
        "p0_miskin": 6.23,
        "pct_lansia": 9.3811,
        "rls": 11.13,
        "pengeluaran": 11964
      }
    },
    {
      "type": "Feature",
      "geometry": {
        "type": "Polygon",
        "coordinates": [
          [
            [
              99.45335797775103,
              0.7824089508170082
            ],
            [
              99.57335797775103,
              0.7824089508170082
            ],
            [
              99.57335797775103,
              0.9024089508170083
            ],
            [
              99.45335797775103,
              0.9024089508170083
            ],
            [
              99.45335797775103,
              0.7824089508170082
            ]
          ]
        ]
      },
      "properties": {
        "id_kab": "KAB_056",
        "Kab_kota": "Kota Gunungsitoli",
        "Provinsi": "Sumatera Utara",
        "PC1": -2.4131294950192843,
        "PC2": -0.673140778154091,
        "Tipologi_Lansia": null,
        "p0_miskin": 14.72,
        "pct_lansia": 7.7283,
        "rls": 8.76,
        "pengeluaran": 9056
      }
    },
    {
      "type": "Feature",
      "geometry": {
        "type": "Polygon",
        "coordinates": [
          [
            [
              101.89550918306784,
              -1.5573284708222546
            ],
            [
              102.01550918306785,
              -1.5573284708222546
            ],
            [
              102.01550918306785,
              -1.4373284708222545
            ],
            [
              101.89550918306784,
              -1.4373284708222545
            ],
            [
              101.89550918306784,
              -1.5573284708222546
            ]
          ]
        ]
      },
      "properties": {
        "id_kab": "KAB_057",
        "Kab_kota": "Kepulauan Mentawai",
        "Provinsi": "Sumatera Barat",
        "PC1": -3.6166532440848,
        "PC2": 0.2355918023789882,
        "Tipologi_Lansia": null,
        "p0_miskin": 13.89,
        "pct_lansia": 7.635,
        "rls": 8.03,
        "pengeluaran": 7192
      }
    },
    {
      "type": "Feature",
      "geometry": {
        "type": "Polygon",
        "coordinates": [
          [
            [
              101.84078822248065,
              -0.34103395533687947
            ],
            [
              101.96078822248066,
              -0.34103395533687947
            ],
            [
              101.96078822248066,
              -0.22103395533687947
            ],
            [
              101.84078822248065,
              -0.22103395533687947
            ],
            [
              101.84078822248065,
              -0.34103395533687947
            ]
          ]
        ]
      },
      "properties": {
        "id_kab": "KAB_058",
        "Kab_kota": "Pesisir Selatan",
        "Provinsi": "Sumatera Barat",
        "PC1": -0.2354942387236493,
        "PC2": -0.0144571680470696,
        "Tipologi_Lansia": null,
        "p0_miskin": 7.49,
        "pct_lansia": 11.7646,
        "rls": 8.81,
        "pengeluaran": 10211
      }
    },
    {
      "type": "Feature",
      "geometry": {
        "type": "Polygon",
        "coordinates": [
          [
            [
              100.89162938629751,
              0.4229677649449778
            ],
            [
              101.01162938629751,
              0.4229677649449778
            ],
            [
              101.01162938629751,
              0.5429677649449778
            ],
            [
              100.89162938629751,
              0.5429677649449778
            ],
            [
              100.89162938629751,
              0.4229677649449778
            ]
          ]
        ]
      },
      "properties": {
        "id_kab": "KAB_059",
        "Kab_kota": "Solok",
        "Provinsi": "Sumatera Barat",
        "PC1": -0.5228975748685373,
        "PC2": 0.1573438361776548,
        "Tipologi_Lansia": null,
        "p0_miskin": 7.31,
        "pct_lansia": 11.7171,
        "rls": 7.91,
        "pengeluaran": 10988
      }
    },
    {
      "type": "Feature",
      "geometry": {
        "type": "Polygon",
        "coordinates": [
          [
            [
              100.01004190014211,
              -0.23473916560330635
            ],
            [
              100.13004190014212,
              -0.23473916560330635
            ],
            [
              100.13004190014212,
              -0.11473916560330635
            ],
            [
              100.01004190014211,
              -0.11473916560330635
            ],
            [
              100.01004190014211,
              -0.23473916560330635
            ]
          ]
        ]
      },
      "properties": {
        "id_kab": "KAB_060",
        "Kab_kota": "Sijunjung",
        "Provinsi": "Sumatera Barat",
        "PC1": -0.8331937740323261,
        "PC2": -0.7029653273606851,
        "Tipologi_Lansia": null,
        "p0_miskin": 5.78,
        "pct_lansia": 10.4034,
        "rls": 8.62,
        "pengeluaran": 11395
      }
    },
    {
      "type": "Feature",
      "geometry": {
        "type": "Polygon",
        "coordinates": [
          [
            [
              99.48015876798033,
              -1.003536115058016
            ],
            [
              99.60015876798033,
              -1.003536115058016
            ],
            [
              99.60015876798033,
              -0.8835361150580161
            ],
            [
              99.48015876798033,
              -0.8835361150580161
            ],
            [
              99.48015876798033,
              -1.003536115058016
            ]
          ]
        ]
      },
      "properties": {
        "id_kab": "KAB_061",
        "Kab_kota": "Tanah Datar",
        "Provinsi": "Sumatera Barat",
        "PC1": 1.1144403804411236,
        "PC2": 0.6489827009452048,
        "Tipologi_Lansia": null,
        "p0_miskin": 4.28,
        "pct_lansia": 15.5777,
        "rls": 9.29,
        "pengeluaran": 11223
      }
    },
    {
      "type": "Feature",
      "geometry": {
        "type": "Polygon",
        "coordinates": [
          [
            [
              100.43828209810306,
              -2.0422455588931014
            ],
            [
              100.55828209810306,
              -2.0422455588931014
            ],
            [
              100.55828209810306,
              -1.9222455588931013
            ],
            [
              100.43828209810306,
              -1.9222455588931013
            ],
            [
              100.43828209810306,
              -2.0422455588931014
            ]
          ]
        ]
      },
      "properties": {
        "id_kab": "KAB_062",
        "Kab_kota": "Padang Pariaman",
        "Provinsi": "Sumatera Barat",
        "PC1": 0.15263494221039,
        "PC2": -0.2643462552326025,
        "Tipologi_Lansia": null,
        "p0_miskin": 6.27,
        "pct_lansia": 12.6587,
        "rls": 8.42,
        "pengeluaran": 11756
      }
    },
    {
      "type": "Feature",
      "geometry": {
        "type": "Polygon",
        "coordinates": [
          [
            [
              101.74166094875298,
              -1.5261522869147992
            ],
            [
              101.86166094875298,
              -1.5261522869147992
            ],
            [
              101.86166094875298,
              -1.406152286914799
            ],
            [
              101.74166094875298,
              -1.406152286914799
            ],
            [
              101.74166094875298,
              -1.5261522869147992
            ]
          ]
        ]
      },
      "properties": {
        "id_kab": "KAB_063",
        "Kab_kota": "Agam",
        "Provinsi": "Sumatera Barat",
        "PC1": 0.8396913422083282,
        "PC2": 0.7602749926204864,
        "Tipologi_Lansia": null,
        "p0_miskin": 6.83,
        "pct_lansia": 14.4161,
        "rls": 9.23,
        "pengeluaran": 10686
      }
    },
    {
      "type": "Feature",
      "geometry": {
        "type": "Polygon",
        "coordinates": [
          [
            [
              101.94881951506896,
              -0.6960563339749986
            ],
            [
              102.06881951506897,
              -0.6960563339749986
            ],
            [
              102.06881951506897,
              -0.5760563339749984
            ],
            [
              101.94881951506896,
              -0.5760563339749984
            ],
            [
              101.94881951506896,
              -0.6960563339749986
            ]
          ]
        ]
      },
      "properties": {
        "id_kab": "KAB_064",
        "Kab_kota": "Lima Puluh Kota",
        "Provinsi": "Sumatera Barat",
        "PC1": -0.153277507168186,
        "PC2": 0.9014346810692978,
        "Tipologi_Lansia": null,
        "p0_miskin": 6.92,
        "pct_lansia": 13.4273,
        "rls": 8.13,
        "pengeluaran": 10648
      }
    },
    {
      "type": "Feature",
      "geometry": {
        "type": "Polygon",
        "coordinates": [
          [
            [
              101.16797669809657,
              0.42691871949102045
            ],
            [
              101.28797669809657,
              0.42691871949102045
            ],
            [
              101.28797669809657,
              0.5469187194910204
            ],
            [
              101.16797669809657,
              0.5469187194910204
            ],
            [
              101.16797669809657,
              0.42691871949102045
            ]
          ]
        ]
      },
      "properties": {
        "id_kab": "KAB_065",
        "Kab_kota": "Pasaman",
        "Provinsi": "Sumatera Barat",
        "PC1": -1.2217582634218092,
        "PC2": -0.3685034635745607,
        "Tipologi_Lansia": null,
        "p0_miskin": 6.74,
        "pct_lansia": 10.3185,
        "rls": 8.14,
        "pengeluaran": 9194
      }
    },
    {
      "type": "Feature",
      "geometry": {
        "type": "Polygon",
        "coordinates": [
          [
            [
              99.92948298428587,
              0.28472362972594684
            ],
            [
              100.04948298428587,
              0.28472362972594684
            ],
            [
              100.04948298428587,
              0.40472362972594683
            ],
            [
              99.92948298428587,
              0.40472362972594683
            ],
            [
              99.92948298428587,
              0.28472362972594684
            ]
          ]
        ]
      },
      "properties": {
        "id_kab": "KAB_066",
        "Kab_kota": "Solok Selatan",
        "Provinsi": "Sumatera Barat",
        "PC1": -1.031943497741114,
        "PC2": -0.4067524203549579,
        "Tipologi_Lansia": null,
        "p0_miskin": 6.56,
        "pct_lansia": 9.3271,
        "rls": 8.85,
        "pengeluaran": 11240
      }
    },
    {
      "type": "Feature",
      "geometry": {
        "type": "Polygon",
        "coordinates": [
          [
            [
              99.68676883616169,
              -0.7914819576953243
            ],
            [
              99.8067688361617,
              -0.7914819576953243
            ],
            [
              99.8067688361617,
              -0.6714819576953241
            ],
            [
              99.68676883616169,
              -0.6714819576953241
            ],
            [
              99.68676883616169,
              -0.7914819576953243
            ]
          ]
        ]
      },
      "properties": {
        "id_kab": "KAB_067",
        "Kab_kota": "Dharmasraya",
        "Provinsi": "Sumatera Barat",
        "PC1": 0.2410384789732084,
        "PC2": -1.173824483235413,
        "Tipologi_Lansia": null,
        "p0_miskin": 5.32,
        "pct_lansia": 8.9577,
        "rls": 8.98,
        "pengeluaran": 12254
      }
    },
    {
      "type": "Feature",
      "geometry": {
        "type": "Polygon",
        "coordinates": [
          [
            [
              99.9504225564038,
              -1.6331153310889646
            ],
            [
              100.0704225564038,
              -1.6331153310889646
            ],
            [
              100.0704225564038,
              -1.5131153310889645
            ],
            [
              99.9504225564038,
              -1.5131153310889645
            ],
            [
              99.9504225564038,
              -1.6331153310889646
            ]
          ]
        ]
      },
      "properties": {
        "id_kab": "KAB_068",
        "Kab_kota": "Pasaman Barat",
        "Provinsi": "Sumatera Barat",
        "PC1": -1.1470075574493928,
        "PC2": -1.4160443734129091,
        "Tipologi_Lansia": null,
        "p0_miskin": 7.0,
        "pct_lansia": 8.3001,
        "rls": 8.99,
        "pengeluaran": 9888
      }
    },
    {
      "type": "Feature",
      "geometry": {
        "type": "Polygon",
        "coordinates": [
          [
            [
              101.1499887708138,
              -1.9060743069467698
            ],
            [
              101.26998877081381,
              -1.9060743069467698
            ],
            [
              101.26998877081381,
              -1.7860743069467697
            ],
            [
              101.1499887708138,
              -1.7860743069467697
            ],
            [
              101.1499887708138,
              -1.9060743069467698
            ]
          ]
        ]
      },
      "properties": {
        "id_kab": "KAB_069",
        "Kab_kota": "Kota Padang",
        "Provinsi": "Sumatera Barat",
        "PC1": 2.746421283628545,
        "PC2": -2.245213405016792,
        "Tipologi_Lansia": null,
        "p0_miskin": 4.06,
        "pct_lansia": 11.4238,
        "rls": 11.63,
        "pengeluaran": 15458
      }
    },
    {
      "type": "Feature",
      "geometry": {
        "type": "Polygon",
        "coordinates": [
          [
            [
              101.95117388471826,
              -0.9573871803323308
            ],
            [
              102.07117388471826,
              -0.9573871803323308
            ],
            [
              102.07117388471826,
              -0.8373871803323307
            ],
            [
              101.95117388471826,
              -0.8373871803323307
            ],
            [
              101.95117388471826,
              -0.9573871803323308
            ]
          ]
        ]
      },
      "properties": {
        "id_kab": "KAB_070",
        "Kab_kota": "Kota Solok",
        "Provinsi": "Sumatera Barat",
        "PC1": 1.112263598852402,
        "PC2": -1.6490079004576972,
        "Tipologi_Lansia": null,
        "p0_miskin": 3.07,
        "pct_lansia": 9.4476,
        "rls": 11.37,
        "pengeluaran": 12995
      }
    },
    {
      "type": "Feature",
      "geometry": {
        "type": "Polygon",
        "coordinates": [
          [
            [
              101.41872735389582,
              -0.03390049798260483
            ],
            [
              101.53872735389582,
              -0.03390049798260483
            ],
            [
              101.53872735389582,
              0.08609950201739516
            ],
            [
              101.41872735389582,
              0.08609950201739516
            ],
            [
              101.41872735389582,
              -0.03390049798260483
            ]
          ]
        ]
      },
      "properties": {
        "id_kab": "KAB_071",
        "Kab_kota": "Kota Sawah Lunto",
        "Provinsi": "Sumatera Barat",
        "PC1": 0.882837970239929,
        "PC2": -0.9011612428742422,
        "Tipologi_Lansia": null,
        "p0_miskin": 2.33,
        "pct_lansia": 12.6228,
        "rls": 10.53,
        "pengeluaran": 11187
      }
    },
    {
      "type": "Feature",
      "geometry": {
        "type": "Polygon",
        "coordinates": [
          [
            [
              100.39677421877279,
              0.5123992799661083
            ],
            [
              100.5167742187728,
              0.5123992799661083
            ],
            [
              100.5167742187728,
              0.6323992799661085
            ],
            [
              100.39677421877279,
              0.6323992799661085
            ],
            [
              100.39677421877279,
              0.5123992799661083
            ]
          ]
        ]
      },
      "properties": {
        "id_kab": "KAB_072",
        "Kab_kota": "Kota Padang Panjang",
        "Provinsi": "Sumatera Barat",
        "PC1": 0.9565314761027236,
        "PC2": -1.6156311724906989,
        "Tipologi_Lansia": null,
        "p0_miskin": 5.31,
        "pct_lansia": 10.3393,
        "rls": 12.0,
        "pengeluaran": 11840
      }
    },
    {
      "type": "Feature",
      "geometry": {
        "type": "Polygon",
        "coordinates": [
          [
            [
              99.68070969039059,
              -0.5123471656761117
            ],
            [
              99.80070969039059,
              -0.5123471656761117
            ],
            [
              99.80070969039059,
              -0.3923471656761117
            ],
            [
              99.68070969039059,
              -0.3923471656761117
            ],
            [
              99.68070969039059,
              -0.5123471656761117
            ]
          ]
        ]
      },
      "properties": {
        "id_kab": "KAB_073",
        "Kab_kota": "Kota Bukittinggi",
        "Provinsi": "Sumatera Barat",
        "PC1": 1.9317878063897265,
        "PC2": -1.3809570263908977,
        "Tipologi_Lansia": null,
        "p0_miskin": 4.08,
        "pct_lansia": 11.1707,
        "rls": 11.65,
        "pengeluaran": 14297
      }
    },
    {
      "type": "Feature",
      "geometry": {
        "type": "Polygon",
        "coordinates": [
          [
            [
              99.67600035126493,
              -1.5152814875279543
            ],
            [
              99.79600035126494,
              -1.5152814875279543
            ],
            [
              99.79600035126494,
              -1.3952814875279542
            ],
            [
              99.67600035126493,
              -1.3952814875279542
            ],
            [
              99.67600035126493,
              -1.5152814875279543
            ]
          ]
        ]
      },
      "properties": {
        "id_kab": "KAB_074",
        "Kab_kota": "Kota Payakumbuh",
        "Provinsi": "Sumatera Barat",
        "PC1": 1.6761784941522575,
        "PC2": -1.0154044752905955,
        "Tipologi_Lansia": null,
        "p0_miskin": 5.19,
        "pct_lansia": 11.6035,
        "rls": 10.89,
        "pengeluaran": 14260
      }
    },
    {
      "type": "Feature",
      "geometry": {
        "type": "Polygon",
        "coordinates": [
          [
            [
              101.08175814931896,
              -1.8985965543847985
            ],
            [
              101.20175814931896,
              -1.8985965543847985
            ],
            [
              101.20175814931896,
              -1.7785965543847984
            ],
            [
              101.08175814931896,
              -1.7785965543847984
            ],
            [
              101.08175814931896,
              -1.8985965543847985
            ]
          ]
        ]
      },
      "properties": {
        "id_kab": "KAB_075",
        "Kab_kota": "Kota Pariaman",
        "Provinsi": "Sumatera Barat",
        "PC1": 1.122579658118102,
        "PC2": -1.4165434268322692,
        "Tipologi_Lansia": null,
        "p0_miskin": 4.26,
        "pct_lansia": 11.4566,
        "rls": 11.06,
        "pengeluaran": 13784
      }
    },
    {
      "type": "Feature",
      "geometry": {
        "type": "Polygon",
        "coordinates": [
          [
            [
              102.86530069886967,
              -0.36566280880853497
            ],
            [
              102.98530069886968,
              -0.36566280880853497
            ],
            [
              102.98530069886968,
              -0.24566280880853497
            ],
            [
              102.86530069886967,
              -0.24566280880853497
            ],
            [
              102.86530069886967,
              -0.36566280880853497
            ]
          ]
        ]
      },
      "properties": {
        "id_kab": "KAB_076",
        "Kab_kota": "Kuantan Singingi",
        "Provinsi": "Riau",
        "PC1": -0.9230757881722677,
        "PC2": -0.2678986081825076,
        "Tipologi_Lansia": null,
        "p0_miskin": 7.89,
        "pct_lansia": 9.8949,
        "rls": 9.14,
        "pengeluaran": 11182
      }
    },
    {
      "type": "Feature",
      "geometry": {
        "type": "Polygon",
        "coordinates": [
          [
            [
              102.55858549866089,
              0.8272438109694571
            ],
            [
              102.6785854986609,
              0.8272438109694571
            ],
            [
              102.6785854986609,
              0.9472438109694572
            ],
            [
              102.55858549866089,
              0.9472438109694572
            ],
            [
              102.55858549866089,
              0.8272438109694571
            ]
          ]
        ]
      },
      "properties": {
        "id_kab": "KAB_077",
        "Kab_kota": "Indragiri Hulu",
        "Provinsi": "Riau",
        "PC1": -1.0378599135450457,
        "PC2": -0.7088894972081519,
        "Tipologi_Lansia": null,
        "p0_miskin": 6.02,
        "pct_lansia": 7.9252,
        "rls": 8.43,
        "pengeluaran": 11333
      }
    },
    {
      "type": "Feature",
      "geometry": {
        "type": "Polygon",
        "coordinates": [
          [
            [
              101.45418683056562,
              1.4988287764367505
            ],
            [
              101.57418683056562,
              1.4988287764367505
            ],
            [
              101.57418683056562,
              1.6188287764367506
            ],
            [
              101.45418683056562,
              1.6188287764367506
            ],
            [
              101.45418683056562,
              1.4988287764367505
            ]
          ]
        ]
      },
      "properties": {
        "id_kab": "KAB_078",
        "Kab_kota": "Indragiri Hilir",
        "Provinsi": "Riau",
        "PC1": -1.3808282919097177,
        "PC2": 0.0996441657895497,
        "Tipologi_Lansia": null,
        "p0_miskin": 5.66,
        "pct_lansia": 9.0671,
        "rls": 7.32,
        "pengeluaran": 11050
      }
    },
    {
      "type": "Feature",
      "geometry": {
        "type": "Polygon",
        "coordinates": [
          [
            [
              100.77257900517651,
              0.9160231267063599
            ],
            [
              100.89257900517651,
              0.9160231267063599
            ],
            [
              100.89257900517651,
              1.03602312670636
            ],
            [
              100.77257900517651,
              1.03602312670636
            ],
            [
              100.77257900517651,
              0.9160231267063599
            ]
          ]
        ]
      },
      "properties": {
        "id_kab": "KAB_079",
        "Kab_kota": "Pelalawan",
        "Provinsi": "Riau",
        "PC1": -1.2790803455453723,
        "PC2": -1.3958809128419007,
        "Tipologi_Lansia": null,
        "p0_miskin": 8.49,
        "pct_lansia": 5.8541,
        "rls": 8.96,
        "pengeluaran": 12575
      }
    },
    {
      "type": "Feature",
      "geometry": {
        "type": "Polygon",
        "coordinates": [
          [
            [
              100.54776601451701,
              -0.2211106951548475
            ],
            [
              100.66776601451701,
              -0.2211106951548475
            ],
            [
              100.66776601451701,
              -0.1011106951548475
            ],
            [
              100.54776601451701,
              -0.1011106951548475
            ],
            [
              100.54776601451701,
              -0.2211106951548475
            ]
          ]
        ]
      },
      "properties": {
        "id_kab": "KAB_080",
        "Kab_kota": "Siak",
        "Provinsi": "Riau",
        "PC1": -0.1346153097180538,
        "PC2": -2.019762374617685,
        "Tipologi_Lansia": null,
        "p0_miskin": 5.08,
        "pct_lansia": 6.4671,
        "rls": 9.92,
        "pengeluaran": 13080
      }
    },
    {
      "type": "Feature",
      "geometry": {
        "type": "Polygon",
        "coordinates": [
          [
            [
              101.62037374548886,
              -0.9840806309571604
            ],
            [
              101.74037374548887,
              -0.9840806309571604
            ],
            [
              101.74037374548887,
              -0.8640806309571605
            ],
            [
              101.62037374548886,
              -0.8640806309571605
            ],
            [
              101.62037374548886,
              -0.9840806309571604
            ]
          ]
        ]
      },
      "properties": {
        "id_kab": "KAB_081",
        "Kab_kota": "Kampar",
        "Provinsi": "Riau",
        "PC1": -0.5821018557028579,
        "PC2": -1.3357497668338316,
        "Tipologi_Lansia": null,
        "p0_miskin": 6.92,
        "pct_lansia": 7.6419,
        "rls": 9.58,
        "pengeluaran": 12034
      }
    },
    {
      "type": "Feature",
      "geometry": {
        "type": "Polygon",
        "coordinates": [
          [
            [
              102.41278484370268,
              -0.4963087926389915
            ],
            [
              102.53278484370269,
              -0.4963087926389915
            ],
            [
              102.53278484370269,
              -0.37630879263899153
            ],
            [
              102.41278484370268,
              -0.37630879263899153
            ],
            [
              102.41278484370268,
              -0.4963087926389915
            ]
          ]
        ]
      },
      "properties": {
        "id_kab": "KAB_082",
        "Kab_kota": "Rokan Hulu",
        "Provinsi": "Riau",
        "PC1": -1.323129636956741,
        "PC2": -0.5579551336658959,
        "Tipologi_Lansia": null,
        "p0_miskin": 9.62,
        "pct_lansia": 7.4335,
        "rls": 8.94,
        "pengeluaran": 10586
      }
    },
    {
      "type": "Feature",
      "geometry": {
        "type": "Polygon",
        "coordinates": [
          [
            [
              102.91235071861641,
              0.6422429740642639
            ],
            [
              103.03235071861641,
              0.6422429740642639
            ],
            [
              103.03235071861641,
              0.762242974064264
            ],
            [
              102.91235071861641,
              0.762242974064264
            ],
            [
              102.91235071861641,
              0.6422429740642639
            ]
          ]
        ]
      },
      "properties": {
        "id_kab": "KAB_083",
        "Kab_kota": "Bengkalis",
        "Provinsi": "Riau",
        "PC1": 0.0289247739526239,
        "PC2": -1.5263502508215645,
        "Tipologi_Lansia": null,
        "p0_miskin": 6.36,
        "pct_lansia": 9.3552,
        "rls": 9.74,
        "pengeluaran": 12321
      }
    },
    {
      "type": "Feature",
      "geometry": {
        "type": "Polygon",
        "coordinates": [
          [
            [
              102.11727877339816,
              1.3301639066992665
            ],
            [
              102.23727877339816,
              1.3301639066992665
            ],
            [
              102.23727877339816,
              1.4501639066992666
            ],
            [
              102.11727877339816,
              1.4501639066992666
            ],
            [
              102.11727877339816,
              1.3301639066992665
            ]
          ]
        ]
      },
      "properties": {
        "id_kab": "KAB_084",
        "Kab_kota": "Rokan Hilir",
        "Provinsi": "Riau",
        "PC1": -1.0762103671655756,
        "PC2": -0.9433344266789656,
        "Tipologi_Lansia": null,
        "p0_miskin": 7.01,
        "pct_lansia": 7.8453,
        "rls": 8.53,
        "pengeluaran": 10447
      }
    },
    {
      "type": "Feature",
      "geometry": {
        "type": "Polygon",
        "coordinates": [
          [
            [
              100.86039733535517,
              1.2134151842252177
            ],
            [
              100.98039733535518,
              1.2134151842252177
            ],
            [
              100.98039733535518,
              1.3334151842252178
            ],
            [
              100.86039733535517,
              1.3334151842252178
            ],
            [
              100.86039733535517,
              1.2134151842252177
            ]
          ]
        ]
      },
      "properties": {
        "id_kab": "KAB_085",
        "Kab_kota": "Kepulauan Meranti",
        "Provinsi": "Riau",
        "PC1": -2.6108519972519315,
        "PC2": 1.2681323382010663,
        "Tipologi_Lansia": null,
        "p0_miskin": 23.15,
        "pct_lansia": 10.8315,
        "rls": 8.12,
        "pengeluaran": 8988
      }
    },
    {
      "type": "Feature",
      "geometry": {
        "type": "Polygon",
        "coordinates": [
          [
            [
              100.29720761222244,
              0.12266685157886287
            ],
            [
              100.41720761222244,
              0.12266685157886287
            ],
            [
              100.41720761222244,
              0.24266685157886286
            ],
            [
              100.29720761222244,
              0.24266685157886286
            ],
            [
              100.29720761222244,
              0.12266685157886287
            ]
          ]
        ]
      },
      "properties": {
        "id_kab": "KAB_086",
        "Kab_kota": "Kota Pekanbaru",
        "Provinsi": "Riau",
        "PC1": 1.5016443893974678,
        "PC2": -2.3323448056930323,
        "Tipologi_Lansia": null,
        "p0_miskin": 3.15,
        "pct_lansia": 8.8139,
        "rls": 11.96,
        "pengeluaran": 15212
      }
    },
    {
      "type": "Feature",
      "geometry": {
        "type": "Polygon",
        "coordinates": [
          [
            [
              101.31496351134054,
              -0.731094506132627
            ],
            [
              101.43496351134054,
              -0.731094506132627
            ],
            [
              101.43496351134054,
              -0.611094506132627
            ],
            [
              101.31496351134054,
              -0.611094506132627
            ],
            [
              101.31496351134054,
              -0.731094506132627
            ]
          ]
        ]
      },
      "properties": {
        "id_kab": "KAB_087",
        "Kab_kota": "Kota Dumai",
        "Provinsi": "Riau",
        "PC1": 0.1886767921442393,
        "PC2": -2.063581472064054,
        "Tipologi_Lansia": null,
        "p0_miskin": 3.14,
        "pct_lansia": 8.062,
        "rls": 10.29,
        "pengeluaran": 12847
      }
    },
    {
      "type": "Feature",
      "geometry": {
        "type": "Polygon",
        "coordinates": [
          [
            [
              102.91325288012213,
              -2.3674327401129034
            ],
            [
              103.03325288012213,
              -2.3674327401129034
            ],
            [
              103.03325288012213,
              -2.2474327401129033
            ],
            [
              102.91325288012213,
              -2.2474327401129033
            ],
            [
              102.91325288012213,
              -2.3674327401129034
            ]
          ]
        ]
      },
      "properties": {
        "id_kab": "KAB_088",
        "Kab_kota": "Kerinci",
        "Provinsi": "Jambi",
        "PC1": -0.0651441717542147,
        "PC2": 0.8007554952937775,
        "Tipologi_Lansia": null,
        "p0_miskin": 6.93,
        "pct_lansia": 13.1356,
        "rls": 8.6,
        "pengeluaran": 11441
      }
    },
    {
      "type": "Feature",
      "geometry": {
        "type": "Polygon",
        "coordinates": [
          [
            [
              103.43271416954678,
              -1.6700100018820132
            ],
            [
              103.55271416954679,
              -1.6700100018820132
            ],
            [
              103.55271416954679,
              -1.550010001882013
            ],
            [
              103.43271416954678,
              -1.550010001882013
            ],
            [
              103.43271416954678,
              -1.6700100018820132
            ]
          ]
        ]
      },
      "properties": {
        "id_kab": "KAB_089",
        "Kab_kota": "Merangin",
        "Provinsi": "Jambi",
        "PC1": -0.6297571713847172,
        "PC2": -0.418375760539006,
        "Tipologi_Lansia": null,
        "p0_miskin": 8.4,
        "pct_lansia": 8.7906,
        "rls": 8.4,
        "pengeluaran": 11425
      }
    },
    {
      "type": "Feature",
      "geometry": {
        "type": "Polygon",
        "coordinates": [
          [
            [
              102.9600351983624,
              -0.5533652289839361
            ],
            [
              103.08003519836241,
              -0.5533652289839361
            ],
            [
              103.08003519836241,
              -0.43336522898393615
            ],
            [
              102.9600351983624,
              -0.43336522898393615
            ],
            [
              102.9600351983624,
              -0.5533652289839361
            ]
          ]
        ]
      },
      "properties": {
        "id_kab": "KAB_090",
        "Kab_kota": "Sarolangun",
        "Provinsi": "Jambi",
        "PC1": -1.1040896760118928,
        "PC2": -1.3792626301688922,
        "Tipologi_Lansia": null,
        "p0_miskin": 8.36,
        "pct_lansia": 8.075,
        "rls": 8.35,
        "pengeluaran": 12679
      }
    },
    {
      "type": "Feature",
      "geometry": {
        "type": "Polygon",
        "coordinates": [
          [
            [
              101.689309080498,
              -0.44751665218696834
            ],
            [
              101.80930908049801,
              -0.44751665218696834
            ],
            [
              101.80930908049801,
              -0.32751665218696835
            ],
            [
              101.689309080498,
              -0.32751665218696835
            ],
            [
              101.689309080498,
              -0.44751665218696834
            ]
          ]
        ]
      },
      "properties": {
        "id_kab": "KAB_091",
        "Kab_kota": "Batang Hari",
        "Provinsi": "Jambi",
        "PC1": -0.7812840831285671,
        "PC2": -0.389045244876524,
        "Tipologi_Lansia": null,
        "p0_miskin": 8.63,
        "pct_lansia": 8.9537,
        "rls": 8.35,
        "pengeluaran": 10872
      }
    },
    {
      "type": "Feature",
      "geometry": {
        "type": "Polygon",
        "coordinates": [
          [
            [
              101.30951678619977,
              -1.5374551853460636
            ],
            [
              101.42951678619977,
              -1.5374551853460636
            ],
            [
              101.42951678619977,
              -1.4174551853460635
            ],
            [
              101.30951678619977,
              -1.4174551853460635
            ],
            [
              101.30951678619977,
              -1.5374551853460636
            ]
          ]
        ]
      },
      "properties": {
        "id_kab": "KAB_092",
        "Kab_kota": "Muaro Jambi",
        "Provinsi": "Jambi",
        "PC1": -0.2237538348633297,
        "PC2": -0.8916829605814889,
        "Tipologi_Lansia": null,
        "p0_miskin": 3.65,
        "pct_lansia": 8.4705,
        "rls": 8.7,
        "pengeluaran": 10007
      }
    },
    {
      "type": "Feature",
      "geometry": {
        "type": "Polygon",
        "coordinates": [
          [
            [
              101.74954194630104,
              -2.493364253916266
            ],
            [
              101.86954194630104,
              -2.493364253916266
            ],
            [
              101.86954194630104,
              -2.373364253916266
            ],
            [
              101.74954194630104,
              -2.373364253916266
            ],
            [
              101.74954194630104,
              -2.493364253916266
            ]
          ]
        ]
      },
      "properties": {
        "id_kab": "KAB_093",
        "Kab_kota": "Tanjung Jabung Timur",
        "Provinsi": "Jambi",
        "PC1": -1.852352599912367,
        "PC2": 0.5903695118263181,
        "Tipologi_Lansia": null,
        "p0_miskin": 10.14,
        "pct_lansia": 10.8585,
        "rls": 7.7,
        "pengeluaran": 10328
      }
    },
    {
      "type": "Feature",
      "geometry": {
        "type": "Polygon",
        "coordinates": [
          [
            [
              102.77965153221662,
              -2.880168018106091
            ],
            [
              102.89965153221662,
              -2.880168018106091
            ],
            [
              102.89965153221662,
              -2.760168018106091
            ],
            [
              102.77965153221662,
              -2.760168018106091
            ],
            [
              102.77965153221662,
              -2.880168018106091
            ]
          ]
        ]
      },
      "properties": {
        "id_kab": "KAB_094",
        "Kab_kota": "Tanjung Jabung Barat",
        "Provinsi": "Jambi",
        "PC1": -1.530794637521957,
        "PC2": -0.2897859478834391,
        "Tipologi_Lansia": null,
        "p0_miskin": 9.54,
        "pct_lansia": 8.9116,
        "rls": 8.32,
        "pengeluaran": 10696
      }
    },
    {
      "type": "Feature",
      "geometry": {
        "type": "Polygon",
        "coordinates": [
          [
            [
              103.57432142366234,
              -1.6667295233305142
            ],
            [
              103.69432142366234,
              -1.6667295233305142
            ],
            [
              103.69432142366234,
              -1.546729523330514
            ],
            [
              103.57432142366234,
              -1.546729523330514
            ],
            [
              103.57432142366234,
              -1.6667295233305142
            ]
          ]
        ]
      },
      "properties": {
        "id_kab": "KAB_095",
        "Kab_kota": "Tebo",
        "Provinsi": "Jambi",
        "PC1": -1.0616419596237967,
        "PC2": -0.4297751253382543,
        "Tipologi_Lansia": null,
        "p0_miskin": 6.12,
        "pct_lansia": 8.8552,
        "rls": 8.04,
        "pengeluaran": 11415
      }
    },
    {
      "type": "Feature",
      "geometry": {
        "type": "Polygon",
        "coordinates": [
          [
            [
              103.34141129810561,
              -0.8428476513385452
            ],
            [
              103.46141129810562,
              -0.8428476513385452
            ],
            [
              103.46141129810562,
              -0.7228476513385453
            ],
            [
              103.34141129810561,
              -0.7228476513385453
            ],
            [
              103.34141129810561,
              -0.8428476513385452
            ]
          ]
        ]
      },
      "properties": {
        "id_kab": "KAB_096",
        "Kab_kota": "Bungo",
        "Provinsi": "Jambi",
        "PC1": -0.5100152074542245,
        "PC2": -1.1454397635067304,
        "Tipologi_Lansia": null,
        "p0_miskin": 5.06,
        "pct_lansia": 8.8019,
        "rls": 8.6,
        "pengeluaran": 12820
      }
    },
    {
      "type": "Feature",
      "geometry": {
        "type": "Polygon",
        "coordinates": [
          [
            [
              102.22893703975448,
              -0.4133003655992192
            ],
            [
              102.34893703975449,
              -0.4133003655992192
            ],
            [
              102.34893703975449,
              -0.2933003655992192
            ],
            [
              102.22893703975448,
              -0.2933003655992192
            ],
            [
              102.22893703975448,
              -0.4133003655992192
            ]
          ]
        ]
      },
      "properties": {
        "id_kab": "KAB_097",
        "Kab_kota": "Kota Jambi",
        "Provinsi": "Jambi",
        "PC1": 1.5729708559290725,
        "PC2": -1.4489466697628337,
        "Tipologi_Lansia": null,
        "p0_miskin": 7.73,
        "pct_lansia": 10.2434,
        "rls": 11.51,
        "pengeluaran": 13388
      }
    },
    {
      "type": "Feature",
      "geometry": {
        "type": "Polygon",
        "coordinates": [
          [
            [
              101.32228309982484,
              -1.2779428240094655
            ],
            [
              101.44228309982485,
              -1.2779428240094655
            ],
            [
              101.44228309982485,
              -1.1579428240094654
            ],
            [
              101.32228309982484,
              -1.1579428240094654
            ],
            [
              101.32228309982484,
              -1.2779428240094655
            ]
          ]
        ]
      },
      "properties": {
        "id_kab": "KAB_098",
        "Kab_kota": "Kota Sungai Penuh",
        "Provinsi": "Jambi",
        "PC1": 1.2228698064204548,
        "PC2": -0.3916568976067472,
        "Tipologi_Lansia": null,
        "p0_miskin": 2.92,
        "pct_lansia": 12.4446,
        "rls": 10.48,
        "pengeluaran": 11499
      }
    },
    {
      "type": "Feature",
      "geometry": {
        "type": "Polygon",
        "coordinates": [
          [
            [
              103.96916636770696,
              -4.254579072413337
            ],
            [
              104.08916636770697,
              -4.254579072413337
            ],
            [
              104.08916636770697,
              -4.134579072413338
            ],
            [
              103.96916636770696,
              -4.134579072413338
            ],
            [
              103.96916636770696,
              -4.254579072413337
            ]
          ]
        ]
      },
      "properties": {
        "id_kab": "KAB_099",
        "Kab_kota": "Ogan Komering Ulu",
        "Provinsi": "Sumatera Selatan",
        "PC1": -1.2579514512567609,
        "PC2": -0.4794902199791099,
        "Tipologi_Lansia": null,
        "p0_miskin": 10.68,
        "pct_lansia": 10.0016,
        "rls": 8.86,
        "pengeluaran": 11339
      }
    },
    {
      "type": "Feature",
      "geometry": {
        "type": "Polygon",
        "coordinates": [
          [
            [
              104.75088679866099,
              -4.589283000128241
            ],
            [
              104.87088679866099,
              -4.589283000128241
            ],
            [
              104.87088679866099,
              -4.469283000128242
            ],
            [
              104.75088679866099,
              -4.469283000128242
            ],
            [
              104.75088679866099,
              -4.589283000128241
            ]
          ]
        ]
      },
      "properties": {
        "id_kab": "KAB_100",
        "Kab_kota": "Ogan Komering Ilir",
        "Provinsi": "Sumatera Selatan",
        "PC1": -1.404168842435492,
        "PC2": 0.3482279985521269,
        "Tipologi_Lansia": null,
        "p0_miskin": 12.08,
        "pct_lansia": 9.5053,
        "rls": 7.19,
        "pengeluaran": 12305
      }
    },
    {
      "type": "Feature",
      "geometry": {
        "type": "Polygon",
        "coordinates": [
          [
            [
              105.71589242403522,
              -3.969984399016308
            ],
            [
              105.83589242403522,
              -3.969984399016308
            ],
            [
              105.83589242403522,
              -3.849984399016308
            ],
            [
              105.71589242403522,
              -3.849984399016308
            ],
            [
              105.71589242403522,
              -3.969984399016308
            ]
          ]
        ]
      },
      "properties": {
        "id_kab": "KAB_101",
        "Kab_kota": "Muara Enim",
        "Provinsi": "Sumatera Selatan",
        "PC1": -0.9672065063749962,
        "PC2": -0.3936242743960457,
        "Tipologi_Lansia": null,
        "p0_miskin": 9.79,
        "pct_lansia": 10.0098,
        "rls": 8.27,
        "pengeluaran": 12291
      }
    },
    {
      "type": "Feature",
      "geometry": {
        "type": "Polygon",
        "coordinates": [
          [
            [
              106.12324037469291,
              -2.7756231068447628
            ],
            [
              106.24324037469292,
              -2.7756231068447628
            ],
            [
              106.24324037469292,
              -2.6556231068447627
            ],
            [
              106.12324037469291,
              -2.6556231068447627
            ],
            [
              106.12324037469291,
              -2.7756231068447628
            ]
          ]
        ]
      },
      "properties": {
        "id_kab": "KAB_102",
        "Kab_kota": "Lahat",
        "Provinsi": "Sumatera Selatan",
        "PC1": -1.7358174409333136,
        "PC2": 0.2921584917320982,
        "Tipologi_Lansia": null,
        "p0_miskin": 14.14,
        "pct_lansia": 10.9429,
        "rls": 8.69,
        "pengeluaran": 11255
      }
    },
    {
      "type": "Feature",
      "geometry": {
        "type": "Polygon",
        "coordinates": [
          [
            [
              105.00581248989948,
              -2.0778489155403275
            ],
            [
              105.12581248989949,
              -2.0778489155403275
            ],
            [
              105.12581248989949,
              -1.9578489155403274
            ],
            [
              105.00581248989948,
              -1.9578489155403274
            ],
            [
              105.00581248989948,
              -2.0778489155403275
            ]
          ]
        ]
      },
      "properties": {
        "id_kab": "KAB_103",
        "Kab_kota": "Musi Rawas",
        "Provinsi": "Sumatera Selatan",
        "PC1": -1.8730986873526656,
        "PC2": 0.7575411070333599,
        "Tipologi_Lansia": null,
        "p0_miskin": 13.44,
        "pct_lansia": 10.3243,
        "rls": 7.57,
        "pengeluaran": 11058
      }
    },
    {
      "type": "Feature",
      "geometry": {
        "type": "Polygon",
        "coordinates": [
          [
            [
              103.99565656204463,
              -2.7907595385848634
            ],
            [
              104.11565656204463,
              -2.7907595385848634
            ],
            [
              104.11565656204463,
              -2.6707595385848633
            ],
            [
              103.99565656204463,
              -2.6707595385848633
            ],
            [
              103.99565656204463,
              -2.7907595385848634
            ]
          ]
        ]
      },
      "properties": {
        "id_kab": "KAB_104",
        "Kab_kota": "Musi Banyuasin",
        "Provinsi": "Sumatera Selatan",
        "PC1": -2.036457854142635,
        "PC2": -0.0874472033964679,
        "Tipologi_Lansia": null,
        "p0_miskin": 12.88,
        "pct_lansia": 8.7195,
        "rls": 7.95,
        "pengeluaran": 11424
      }
    },
    {
      "type": "Feature",
      "geometry": {
        "type": "Polygon",
        "coordinates": [
          [
            [
              103.53779723934765,
              -3.7008797368638646
            ],
            [
              103.65779723934766,
              -3.7008797368638646
            ],
            [
              103.65779723934766,
              -3.5808797368638645
            ],
            [
              103.53779723934765,
              -3.5808797368638645
            ],
            [
              103.53779723934765,
              -3.7008797368638646
            ]
          ]
        ]
      },
      "properties": {
        "id_kab": "KAB_105",
        "Kab_kota": "Banyu Asin",
        "Provinsi": "Sumatera Selatan",
        "PC1": -1.2291857730688185,
        "PC2": 0.2228610250472297,
        "Tipologi_Lansia": null,
        "p0_miskin": 9.31,
        "pct_lansia": 9.854,
        "rls": 7.48,
        "pengeluaran": 11277
      }
    },
    {
      "type": "Feature",
      "geometry": {
        "type": "Polygon",
        "coordinates": [
          [
            [
              104.57273577727277,
              -4.427122619507145
            ],
            [
              104.69273577727277,
              -4.427122619507145
            ],
            [
              104.69273577727277,
              -4.307122619507146
            ],
            [
              104.57273577727277,
              -4.307122619507146
            ],
            [
              104.57273577727277,
              -4.427122619507145
            ]
          ]
        ]
      },
      "properties": {
        "id_kab": "KAB_106",
        "Kab_kota": "Ogan Komering Ulu Selatan",
        "Provinsi": "Sumatera Selatan",
        "PC1": -1.602277070360635,
        "PC2": 0.6211232347763483,
        "Tipologi_Lansia": null,
        "p0_miskin": 9.86,
        "pct_lansia": 9.9733,
        "rls": 8.25,
        "pengeluaran": 9680
      }
    },
    {
      "type": "Feature",
      "geometry": {
        "type": "Polygon",
        "coordinates": [
          [
            [
              105.79345873052897,
              -4.281623922417055
            ],
            [
              105.91345873052897,
              -4.281623922417055
            ],
            [
              105.91345873052897,
              -4.161623922417056
            ],
            [
              105.79345873052897,
              -4.161623922417056
            ],
            [
              105.79345873052897,
              -4.281623922417055
            ]
          ]
        ]
      },
      "properties": {
        "id_kab": "KAB_107",
        "Kab_kota": "Ogan Komering Ulu Timur",
        "Provinsi": "Sumatera Selatan",
        "PC1": -0.5985314584712322,
        "PC2": 0.3071616925916746,
        "Tipologi_Lansia": null,
        "p0_miskin": 9.75,
        "pct_lansia": 11.3853,
        "rls": 8.08,
        "pengeluaran": 12623
      }
    },
    {
      "type": "Feature",
      "geometry": {
        "type": "Polygon",
        "coordinates": [
          [
            [
              106.02614600865152,
              -3.1930342172436643
            ],
            [
              106.14614600865153,
              -3.1930342172436643
            ],
            [
              106.14614600865153,
              -3.073034217243664
            ],
            [
              106.02614600865152,
              -3.073034217243664
            ],
            [
              106.02614600865152,
              -3.1930342172436643
            ]
          ]
        ]
      },
      "properties": {
        "id_kab": "KAB_108",
        "Kab_kota": "Ogan Ilir",
        "Provinsi": "Sumatera Selatan",
        "PC1": -1.888714763713469,
        "PC2": 0.0523697094450482,
        "Tipologi_Lansia": null,
        "p0_miskin": 12.3,
        "pct_lansia": 10.4524,
        "rls": 8.09,
        "pengeluaran": 12093
      }
    },
    {
      "type": "Feature",
      "geometry": {
        "type": "Polygon",
        "coordinates": [
          [
            [
              105.23353907712298,
              -2.394566256429128
            ],
            [
              105.35353907712299,
              -2.394566256429128
            ],
            [
              105.35353907712299,
              -2.274566256429128
            ],
            [
              105.23353907712298,
              -2.274566256429128
            ],
            [
              105.23353907712298,
              -2.394566256429128
            ]
          ]
        ]
      },
      "properties": {
        "id_kab": "KAB_109",
        "Kab_kota": "Empat Lawang",
        "Provinsi": "Sumatera Selatan",
        "PC1": -1.4953133035362682,
        "PC2": 0.8776847710611659,
        "Tipologi_Lansia": null,
        "p0_miskin": 10.78,
        "pct_lansia": 10.6148,
        "rls": 7.68,
        "pengeluaran": 10889
      }
    },
    {
      "type": "Feature",
      "geometry": {
        "type": "Polygon",
        "coordinates": [
          [
            [
              104.03675888483913,
              -2.2610956734113925
            ],
            [
              104.15675888483914,
              -2.2610956734113925
            ],
            [
              104.15675888483914,
              -2.1410956734113924
            ],
            [
              104.03675888483913,
              -2.1410956734113924
            ],
            [
              104.03675888483913,
              -2.2610956734113925
            ]
          ]
        ]
      },
      "properties": {
        "id_kab": "KAB_110",
        "Kab_kota": "Penukal Abab Lematang Ilir",
        "Provinsi": "Sumatera Selatan",
        "PC1": -2.322917698080885,
        "PC2": -0.4717427482826862,
        "Tipologi_Lansia": null,
        "p0_miskin": 9.82,
        "pct_lansia": 8.2173,
        "rls": 7.27,
        "pengeluaran": 9604
      }
    },
    {
      "type": "Feature",
      "geometry": {
        "type": "Polygon",
        "coordinates": [
          [
            [
              103.85118882698055,
              -3.4655747893407476
            ],
            [
              103.97118882698055,
              -3.4655747893407476
            ],
            [
              103.97118882698055,
              -3.3455747893407475
            ],
            [
              103.85118882698055,
              -3.3455747893407475
            ],
            [
              103.85118882698055,
              -3.4655747893407476
            ]
          ]
        ]
      },
      "properties": {
        "id_kab": "KAB_111",
        "Kab_kota": "Musi Rawas Utara",
        "Provinsi": "Sumatera Selatan",
        "PC1": -2.544175765537525,
        "PC2": 0.0059797708682564,
        "Tipologi_Lansia": null,
        "p0_miskin": 17.38,
        "pct_lansia": 9.1597,
        "rls": 7.51,
        "pengeluaran": 11198
      }
    },
    {
      "type": "Feature",
      "geometry": {
        "type": "Polygon",
        "coordinates": [
          [
            [
              104.41807975020107,
              -4.522221813650521
            ],
            [
              104.53807975020108,
              -4.522221813650521
            ],
            [
              104.53807975020108,
              -4.402221813650522
            ],
            [
              104.41807975020107,
              -4.402221813650522
            ],
            [
              104.41807975020107,
              -4.522221813650521
            ]
          ]
        ]
      },
      "properties": {
        "id_kab": "KAB_112",
        "Kab_kota": "Kota Palembang",
        "Provinsi": "Sumatera Selatan",
        "PC1": 1.3232805227160074,
        "PC2": -1.544323491865164,
        "Tipologi_Lansia": null,
        "p0_miskin": 9.77,
        "pct_lansia": 11.3128,
        "rls": 10.93,
        "pengeluaran": 16150
      }
    },
    {
      "type": "Feature",
      "geometry": {
        "type": "Polygon",
        "coordinates": [
          [
            [
              105.23808146221441,
              -4.280035738117946
            ],
            [
              105.35808146221441,
              -4.280035738117946
            ],
            [
              105.35808146221441,
              -4.160035738117947
            ],
            [
              105.23808146221441,
              -4.160035738117947
            ],
            [
              105.23808146221441,
              -4.280035738117946
            ]
          ]
        ]
      },
      "properties": {
        "id_kab": "KAB_113",
        "Kab_kota": "Kota Prabumulih",
        "Provinsi": "Sumatera Selatan",
        "PC1": -0.1564073389473079,
        "PC2": -1.6382945002489198,
        "Tipologi_Lansia": null,
        "p0_miskin": 10.13,
        "pct_lansia": 8.7781,
        "rls": 10.36,
        "pengeluaran": 13982
      }
    },
    {
      "type": "Feature",
      "geometry": {
        "type": "Polygon",
        "coordinates": [
          [
            [
              106.04960649758966,
              -3.5105571971176444
            ],
            [
              106.16960649758967,
              -3.5105571971176444
            ],
            [
              106.16960649758967,
              -3.3905571971176443
            ],
            [
              106.04960649758966,
              -3.3905571971176443
            ],
            [
              106.04960649758966,
              -3.5105571971176444
            ]
          ]
        ]
      },
      "properties": {
        "id_kab": "KAB_114",
        "Kab_kota": "Kota Pagar Alam",
        "Provinsi": "Sumatera Selatan",
        "PC1": -1.1609223339171204,
        "PC2": -0.0537996694630824,
        "Tipologi_Lansia": null,
        "p0_miskin": 8.18,
        "pct_lansia": 11.2534,
        "rls": 9.44,
        "pengeluaran": 10245
      }
    },
    {
      "type": "Feature",
      "geometry": {
        "type": "Polygon",
        "coordinates": [
          [
            [
              105.41676054996614,
              -2.5119559535615763
            ],
            [
              105.53676054996615,
              -2.5119559535615763
            ],
            [
              105.53676054996615,
              -2.391955953561576
            ],
            [
              105.41676054996614,
              -2.391955953561576
            ],
            [
              105.41676054996614,
              -2.5119559535615763
            ]
          ]
        ]
      },
      "properties": {
        "id_kab": "KAB_115",
        "Kab_kota": "Kota Lubuklinggau",
        "Provinsi": "Sumatera Selatan",
        "PC1": -0.1584410649125012,
        "PC2": -1.389534975646853,
        "Tipologi_Lansia": null,
        "p0_miskin": 11.14,
        "pct_lansia": 9.2536,
        "rls": 9.94,
        "pengeluaran": 14672
      }
    },
    {
      "type": "Feature",
      "geometry": {
        "type": "Polygon",
        "coordinates": [
          [
            [
              101.64804009035818,
              -2.821603344272117
            ],
            [
              101.76804009035818,
              -2.821603344272117
            ],
            [
              101.76804009035818,
              -2.701603344272117
            ],
            [
              101.64804009035818,
              -2.701603344272117
            ],
            [
              101.64804009035818,
              -2.821603344272117
            ]
          ]
        ]
      },
      "properties": {
        "id_kab": "KAB_116",
        "Kab_kota": "Bengkulu Selatan",
        "Provinsi": "Bengkulu",
        "PC1": -1.539592980253902,
        "PC2": 0.4743301660812662,
        "Tipologi_Lansia": null,
        "p0_miskin": 17.1,
        "pct_lansia": 10.9535,
        "rls": 9.42,
        "pengeluaran": 11040
      }
    },
    {
      "type": "Feature",
      "geometry": {
        "type": "Polygon",
        "coordinates": [
          [
            [
              101.1580058057615,
              -3.673506365677892
            ],
            [
              101.27800580576151,
              -3.673506365677892
            ],
            [
              101.27800580576151,
              -3.553506365677892
            ],
            [
              101.1580058057615,
              -3.553506365677892
            ],
            [
              101.1580058057615,
              -3.673506365677892
            ]
          ]
        ]
      },
      "properties": {
        "id_kab": "KAB_117",
        "Kab_kota": "Rejang Lebong",
        "Provinsi": "Bengkulu",
        "PC1": -1.2576128883627646,
        "PC2": 0.7003252502366925,
        "Tipologi_Lansia": null,
        "p0_miskin": 14.65,
        "pct_lansia": 10.2665,
        "rls": 8.81,
        "pengeluaran": 11385
      }
    },
    {
      "type": "Feature",
      "geometry": {
        "type": "Polygon",
        "coordinates": [
          [
            [
              101.1491725207913,
              -4.5224462139680615
            ],
            [
              101.2691725207913,
              -4.5224462139680615
            ],
            [
              101.2691725207913,
              -4.402446213968062
            ],
            [
              101.1491725207913,
              -4.402446213968062
            ],
            [
              101.1491725207913,
              -4.5224462139680615
            ]
          ]
        ]
      },
      "properties": {
        "id_kab": "KAB_118",
        "Kab_kota": "Bengkulu Utara",
        "Provinsi": "Bengkulu",
        "PC1": -1.3329142204155582,
        "PC2": 0.0516434639993823,
        "Tipologi_Lansia": null,
        "p0_miskin": 10.96,
        "pct_lansia": 10.3381,
        "rls": 8.32,
        "pengeluaran": 11715
      }
    },
    {
      "type": "Feature",
      "geometry": {
        "type": "Polygon",
        "coordinates": [
          [
            [
              102.61998818407247,
              -5.110363868347813
            ],
            [
              102.73998818407247,
              -5.110363868347813
            ],
            [
              102.73998818407247,
              -4.9903638683478135
            ],
            [
              102.61998818407247,
              -4.9903638683478135
            ],
            [
              102.61998818407247,
              -5.110363868347813
            ]
          ]
        ]
      },
      "properties": {
        "id_kab": "KAB_119",
        "Kab_kota": "Kaur",
        "Provinsi": "Bengkulu",
        "PC1": -2.21396005666557,
        "PC2": 0.56576569818665,
        "Tipologi_Lansia": null,
        "p0_miskin": 17.12,
        "pct_lansia": 10.1508,
        "rls": 8.47,
        "pengeluaran": 9742
      }
    },
    {
      "type": "Feature",
      "geometry": {
        "type": "Polygon",
        "coordinates": [
          [
            [
              103.36548932957083,
              -4.282682992704214
            ],
            [
              103.48548932957084,
              -4.282682992704214
            ],
            [
              103.48548932957084,
              -4.162682992704215
            ],
            [
              103.36548932957083,
              -4.162682992704215
            ],
            [
              103.36548932957083,
              -4.282682992704214
            ]
          ]
        ]
      },
      "properties": {
        "id_kab": "KAB_120",
        "Kab_kota": "Seluma",
        "Provinsi": "Bengkulu",
        "PC1": -2.327991309917844,
        "PC2": 0.9952607658131114,
        "Tipologi_Lansia": null,
        "p0_miskin": 17.23,
        "pct_lansia": 10.0617,
        "rls": 8.14,
        "pengeluaran": 9474
      }
    },
    {
      "type": "Feature",
      "geometry": {
        "type": "Polygon",
        "coordinates": [
          [
            [
              103.1717809420089,
              -3.353848415582461
            ],
            [
              103.2917809420089,
              -3.353848415582461
            ],
            [
              103.2917809420089,
              -3.233848415582461
            ],
            [
              103.1717809420089,
              -3.233848415582461
            ],
            [
              103.1717809420089,
              -3.353848415582461
            ]
          ]
        ]
      },
      "properties": {
        "id_kab": "KAB_121",
        "Kab_kota": "Mukomuko",
        "Provinsi": "Bengkulu",
        "PC1": -1.9550809999762704,
        "PC2": -0.6206634994735697,
        "Tipologi_Lansia": null,
        "p0_miskin": 10.76,
        "pct_lansia": 8.3704,
        "rls": 8.57,
        "pengeluaran": 11665
      }
    },
    {
      "type": "Feature",
      "geometry": {
        "type": "Polygon",
        "coordinates": [
          [
            [
              102.09247787995294,
              -2.4588903164827496
            ],
            [
              102.21247787995294,
              -2.4588903164827496
            ],
            [
              102.21247787995294,
              -2.3388903164827495
            ],
            [
              102.09247787995294,
              -2.3388903164827495
            ],
            [
              102.09247787995294,
              -2.4588903164827496
            ]
          ]
        ]
      },
      "properties": {
        "id_kab": "KAB_122",
        "Kab_kota": "Lebong",
        "Provinsi": "Bengkulu",
        "PC1": -1.7486938112913986,
        "PC2": -9.952706670144078e-05,
        "Tipologi_Lansia": null,
        "p0_miskin": 10.45,
        "pct_lansia": 10.9781,
        "rls": 8.41,
        "pengeluaran": 12362
      }
    },
    {
      "type": "Feature",
      "geometry": {
        "type": "Polygon",
        "coordinates": [
          [
            [
              101.145442995365,
              -3.415528951868783
            ],
            [
              101.265442995365,
              -3.415528951868783
            ],
            [
              101.265442995365,
              -3.295528951868783
            ],
            [
              101.145442995365,
              -3.295528951868783
            ],
            [
              101.145442995365,
              -3.415528951868783
            ]
          ]
        ]
      },
      "properties": {
        "id_kab": "KAB_123",
        "Kab_kota": "Kepahiang",
        "Provinsi": "Bengkulu",
        "PC1": -1.505222800569586,
        "PC2": 0.6871703975623409,
        "Tipologi_Lansia": null,
        "p0_miskin": 12.9,
        "pct_lansia": 9.9352,
        "rls": 8.37,
        "pengeluaran": 10620
      }
    },
    {
      "type": "Feature",
      "geometry": {
        "type": "Polygon",
        "coordinates": [
          [
            [
              101.07196955739578,
              -4.2194824024306055
            ],
            [
              101.19196955739578,
              -4.2194824024306055
            ],
            [
              101.19196955739578,
              -4.099482402430606
            ],
            [
              101.07196955739578,
              -4.099482402430606
            ],
            [
              101.07196955739578,
              -4.2194824024306055
            ]
          ]
        ]
      },
      "properties": {
        "id_kab": "KAB_124",
        "Kab_kota": "Bengkulu Tengah",
        "Provinsi": "Bengkulu",
        "PC1": -1.7932561655486263,
        "PC2": 0.1033274832446746,
        "Tipologi_Lansia": null,
        "p0_miskin": 10.14,
        "pct_lansia": 9.0737,
        "rls": 7.71,
        "pengeluaran": 10672
      }
    },
    {
      "type": "Feature",
      "geometry": {
        "type": "Polygon",
        "coordinates": [
          [
            [
              102.20900708696803,
              -4.92805529098101
            ],
            [
              102.32900708696803,
              -4.92805529098101
            ],
            [
              102.32900708696803,
              -4.80805529098101
            ],
            [
              102.20900708696803,
              -4.80805529098101
            ],
            [
              102.20900708696803,
              -4.92805529098101
            ]
          ]
        ]
      },
      "properties": {
        "id_kab": "KAB_125",
        "Kab_kota": "Kota Bengkulu",
        "Provinsi": "Bengkulu",
        "PC1": 0.3809585007031916,
        "PC2": -1.619758621373183,
        "Tipologi_Lansia": null,
        "p0_miskin": 13.76,
        "pct_lansia": 8.9673,
        "rls": 11.84,
        "pengeluaran": 15542
      }
    },
    {
      "type": "Feature",
      "geometry": {
        "type": "Polygon",
        "coordinates": [
          [
            [
              106.26940449529357,
              -5.474449232330813
            ],
            [
              106.38940449529358,
              -5.474449232330813
            ],
            [
              106.38940449529358,
              -5.354449232330814
            ],
            [
              106.26940449529357,
              -5.354449232330814
            ],
            [
              106.26940449529357,
              -5.474449232330813
            ]
          ]
        ]
      },
      "properties": {
        "id_kab": "KAB_126",
        "Kab_kota": "Lampung Barat",
        "Provinsi": "Lampung",
        "PC1": -1.6499246635632652,
        "PC2": 0.0190984855412974,
        "Tipologi_Lansia": null,
        "p0_miskin": 10.68,
        "pct_lansia": 9.7597,
        "rls": 8.56,
        "pengeluaran": 10965
      }
    },
    {
      "type": "Feature",
      "geometry": {
        "type": "Polygon",
        "coordinates": [
          [
            [
              106.44378888114835,
              -4.13627049912974
            ],
            [
              106.56378888114835,
              -4.13627049912974
            ],
            [
              106.56378888114835,
              -4.016270499129741
            ],
            [
              106.44378888114835,
              -4.016270499129741
            ],
            [
              106.44378888114835,
              -4.13627049912974
            ]
          ]
        ]
      },
      "properties": {
        "id_kab": "KAB_127",
        "Kab_kota": "Tanggamus",
        "Provinsi": "Lampung",
        "PC1": -1.3885495180030003,
        "PC2": 0.6397809435902984,
        "Tipologi_Lansia": null,
        "p0_miskin": 10.28,
        "pct_lansia": 11.0445,
        "rls": 7.38,
        "pengeluaran": 10524
      }
    },
    {
      "type": "Feature",
      "geometry": {
        "type": "Polygon",
        "coordinates": [
          [
            [
              105.81262864515816,
              -3.574941137160942
            ],
            [
              105.93262864515816,
              -3.574941137160942
            ],
            [
              105.93262864515816,
              -3.454941137160942
            ],
            [
              105.81262864515816,
              -3.454941137160942
            ],
            [
              105.81262864515816,
              -3.574941137160942
            ]
          ]
        ]
      },
      "properties": {
        "id_kab": "KAB_128",
        "Kab_kota": "Lampung Selatan",
        "Provinsi": "Lampung",
        "PC1": -1.2852039061172449,
        "PC2": 0.0810482651641678,
        "Tipologi_Lansia": null,
        "p0_miskin": 12.57,
        "pct_lansia": 10.0993,
        "rls": 7.78,
        "pengeluaran": 11133
      }
    },
    {
      "type": "Feature",
      "geometry": {
        "type": "Polygon",
        "coordinates": [
          [
            [
              104.66150895430496,
              -3.6929546008074055
            ],
            [
              104.78150895430497,
              -3.6929546008074055
            ],
            [
              104.78150895430497,
              -3.5729546008074053
            ],
            [
              104.66150895430496,
              -3.5729546008074053
            ],
            [
              104.66150895430496,
              -3.6929546008074055
            ]
          ]
        ]
      },
      "properties": {
        "id_kab": "KAB_129",
        "Kab_kota": "Lampung Timur",
        "Provinsi": "Lampung",
        "PC1": -0.7138978095043035,
        "PC2": 1.118034596728767,
        "Tipologi_Lansia": null,
        "p0_miskin": 13.19,
        "pct_lansia": 12.1775,
        "rls": 8.2,
        "pengeluaran": 11262
      }
    },
    {
      "type": "Feature",
      "geometry": {
        "type": "Polygon",
        "coordinates": [
          [
            [
              104.0762356987372,
              -5.040571127326305
            ],
            [
              104.1962356987372,
              -5.040571127326305
            ],
            [
              104.1962356987372,
              -4.920571127326306
            ],
            [
              104.0762356987372,
              -4.920571127326306
            ],
            [
              104.0762356987372,
              -5.040571127326305
            ]
          ]
        ]
      },
      "properties": {
        "id_kab": "KAB_130",
        "Kab_kota": "Lampung Tengah",
        "Provinsi": "Lampung",
        "PC1": -0.4223833520947543,
        "PC2": 0.6661115180347054,
        "Tipologi_Lansia": null,
        "p0_miskin": 10.37,
        "pct_lansia": 11.5543,
        "rls": 7.97,
        "pengeluaran": 12595
      }
    },
    {
      "type": "Feature",
      "geometry": {
        "type": "Polygon",
        "coordinates": [
          [
            [
              104.7330298575064,
              -5.733798700093416
            ],
            [
              104.8530298575064,
              -5.733798700093416
            ],
            [
              104.8530298575064,
              -5.613798700093417
            ],
            [
              104.7330298575064,
              -5.613798700093417
            ],
            [
              104.7330298575064,
              -5.733798700093416
            ]
          ]
        ]
      },
      "properties": {
        "id_kab": "KAB_131",
        "Kab_kota": "Lampung Utara",
        "Provinsi": "Lampung",
        "PC1": -1.5816298173799923,
        "PC2": 0.3511758145085194,
        "Tipologi_Lansia": null,
        "p0_miskin": 16.92,
        "pct_lansia": 11.1886,
        "rls": 8.38,
        "pengeluaran": 9837
      }
    },
    {
      "type": "Feature",
      "geometry": {
        "type": "Polygon",
        "coordinates": [
          [
            [
              105.94243553901036,
              -5.395210760126124
            ],
            [
              106.06243553901037,
              -5.395210760126124
            ],
            [
              106.06243553901037,
              -5.275210760126125
            ],
            [
              105.94243553901036,
              -5.275210760126125
            ],
            [
              105.94243553901036,
              -5.395210760126124
            ]
          ]
        ]
      },
      "properties": {
        "id_kab": "KAB_132",
        "Kab_kota": "Way Kanan",
        "Provinsi": "Lampung",
        "PC1": -1.5085633694228064,
        "PC2": 0.1989794669009156,
        "Tipologi_Lansia": null,
        "p0_miskin": 10.43,
        "pct_lansia": 10.3336,
        "rls": 7.75,
        "pengeluaran": 10439
      }
    },
    {
      "type": "Feature",
      "geometry": {
        "type": "Polygon",
        "coordinates": [
          [
            [
              106.43071285289133,
              -4.605082822486551
            ],
            [
              106.55071285289134,
              -4.605082822486551
            ],
            [
              106.55071285289134,
              -4.485082822486552
            ],
            [
              106.43071285289133,
              -4.485082822486552
            ],
            [
              106.43071285289133,
              -4.605082822486551
            ]
          ]
        ]
      },
      "properties": {
        "id_kab": "KAB_133",
        "Kab_kota": "Tulangbawang",
        "Provinsi": "Lampung",
        "PC1": -0.9558252503367818,
        "PC2": -0.1816661486299247,
        "Tipologi_Lansia": null,
        "p0_miskin": 7.88,
        "pct_lansia": 9.2296,
        "rls": 7.65,
        "pengeluaran": 12122
      }
    },
    {
      "type": "Feature",
      "geometry": {
        "type": "Polygon",
        "coordinates": [
          [
            [
              105.83363857872581,
              -3.7335627461007372
            ],
            [
              105.95363857872582,
              -3.7335627461007372
            ],
            [
              105.95363857872582,
              -3.613562746100737
            ],
            [
              105.83363857872581,
              -3.613562746100737
            ],
            [
              105.83363857872581,
              -3.7335627461007372
            ]
          ]
        ]
      },
      "properties": {
        "id_kab": "KAB_134",
        "Kab_kota": "Pesawaran",
        "Provinsi": "Lampung",
        "PC1": -1.4777707680743652,
        "PC2": 0.445650705792597,
        "Tipologi_Lansia": null,
        "p0_miskin": 11.86,
        "pct_lansia": 11.059,
        "rls": 8.0,
        "pengeluaran": 9190
      }
    },
    {
      "type": "Feature",
      "geometry": {
        "type": "Polygon",
        "coordinates": [
          [
            [
              104.84398226453753,
              -3.6351461660467805
            ],
            [
              104.96398226453753,
              -3.6351461660467805
            ],
            [
              104.96398226453753,
              -3.5151461660467804
            ],
            [
              104.84398226453753,
              -3.5151461660467804
            ],
            [
              104.84398226453753,
              -3.6351461660467805
            ]
          ]
        ]
      },
      "properties": {
        "id_kab": "KAB_135",
        "Kab_kota": "Pringsewu",
        "Provinsi": "Lampung",
        "PC1": -0.2316281317823792,
        "PC2": 0.1342720477652376,
        "Tipologi_Lansia": null,
        "p0_miskin": 8.32,
        "pct_lansia": 11.7048,
        "rls": 8.53,
        "pengeluaran": 11543
      }
    },
    {
      "type": "Feature",
      "geometry": {
        "type": "Polygon",
        "coordinates": [
          [
            [
              104.09640530222121,
              -4.599963664094036
            ],
            [
              104.21640530222122,
              -4.599963664094036
            ],
            [
              104.21640530222122,
              -4.479963664094036
            ],
            [
              104.09640530222121,
              -4.479963664094036
            ],
            [
              104.09640530222121,
              -4.599963664094036
            ]
          ]
        ]
      },
      "properties": {
        "id_kab": "KAB_136",
        "Kab_kota": "Mesuji",
        "Provinsi": "Lampung",
        "PC1": -1.7131237462724005,
        "PC2": 0.049997328193765,
        "Tipologi_Lansia": null,
        "p0_miskin": 6.31,
        "pct_lansia": 9.3088,
        "rls": 7.21,
        "pengeluaran": 9454
      }
    },
    {
      "type": "Feature",
      "geometry": {
        "type": "Polygon",
        "coordinates": [
          [
            [
              104.55802976297564,
              -5.764642710578054
            ],
            [
              104.67802976297564,
              -5.764642710578054
            ],
            [
              104.67802976297564,
              -5.644642710578055
            ],
            [
              104.55802976297564,
              -5.644642710578055
            ],
            [
              104.55802976297564,
              -5.764642710578054
            ]
          ]
        ]
      },
      "properties": {
        "id_kab": "KAB_137",
        "Kab_kota": "Tulang Bawang Barat",
        "Provinsi": "Lampung",
        "PC1": -0.8685309779607961,
        "PC2": 0.3405739420664241,
        "Tipologi_Lansia": null,
        "p0_miskin": 7.22,
        "pct_lansia": 11.492,
        "rls": 7.8,
        "pengeluaran": 9646
      }
    },
    {
      "type": "Feature",
      "geometry": {
        "type": "Polygon",
        "coordinates": [
          [
            [
              105.61260479397713,
              -5.735962952790584
            ],
            [
              105.73260479397713,
              -5.735962952790584
            ],
            [
              105.73260479397713,
              -5.615962952790585
            ],
            [
              105.61260479397713,
              -5.615962952790585
            ],
            [
              105.61260479397713,
              -5.735962952790584
            ]
          ]
        ]
      },
      "properties": {
        "id_kab": "KAB_138",
        "Kab_kota": "Pesisir Barat",
        "Provinsi": "Lampung",
        "PC1": -2.810770233356961,
        "PC2": -0.4507350673159471,
        "Tipologi_Lansia": null,
        "p0_miskin": 12.64,
        "pct_lansia": 9.8325,
        "rls": 8.73,
        "pengeluaran": 9550
      }
    },
    {
      "type": "Feature",
      "geometry": {
        "type": "Polygon",
        "coordinates": [
          [
            [
              106.4324396591103,
              -4.8531894680568834
            ],
            [
              106.5524396591103,
              -4.8531894680568834
            ],
            [
              106.5524396591103,
              -4.733189468056884
            ],
            [
              106.4324396591103,
              -4.733189468056884
            ],
            [
              106.4324396591103,
              -4.8531894680568834
            ]
          ]
        ]
      },
      "properties": {
        "id_kab": "KAB_139",
        "Kab_kota": "Kota Bandar Lampung",
        "Provinsi": "Lampung",
        "PC1": 1.4057924451028714,
        "PC2": -1.28265939125594,
        "Tipologi_Lansia": null,
        "p0_miskin": 7.37,
        "pct_lansia": 11.0704,
        "rls": 10.99,
        "pengeluaran": 13667
      }
    },
    {
      "type": "Feature",
      "geometry": {
        "type": "Polygon",
        "coordinates": [
          [
            [
              106.0188355637929,
              -3.7303836446096197
            ],
            [
              106.13883556379291,
              -3.7303836446096197
            ],
            [
              106.13883556379291,
              -3.6103836446096196
            ],
            [
              106.0188355637929,
              -3.6103836446096196
            ],
            [
              106.0188355637929,
              -3.7303836446096197
            ]
          ]
        ]
      },
      "properties": {
        "id_kab": "KAB_140",
        "Kab_kota": "Kota Metro",
        "Provinsi": "Lampung",
        "PC1": 0.909750557222869,
        "PC2": -0.637027178576167,
        "Tipologi_Lansia": null,
        "p0_miskin": 6.78,
        "pct_lansia": 11.5405,
        "rls": 11.01,
        "pengeluaran": 13092
      }
    },
    {
      "type": "Feature",
      "geometry": {
        "type": "Polygon",
        "coordinates": [
          [
            [
              105.94967116336423,
              -1.4696750244845163
            ],
            [
              106.06967116336423,
              -1.4696750244845163
            ],
            [
              106.06967116336423,
              -1.3496750244845162
            ],
            [
              105.94967116336423,
              -1.3496750244845162
            ],
            [
              105.94967116336423,
              -1.4696750244845163
            ]
          ]
        ]
      },
      "properties": {
        "id_kab": "KAB_141",
        "Kab_kota": "Bangka",
        "Provinsi": "Kep. Bangka Belitung",
        "PC1": 0.5018582866020811,
        "PC2": -0.5301285615378014,
        "Tipologi_Lansia": null,
        "p0_miskin": 4.24,
        "pct_lansia": 10.2909,
        "rls": 8.45,
        "pengeluaran": 13205
      }
    },
    {
      "type": "Feature",
      "geometry": {
        "type": "Polygon",
        "coordinates": [
          [
            [
              105.37339815053602,
              -2.514411149137705
            ],
            [
              105.49339815053602,
              -2.514411149137705
            ],
            [
              105.49339815053602,
              -2.3944111491377047
            ],
            [
              105.37339815053602,
              -2.3944111491377047
            ],
            [
              105.37339815053602,
              -2.514411149137705
            ]
          ]
        ]
      },
      "properties": {
        "id_kab": "KAB_142",
        "Kab_kota": "Belitung",
        "Provinsi": "Kep. Bangka Belitung",
        "PC1": 0.948040473821527,
        "PC2": 0.0046487702459102,
        "Tipologi_Lansia": null,
        "p0_miskin": 6.11,
        "pct_lansia": 11.5937,
        "rls": 9.05,
        "pengeluaran": 14449
      }
    },
    {
      "type": "Feature",
      "geometry": {
        "type": "Polygon",
        "coordinates": [
          [
            [
              105.4941875890939,
              -3.6879959157200197
            ],
            [
              105.6141875890939,
              -3.6879959157200197
            ],
            [
              105.6141875890939,
              -3.5679959157200196
            ],
            [
              105.4941875890939,
              -3.5679959157200196
            ],
            [
              105.4941875890939,
              -3.6879959157200197
            ]
          ]
        ]
      },
      "properties": {
        "id_kab": "KAB_143",
        "Kab_kota": "Bangka Barat",
        "Provinsi": "Kep. Bangka Belitung",
        "PC1": 0.0174036039929172,
        "PC2": -0.7483907441500374,
        "Tipologi_Lansia": null,
        "p0_miskin": 2.59,
        "pct_lansia": 9.0873,
        "rls": 7.48,
        "pengeluaran": 13199
      }
    },
    {
      "type": "Feature",
      "geometry": {
        "type": "Polygon",
        "coordinates": [
          [
            [
              106.59827620367588,
              -3.8105959768446502
            ],
            [
              106.71827620367588,
              -3.8105959768446502
            ],
            [
              106.71827620367588,
              -3.69059597684465
            ],
            [
              106.59827620367588,
              -3.69059597684465
            ],
            [
              106.59827620367588,
              -3.8105959768446502
            ]
          ]
        ]
      },
      "properties": {
        "id_kab": "KAB_144",
        "Kab_kota": "Bangka Tengah",
        "Provinsi": "Kep. Bangka Belitung",
        "PC1": -0.1907203052713916,
        "PC2": -0.4854795644359324,
        "Tipologi_Lansia": null,
        "p0_miskin": 5.94,
        "pct_lansia": 8.3404,
        "rls": 7.24,
        "pengeluaran": 13677
      }
    },
    {
      "type": "Feature",
      "geometry": {
        "type": "Polygon",
        "coordinates": [
          [
            [
              107.60938077844747,
              -3.306161252149884
            ],
            [
              107.72938077844748,
              -3.306161252149884
            ],
            [
              107.72938077844748,
              -3.186161252149884
            ],
            [
              107.60938077844747,
              -3.186161252149884
            ],
            [
              107.60938077844747,
              -3.306161252149884
            ]
          ]
        ]
      },
      "properties": {
        "id_kab": "KAB_145",
        "Kab_kota": "Bangka Selatan",
        "Provinsi": "Kep. Bangka Belitung",
        "PC1": -0.4078401841370157,
        "PC2": -0.4801939361866137,
        "Tipologi_Lansia": null,
        "p0_miskin": 3.74,
        "pct_lansia": 8.2876,
        "rls": 6.93,
        "pengeluaran": 12718
      }
    },
    {
      "type": "Feature",
      "geometry": {
        "type": "Polygon",
        "coordinates": [
          [
            [
              107.59038761417894,
              -2.2677804703912074
            ],
            [
              107.71038761417894,
              -2.2677804703912074
            ],
            [
              107.71038761417894,
              -2.1477804703912073
            ],
            [
              107.59038761417894,
              -2.1477804703912073
            ],
            [
              107.59038761417894,
              -2.2677804703912074
            ]
          ]
        ]
      },
      "properties": {
        "id_kab": "KAB_146",
        "Kab_kota": "Belitung Timur",
        "Provinsi": "Kep. Bangka Belitung",
        "PC1": 0.5944608849850899,
        "PC2": 0.4658335495235114,
        "Tipologi_Lansia": null,
        "p0_miskin": 6.36,
        "pct_lansia": 11.2809,
        "rls": 8.99,
        "pengeluaran": 12610
      }
    },
    {
      "type": "Feature",
      "geometry": {
        "type": "Polygon",
        "coordinates": [
          [
            [
              106.65325678525176,
              -1.6628539250644259
            ],
            [
              106.77325678525176,
              -1.6628539250644259
            ],
            [
              106.77325678525176,
              -1.5428539250644258
            ],
            [
              106.65325678525176,
              -1.5428539250644258
            ],
            [
              106.65325678525176,
              -1.6628539250644259
            ]
          ]
        ]
      },
      "properties": {
        "id_kab": "KAB_147",
        "Kab_kota": "Kota Pangkal Pinang",
        "Provinsi": "Kep. Bangka Belitung",
        "PC1": 2.129993778117402,
        "PC2": -1.686518157289553,
        "Tipologi_Lansia": null,
        "p0_miskin": 4.04,
        "pct_lansia": 10.3901,
        "rls": 10.67,
        "pengeluaran": 16750
      }
    },
    {
      "type": "Feature",
      "geometry": {
        "type": "Polygon",
        "coordinates": [
          [
            [
              107.30704790297153,
              4.475963888756794
            ],
            [
              107.42704790297154,
              4.475963888756794
            ],
            [
              107.42704790297154,
              4.595963888756793
            ],
            [
              107.30704790297153,
              4.595963888756793
            ],
            [
              107.30704790297153,
              4.475963888756794
            ]
          ]
        ]
      },
      "properties": {
        "id_kab": "KAB_148",
        "Kab_kota": "Karimun",
        "Provinsi": "Kep. Riau",
        "PC1": 0.5214426345176753,
        "PC2": -0.7014382499709055,
        "Tipologi_Lansia": null,
        "p0_miskin": 5.78,
        "pct_lansia": 11.1626,
        "rls": 8.91,
        "pengeluaran": 13287
      }
    },
    {
      "type": "Feature",
      "geometry": {
        "type": "Polygon",
        "coordinates": [
          [
            [
              107.0919903644436,
              3.6126864057241534
            ],
            [
              107.21199036444361,
              3.6126864057241534
            ],
            [
              107.21199036444361,
              3.7326864057241536
            ],
            [
              107.0919903644436,
              3.7326864057241536
            ],
            [
              107.0919903644436,
              3.6126864057241534
            ]
          ]
        ]
      },
      "properties": {
        "id_kab": "KAB_149",
        "Kab_kota": "Bintan",
        "Provinsi": "Kep. Riau",
        "PC1": 0.4305392921785995,
        "PC2": -1.258934487388183,
        "Tipologi_Lansia": null,
        "p0_miskin": 5.44,
        "pct_lansia": 8.988,
        "rls": 9.15,
        "pengeluaran": 15078
      }
    },
    {
      "type": "Feature",
      "geometry": {
        "type": "Polygon",
        "coordinates": [
          [
            [
              107.85290561917398,
              2.565590826256184
            ],
            [
              107.97290561917399,
              2.565590826256184
            ],
            [
              107.97290561917399,
              2.6855908262561843
            ],
            [
              107.85290561917398,
              2.6855908262561843
            ],
            [
              107.85290561917398,
              2.565590826256184
            ]
          ]
        ]
      },
      "properties": {
        "id_kab": "KAB_150",
        "Kab_kota": "Natuna",
        "Provinsi": "Kep. Riau",
        "PC1": -0.456224668645257,
        "PC2": -1.6957466293168029,
        "Tipologi_Lansia": null,
        "p0_miskin": 5.04,
        "pct_lansia": 9.3388,
        "rls": 9.2,
        "pengeluaran": 15560
      }
    },
    {
      "type": "Feature",
      "geometry": {
        "type": "Polygon",
        "coordinates": [
          [
            [
              109.01037471419428,
              2.834305276795375
            ],
            [
              109.13037471419429,
              2.834305276795375
            ],
            [
              109.13037471419429,
              2.9543052767953752
            ],
            [
              109.01037471419428,
              2.9543052767953752
            ],
            [
              109.01037471419428,
              2.834305276795375
            ]
          ]
        ]
      },
      "properties": {
        "id_kab": "KAB_151",
        "Kab_kota": "Lingga",
        "Provinsi": "Kep. Riau",
        "PC1": -1.4837552237065548,
        "PC2": 0.4026301299347753,
        "Tipologi_Lansia": null,
        "p0_miskin": 9.99,
        "pct_lansia": 12.5218,
        "rls": 7.6,
        "pengeluaran": 12906
      }
    },
    {
      "type": "Feature",
      "geometry": {
        "type": "Polygon",
        "coordinates": [
          [
            [
              109.0919544266298,
              3.931274863349146
            ],
            [
              109.2119544266298,
              3.931274863349146
            ],
            [
              109.2119544266298,
              4.051274863349146
            ],
            [
              109.0919544266298,
              4.051274863349146
            ],
            [
              109.0919544266298,
              3.931274863349146
            ]
          ]
        ]
      },
      "properties": {
        "id_kab": "KAB_152",
        "Kab_kota": "Kepulauan Anambas",
        "Provinsi": "Kep. Riau",
        "PC1": -1.2710508964742728,
        "PC2": -0.4078564030306308,
        "Tipologi_Lansia": null,
        "p0_miskin": 6.67,
        "pct_lansia": 9.3448,
        "rls": 7.53,
        "pengeluaran": 12983
      }
    },
    {
      "type": "Feature",
      "geometry": {
        "type": "Polygon",
        "coordinates": [
          [
            [
              108.66370295781861,
              4.895783992678645
            ],
            [
              108.78370295781862,
              4.895783992678645
            ],
            [
              108.78370295781862,
              5.015783992678644
            ],
            [
              108.66370295781861,
              5.015783992678644
            ],
            [
              108.66370295781861,
              4.895783992678645
            ]
          ]
        ]
      },
      "properties": {
        "id_kab": "KAB_153",
        "Kab_kota": "Kota Batam",
        "Provinsi": "Kep. Riau",
        "PC1": 2.108711243518677,
        "PC2": -3.5505018909159984,
        "Tipologi_Lansia": null,
        "p0_miskin": 4.85,
        "pct_lansia": 5.5517,
        "rls": 11.21,
        "pengeluaran": 19668
      }
    },
    {
      "type": "Feature",
      "geometry": {
        "type": "Polygon",
        "coordinates": [
          [
            [
              107.38914035311181,
              4.798711224125629
            ],
            [
              107.50914035311182,
              4.798711224125629
            ],
            [
              107.50914035311182,
              4.918711224125628
            ],
            [
              107.38914035311181,
              4.918711224125628
            ],
            [
              107.38914035311181,
              4.798711224125629
            ]
          ]
        ]
      },
      "properties": {
        "id_kab": "KAB_154",
        "Kab_kota": "Kota Tanjung Pinang",
        "Provinsi": "Kep. Riau",
        "PC1": 1.5893394567003625,
        "PC2": -1.1960251054169695,
        "Tipologi_Lansia": null,
        "p0_miskin": 6.86,
        "pct_lansia": 10.7071,
        "rls": 10.67,
        "pengeluaran": 16663
      }
    },
    {
      "type": "Feature",
      "geometry": {
        "type": "Polygon",
        "coordinates": [
          [
            [
              105.47808803034019,
              -6.315863119179678
            ],
            [
              105.5980880303402,
              -6.315863119179678
            ],
            [
              105.5980880303402,
              -6.195863119179679
            ],
            [
              105.47808803034019,
              -6.195863119179679
            ],
            [
              105.47808803034019,
              -6.315863119179678
            ]
          ]
        ]
      },
      "properties": {
        "id_kab": "KAB_155",
        "Kab_kota": "Kep. Seribu",
        "Provinsi": "DKI Jakarta",
        "PC1": -0.4714863809491511,
        "PC2": -1.6490834797447578,
        "Tipologi_Lansia": null,
        "p0_miskin": 13.03,
        "pct_lansia": 8.1502,
        "rls": 9.26,
        "pengeluaran": 14110
      }
    },
    {
      "type": "Feature",
      "geometry": {
        "type": "Polygon",
        "coordinates": [
          [
            [
              106.26538709824784,
              -7.287915672135793
            ],
            [
              106.38538709824785,
              -7.287915672135793
            ],
            [
              106.38538709824785,
              -7.167915672135794
            ],
            [
              106.26538709824784,
              -7.167915672135794
            ],
            [
              106.26538709824784,
              -7.287915672135793
            ]
          ]
        ]
      },
      "properties": {
        "id_kab": "KAB_156",
        "Kab_kota": "Kota Jakarta Selatan",
        "Provinsi": "DKI Jakarta",
        "PC1": 4.821844778512349,
        "PC2": -1.93383733232219,
        "Tipologi_Lansia": null,
        "p0_miskin": 3.03,
        "pct_lansia": 11.7757,
        "rls": 11.95,
        "pengeluaran": 25573
      }
    },
    {
      "type": "Feature",
      "geometry": {
        "type": "Polygon",
        "coordinates": [
          [
            [
              107.31903349586563,
              -7.407643385250806
            ],
            [
              107.43903349586563,
              -7.407643385250806
            ],
            [
              107.43903349586563,
              -7.2876433852508065
            ],
            [
              107.31903349586563,
              -7.2876433852508065
            ],
            [
              107.31903349586563,
              -7.407643385250806
            ]
          ]
        ]
      },
      "properties": {
        "id_kab": "KAB_157",
        "Kab_kota": "Kota Jakarta Timur",
        "Provinsi": "DKI Jakarta",
        "PC1": 3.5447217463684493,
        "PC2": -1.902712940180316,
        "Tipologi_Lansia": null,
        "p0_miskin": 4.09,
        "pct_lansia": 11.0108,
        "rls": 11.99,
        "pengeluaran": 19193
      }
    },
    {
      "type": "Feature",
      "geometry": {
        "type": "Polygon",
        "coordinates": [
          [
            [
              108.15473745665089,
              -6.383022681631214
            ],
            [
              108.2747374566509,
              -6.383022681631214
            ],
            [
              108.2747374566509,
              -6.263022681631215
            ],
            [
              108.15473745665089,
              -6.263022681631215
            ],
            [
              108.15473745665089,
              -6.383022681631214
            ]
          ]
        ]
      },
      "properties": {
        "id_kab": "KAB_158",
        "Kab_kota": "Kota Jakarta Pusat",
        "Provinsi": "DKI Jakarta",
        "PC1": 3.791073958600592,
        "PC2": -0.7652790608357434,
        "Tipologi_Lansia": null,
        "p0_miskin": 4.63,
        "pct_lansia": 13.3122,
        "rls": 11.61,
        "pengeluaran": 18661
      }
    },
    {
      "type": "Feature",
      "geometry": {
        "type": "Polygon",
        "coordinates": [
          [
            [
              107.69153439863165,
              -5.278813585175252
            ],
            [
              107.81153439863165,
              -5.278813585175252
            ],
            [
              107.81153439863165,
              -5.158813585175253
            ],
            [
              107.69153439863165,
              -5.158813585175253
            ],
            [
              107.69153439863165,
              -5.278813585175252
            ]
          ]
        ]
      },
      "properties": {
        "id_kab": "KAB_159",
        "Kab_kota": "Kota Jakarta Barat",
        "Provinsi": "DKI Jakarta",
        "PC1": 3.7135476594525936,
        "PC2": -1.846313757492923,
        "Tipologi_Lansia": null,
        "p0_miskin": 3.94,
        "pct_lansia": 11.0537,
        "rls": 11.24,
        "pengeluaran": 22119
      }
    },
    {
      "type": "Feature",
      "geometry": {
        "type": "Polygon",
        "coordinates": [
          [
            [
              106.37483083340057,
              -5.118962420438163
            ],
            [
              106.49483083340057,
              -5.118962420438163
            ],
            [
              106.49483083340057,
              -4.998962420438164
            ],
            [
              106.37483083340057,
              -4.998962420438164
            ],
            [
              106.37483083340057,
              -5.118962420438163
            ]
          ]
        ]
      },
      "properties": {
        "id_kab": "KAB_160",
        "Kab_kota": "Kota Jakarta Utara",
        "Provinsi": "DKI Jakarta",
        "PC1": 2.7865832614593717,
        "PC2": -1.5937527223859955,
        "Tipologi_Lansia": null,
        "p0_miskin": 6.44,
        "pct_lansia": 10.5935,
        "rls": 10.85,
        "pengeluaran": 20032
      }
    },
    {
      "type": "Feature",
      "geometry": {
        "type": "Polygon",
        "coordinates": [
          [
            [
              106.3807004421957,
              -6.912776805558695
            ],
            [
              106.50070044219571,
              -6.912776805558695
            ],
            [
              106.50070044219571,
              -6.792776805558696
            ],
            [
              106.3807004421957,
              -6.792776805558696
            ],
            [
              106.3807004421957,
              -6.912776805558695
            ]
          ]
        ]
      },
      "properties": {
        "id_kab": "KAB_161",
        "Kab_kota": "Bogor",
        "Provinsi": "Jawa Barat",
        "PC1": 0.0996621871326776,
        "PC2": -0.8612715463315137,
        "Tipologi_Lansia": null,
        "p0_miskin": 7.05,
        "pct_lansia": 8.6618,
        "rls": 8.39,
        "pengeluaran": 11563
      }
    },
    {
      "type": "Feature",
      "geometry": {
        "type": "Polygon",
        "coordinates": [
          [
            [
              106.58431656884783,
              -7.649407343267785
            ],
            [
              106.70431656884783,
              -7.649407343267785
            ],
            [
              106.70431656884783,
              -7.529407343267786
            ],
            [
              106.58431656884783,
              -7.529407343267786
            ],
            [
              106.58431656884783,
              -7.649407343267785
            ]
          ]
        ]
      },
      "properties": {
        "id_kab": "KAB_162",
        "Kab_kota": "Sukabumi",
        "Provinsi": "Jawa Barat",
        "PC1": -0.0904115310185414,
        "PC2": 0.2803238844232119,
        "Tipologi_Lansia": null,
        "p0_miskin": 6.87,
        "pct_lansia": 11.5749,
        "rls": 7.34,
        "pengeluaran": 9815
      }
    },
    {
      "type": "Feature",
      "geometry": {
        "type": "Polygon",
        "coordinates": [
          [
            [
              107.76959023259492,
              -8.330803967196257
            ],
            [
              107.88959023259493,
              -8.330803967196257
            ],
            [
              107.88959023259493,
              -8.210803967196256
            ],
            [
              107.76959023259492,
              -8.210803967196256
            ],
            [
              107.76959023259492,
              -8.330803967196257
            ]
          ]
        ]
      },
      "properties": {
        "id_kab": "KAB_163",
        "Kab_kota": "Cianjur",
        "Provinsi": "Jawa Barat",
        "PC1": -1.0539142924299554,
        "PC2": 0.4483613843643938,
        "Tipologi_Lansia": null,
        "p0_miskin": 10.14,
        "pct_lansia": 11.0837,
        "rls": 7.33,
        "pengeluaran": 9026
      }
    },
    {
      "type": "Feature",
      "geometry": {
        "type": "Polygon",
        "coordinates": [
          [
            [
              108.8238417090282,
              -7.454433618776277
            ],
            [
              108.9438417090282,
              -7.454433618776277
            ],
            [
              108.9438417090282,
              -7.334433618776278
            ],
            [
              108.8238417090282,
              -7.334433618776278
            ],
            [
              108.8238417090282,
              -7.454433618776277
            ]
          ]
        ]
      },
      "properties": {
        "id_kab": "KAB_164",
        "Kab_kota": "Bandung",
        "Provinsi": "Jawa Barat",
        "PC1": 0.6700880200397314,
        "PC2": -0.6497248776208283,
        "Tipologi_Lansia": null,
        "p0_miskin": 6.19,
        "pct_lansia": 9.8879,
        "rls": 9.15,
        "pengeluaran": 11392
      }
    },
    {
      "type": "Feature",
      "geometry": {
        "type": "Polygon",
        "coordinates": [
          [
            [
              108.69169024355678,
              -6.452936220148166
            ],
            [
              108.81169024355678,
              -6.452936220148166
            ],
            [
              108.81169024355678,
              -6.3329362201481665
            ],
            [
              108.69169024355678,
              -6.3329362201481665
            ],
            [
              108.69169024355678,
              -6.452936220148166
            ]
          ]
        ]
      },
      "properties": {
        "id_kab": "KAB_165",
        "Kab_kota": "Garut",
        "Provinsi": "Jawa Barat",
        "PC1": -0.8510205969113663,
        "PC2": -0.2846413556320854,
        "Tipologi_Lansia": null,
        "p0_miskin": 9.68,
        "pct_lansia": 9.7745,
        "rls": 7.85,
        "pengeluaran": 9168
      }
    },
    {
      "type": "Feature",
      "geometry": {
        "type": "Polygon",
        "coordinates": [
          [
            [
              107.64118607402294,
              -5.7077820650621485
            ],
            [
              107.76118607402294,
              -5.7077820650621485
            ],
            [
              107.76118607402294,
              -5.587782065062149
            ],
            [
              107.64118607402294,
              -5.587782065062149
            ],
            [
              107.64118607402294,
              -5.7077820650621485
            ]
          ]
        ]
      },
      "properties": {
        "id_kab": "KAB_166",
        "Kab_kota": "Tasikmalaya",
        "Provinsi": "Jawa Barat",
        "PC1": -0.6689189968046141,
        "PC2": 1.52645270759995,
        "Tipologi_Lansia": null,
        "p0_miskin": 10.23,
        "pct_lansia": 14.0361,
        "rls": 7.97,
        "pengeluaran": 8965
      }
    },
    {
      "type": "Feature",
      "geometry": {
        "type": "Polygon",
        "coordinates": [
          [
            [
              106.633329974122,
              -6.354538495197837
            ],
            [
              106.75332997412201,
              -6.354538495197837
            ],
            [
              106.75332997412201,
              -6.234538495197838
            ],
            [
              106.633329974122,
              -6.234538495197838
            ],
            [
              106.633329974122,
              -6.354538495197837
            ]
          ]
        ]
      },
      "properties": {
        "id_kab": "KAB_167",
        "Kab_kota": "Ciamis",
        "Provinsi": "Jawa Barat",
        "PC1": 0.7526903179044191,
        "PC2": 2.255629453774448,
        "Tipologi_Lansia": null,
        "p0_miskin": 7.39,
        "pct_lansia": 17.2806,
        "rls": 8.1,
        "pengeluaran": 10085
      }
    },
    {
      "type": "Feature",
      "geometry": {
        "type": "Polygon",
        "coordinates": [
          [
            [
              106.44330018021684,
              -7.6139426748305645
            ],
            [
              106.56330018021684,
              -7.6139426748305645
            ],
            [
              106.56330018021684,
              -7.493942674830565
            ],
            [
              106.44330018021684,
              -7.493942674830565
            ],
            [
              106.44330018021684,
              -7.6139426748305645
            ]
          ]
        ]
      },
      "properties": {
        "id_kab": "KAB_168",
        "Kab_kota": "Kuningan",
        "Provinsi": "Jawa Barat",
        "PC1": 0.4813753633038259,
        "PC2": 0.9344551031056516,
        "Tipologi_Lansia": null,
        "p0_miskin": 11.88,
        "pct_lansia": 13.642,
        "rls": 7.9,
        "pengeluaran": 10418
      }
    },
    {
      "type": "Feature",
      "geometry": {
        "type": "Polygon",
        "coordinates": [
          [
            [
              107.57085552355109,
              -8.218158254397581
            ],
            [
              107.6908555235511,
              -8.218158254397581
            ],
            [
              107.6908555235511,
              -8.09815825439758
            ],
            [
              107.57085552355109,
              -8.09815825439758
            ],
            [
              107.57085552355109,
              -8.218158254397581
            ]
          ]
        ]
      },
      "properties": {
        "id_kab": "KAB_169",
        "Kab_kota": "Cirebon",
        "Provinsi": "Jawa Barat",
        "PC1": -0.1566215172376587,
        "PC2": 0.1198037424127525,
        "Tipologi_Lansia": null,
        "p0_miskin": 11.0,
        "pct_lansia": 10.0196,
        "rls": 7.65,
        "pengeluaran": 11529
      }
    },
    {
      "type": "Feature",
      "geometry": {
        "type": "Polygon",
        "coordinates": [
          [
            [
              108.41418334599197,
              -7.752183371441666
            ],
            [
              108.53418334599198,
              -7.752183371441666
            ],
            [
              108.53418334599198,
              -7.632183371441667
            ],
            [
              108.41418334599197,
              -7.632183371441667
            ],
            [
              108.41418334599197,
              -7.752183371441666
            ]
          ]
        ]
      },
      "properties": {
        "id_kab": "KAB_170",
        "Kab_kota": "Majalengka",
        "Provinsi": "Jawa Barat",
        "PC1": -0.2219414725958006,
        "PC2": 1.590039900640324,
        "Tipologi_Lansia": null,
        "p0_miskin": 10.82,
        "pct_lansia": 13.674,
        "rls": 7.53,
        "pengeluaran": 10842
      }
    },
    {
      "type": "Feature",
      "geometry": {
        "type": "Polygon",
        "coordinates": [
          [
            [
              108.84789813600854,
              -6.386453310687326
            ],
            [
              108.96789813600854,
              -6.386453310687326
            ],
            [
              108.96789813600854,
              -6.266453310687327
            ],
            [
              108.84789813600854,
              -6.266453310687327
            ],
            [
              108.84789813600854,
              -6.386453310687326
            ]
          ]
        ]
      },
      "properties": {
        "id_kab": "KAB_171",
        "Kab_kota": "Sumedang",
        "Provinsi": "Jawa Barat",
        "PC1": 1.120486281394483,
        "PC2": 1.094993431686292,
        "Tipologi_Lansia": null,
        "p0_miskin": 9.1,
        "pct_lansia": 15.2571,
        "rls": 8.74,
        "pengeluaran": 11589
      }
    },
    {
      "type": "Feature",
      "geometry": {
        "type": "Polygon",
        "coordinates": [
          [
            [
              107.87108155061779,
              -5.866072032032925
            ],
            [
              107.99108155061779,
              -5.866072032032925
            ],
            [
              107.99108155061779,
              -5.7460720320329255
            ],
            [
              107.87108155061779,
              -5.7460720320329255
            ],
            [
              107.87108155061779,
              -5.866072032032925
            ]
          ]
        ]
      },
      "properties": {
        "id_kab": "KAB_172",
        "Kab_kota": "Indramayu",
        "Provinsi": "Jawa Barat",
        "PC1": -0.2391685534262681,
        "PC2": 1.0069418605224665,
        "Tipologi_Lansia": null,
        "p0_miskin": 11.93,
        "pct_lansia": 11.3066,
        "rls": 6.95,
        "pengeluaran": 11010
      }
    },
    {
      "type": "Feature",
      "geometry": {
        "type": "Polygon",
        "coordinates": [
          [
            [
              106.59488484346187,
              -6.2175721471199825
            ],
            [
              106.71488484346187,
              -6.2175721471199825
            ],
            [
              106.71488484346187,
              -6.097572147119983
            ],
            [
              106.59488484346187,
              -6.097572147119983
            ],
            [
              106.59488484346187,
              -6.2175721471199825
            ]
          ]
        ]
      },
      "properties": {
        "id_kab": "KAB_173",
        "Kab_kota": "Subang",
        "Provinsi": "Jawa Barat",
        "PC1": 0.8073294557191263,
        "PC2": 1.1492628091745871,
        "Tipologi_Lansia": null,
        "p0_miskin": 9.49,
        "pct_lansia": 13.8787,
        "rls": 7.46,
        "pengeluaran": 11894
      }
    },
    {
      "type": "Feature",
      "geometry": {
        "type": "Polygon",
        "coordinates": [
          [
            [
              106.31690762856317,
              -7.29593682789746
            ],
            [
              106.43690762856318,
              -7.29593682789746
            ],
            [
              106.43690762856318,
              -7.175936827897461
            ],
            [
              106.31690762856317,
              -7.175936827897461
            ],
            [
              106.31690762856317,
              -7.29593682789746
            ]
          ]
        ]
      },
      "properties": {
        "id_kab": "KAB_174",
        "Kab_kota": "Purwakarta",
        "Provinsi": "Jawa Barat",
        "PC1": 0.2761032742792527,
        "PC2": -0.6384998991155175,
        "Tipologi_Lansia": null,
        "p0_miskin": 8.41,
        "pct_lansia": 10.1119,
        "rls": 8.14,
        "pengeluaran": 13099
      }
    },
    {
      "type": "Feature",
      "geometry": {
        "type": "Polygon",
        "coordinates": [
          [
            [
              107.26709859003854,
              -7.948343928622808
            ],
            [
              107.38709859003855,
              -7.948343928622808
            ],
            [
              107.38709859003855,
              -7.828343928622809
            ],
            [
              107.26709859003854,
              -7.828343928622809
            ],
            [
              107.26709859003854,
              -7.948343928622808
            ]
          ]
        ]
      },
      "properties": {
        "id_kab": "KAB_175",
        "Kab_kota": "Karawang",
        "Provinsi": "Jawa Barat",
        "PC1": 0.7084248249772164,
        "PC2": -0.5037392024470948,
        "Tipologi_Lansia": null,
        "p0_miskin": 7.86,
        "pct_lansia": 10.0667,
        "rls": 8.05,
        "pengeluaran": 12942
      }
    },
    {
      "type": "Feature",
      "geometry": {
        "type": "Polygon",
        "coordinates": [
          [
            [
              108.46101915292049,
              -7.85501222279001
            ],
            [
              108.58101915292049,
              -7.85501222279001
            ],
            [
              108.58101915292049,
              -7.735012222790011
            ],
            [
              108.46101915292049,
              -7.735012222790011
            ],
            [
              108.46101915292049,
              -7.85501222279001
            ]
          ]
        ]
      },
      "properties": {
        "id_kab": "KAB_176",
        "Kab_kota": "Bekasi",
        "Provinsi": "Jawa Barat",
        "PC1": 1.222488576045447,
        "PC2": -1.857723323016228,
        "Tipologi_Lansia": null,
        "p0_miskin": 4.8,
        "pct_lansia": 7.5153,
        "rls": 9.76,
        "pengeluaran": 12500
      }
    },
    {
      "type": "Feature",
      "geometry": {
        "type": "Polygon",
        "coordinates": [
          [
            [
              108.65410591981485,
              -6.923579975460362
            ],
            [
              108.77410591981486,
              -6.923579975460362
            ],
            [
              108.77410591981486,
              -6.803579975460363
            ],
            [
              108.65410591981485,
              -6.803579975460363
            ],
            [
              108.65410591981485,
              -6.923579975460362
            ]
          ]
        ]
      },
      "properties": {
        "id_kab": "KAB_177",
        "Kab_kota": "Bandung Barat",
        "Provinsi": "Jawa Barat",
        "PC1": -0.2309337746974153,
        "PC2": 0.2376904024310409,
        "Tipologi_Lansia": null,
        "p0_miskin": 10.49,
        "pct_lansia": 10.8178,
        "rls": 8.24,
        "pengeluaran": 9583
      }
    },
    {
      "type": "Feature",
      "geometry": {
        "type": "Polygon",
        "coordinates": [
          [
            [
              108.05481611704487,
              -6.077432879790866
            ],
            [
              108.17481611704487,
              -6.077432879790866
            ],
            [
              108.17481611704487,
              -5.957432879790867
            ],
            [
              108.05481611704487,
              -5.957432879790867
            ],
            [
              108.05481611704487,
              -6.077432879790866
            ]
          ]
        ]
      },
      "properties": {
        "id_kab": "KAB_178",
        "Kab_kota": "Pangandaran",
        "Provinsi": "Jawa Barat",
        "PC1": 0.2428881200081041,
        "PC2": 2.629313354136241,
        "Tipologi_Lansia": null,
        "p0_miskin": 8.75,
        "pct_lansia": 16.9372,
        "rls": 8.1,
        "pengeluaran": 9654
      }
    },
    {
      "type": "Feature",
      "geometry": {
        "type": "Polygon",
        "coordinates": [
          [
            [
              106.82064792019234,
              -6.066304103446696
            ],
            [
              106.94064792019235,
              -6.066304103446696
            ],
            [
              106.94064792019235,
              -5.946304103446697
            ],
            [
              106.82064792019234,
              -5.946304103446697
            ],
            [
              106.82064792019234,
              -6.066304103446696
            ]
          ]
        ]
      },
      "properties": {
        "id_kab": "KAB_179",
        "Kab_kota": "Kota Bogor",
        "Provinsi": "Jawa Barat",
        "PC1": 1.9148254060589904,
        "PC2": -1.0585086157984878,
        "Tipologi_Lansia": null,
        "p0_miskin": 6.53,
        "pct_lansia": 11.136,
        "rls": 10.71,
        "pengeluaran": 13154
      }
    },
    {
      "type": "Feature",
      "geometry": {
        "type": "Polygon",
        "coordinates": [
          [
            [
              106.30777971671735,
              -6.851460520630441
            ],
            [
              106.42777971671735,
              -6.851460520630441
            ],
            [
              106.42777971671735,
              -6.731460520630442
            ],
            [
              106.30777971671735,
              -6.731460520630442
            ],
            [
              106.30777971671735,
              -6.851460520630441
            ]
          ]
        ]
      },
      "properties": {
        "id_kab": "KAB_180",
        "Kab_kota": "Kota Sukabumi",
        "Provinsi": "Jawa Barat",
        "PC1": 1.2847125096762326,
        "PC2": -1.0710909035231266,
        "Tipologi_Lansia": null,
        "p0_miskin": 7.2,
        "pct_lansia": 11.4908,
        "rls": 10.38,
        "pengeluaran": 12252
      }
    },
    {
      "type": "Feature",
      "geometry": {
        "type": "Polygon",
        "coordinates": [
          [
            [
              106.7174822054188,
              -7.913055025842139
            ],
            [
              106.83748220541881,
              -7.913055025842139
            ],
            [
              106.83748220541881,
              -7.79305502584214
            ],
            [
              106.7174822054188,
              -7.79305502584214
            ],
            [
              106.7174822054188,
              -7.913055025842139
            ]
          ]
        ]
      },
      "properties": {
        "id_kab": "KAB_181",
        "Kab_kota": "Kota Bandung",
        "Provinsi": "Jawa Barat",
        "PC1": 3.624992800494756,
        "PC2": -1.2456096562548074,
        "Tipologi_Lansia": null,
        "p0_miskin": 3.87,
        "pct_lansia": 12.5742,
        "rls": 11.07,
        "pengeluaran": 18795
      }
    },
    {
      "type": "Feature",
      "geometry": {
        "type": "Polygon",
        "coordinates": [
          [
            [
              107.86625898941877,
              -8.030479336280068
            ],
            [
              107.98625898941877,
              -8.030479336280068
            ],
            [
              107.98625898941877,
              -7.910479336280069
            ],
            [
              107.86625898941877,
              -7.910479336280069
            ],
            [
              107.86625898941877,
              -8.030479336280068
            ]
          ]
        ]
      },
      "properties": {
        "id_kab": "KAB_182",
        "Kab_kota": "Kota Cirebon",
        "Provinsi": "Jawa Barat",
        "PC1": 1.2097046418592825,
        "PC2": -0.456172814217671,
        "Tipologi_Lansia": null,
        "p0_miskin": 9.02,
        "pct_lansia": 11.7781,
        "rls": 10.53,
        "pengeluaran": 12869
      }
    },
    {
      "type": "Feature",
      "geometry": {
        "type": "Polygon",
        "coordinates": [
          [
            [
              108.82884412250468,
              -7.319227841582616
            ],
            [
              108.94884412250468,
              -7.319227841582616
            ],
            [
              108.94884412250468,
              -7.1992278415826165
            ],
            [
              108.82884412250468,
              -7.1992278415826165
            ],
            [
              108.82884412250468,
              -7.319227841582616
            ]
          ]
        ]
      },
      "properties": {
        "id_kab": "KAB_183",
        "Kab_kota": "Kota Bekasi",
        "Provinsi": "Jawa Barat",
        "PC1": 3.2210144705584183,
        "PC2": -1.805095020863184,
        "Tipologi_Lansia": null,
        "p0_miskin": 4.01,
        "pct_lansia": 10.6236,
        "rls": 11.79,
        "pengeluaran": 16775
      }
    },
    {
      "type": "Feature",
      "geometry": {
        "type": "Polygon",
        "coordinates": [
          [
            [
              108.33967013829987,
              -6.103188351855065
            ],
            [
              108.45967013829987,
              -6.103188351855065
            ],
            [
              108.45967013829987,
              -5.983188351855066
            ],
            [
              108.33967013829987,
              -5.983188351855066
            ],
            [
              108.33967013829987,
              -6.103188351855065
            ]
          ]
        ]
      },
      "properties": {
        "id_kab": "KAB_184",
        "Kab_kota": "Kota Depok",
        "Provinsi": "Jawa Barat",
        "PC1": 2.8550872383920303,
        "PC2": -1.868093841572125,
        "Tipologi_Lansia": null,
        "p0_miskin": 2.34,
        "pct_lansia": 9.9928,
        "rls": 11.59,
        "pengeluaran": 16640
      }
    },
    {
      "type": "Feature",
      "geometry": {
        "type": "Polygon",
        "coordinates": [
          [
            [
              107.37853223230576,
              -5.788403227033167
            ],
            [
              107.49853223230576,
              -5.788403227033167
            ],
            [
              107.49853223230576,
              -5.668403227033168
            ],
            [
              107.37853223230576,
              -5.668403227033168
            ],
            [
              107.37853223230576,
              -5.788403227033167
            ]
          ]
        ]
      },
      "properties": {
        "id_kab": "KAB_185",
        "Kab_kota": "Kota Cimahi",
        "Provinsi": "Jawa Barat",
        "PC1": 2.567148185834771,
        "PC2": -1.4820701265440703,
        "Tipologi_Lansia": null,
        "p0_miskin": 4.39,
        "pct_lansia": 11.0076,
        "rls": 11.52,
        "pengeluaran": 13278
      }
    },
    {
      "type": "Feature",
      "geometry": {
        "type": "Polygon",
        "coordinates": [
          [
            [
              106.46577904389744,
              -6.396701735295817
            ],
            [
              106.58577904389745,
              -6.396701735295817
            ],
            [
              106.58577904389745,
              -6.276701735295818
            ],
            [
              106.46577904389744,
              -6.276701735295818
            ],
            [
              106.46577904389744,
              -6.396701735295817
            ]
          ]
        ]
      },
      "properties": {
        "id_kab": "KAB_186",
        "Kab_kota": "Kota Tasikmalaya",
        "Provinsi": "Jawa Barat",
        "PC1": 0.4399513950303423,
        "PC2": -0.0745572792849395,
        "Tipologi_Lansia": null,
        "p0_miskin": 11.1,
        "pct_lansia": 11.7939,
        "rls": 9.63,
        "pengeluaran": 11431
      }
    },
    {
      "type": "Feature",
      "geometry": {
        "type": "Polygon",
        "coordinates": [
          [
            [
              106.69960540562697,
              -7.806854173509188
            ],
            [
              106.81960540562697,
              -7.806854173509188
            ],
            [
              106.81960540562697,
              -7.686854173509189
            ],
            [
              106.69960540562697,
              -7.686854173509189
            ],
            [
              106.69960540562697,
              -7.806854173509188
            ]
          ]
        ]
      },
      "properties": {
        "id_kab": "KAB_187",
        "Kab_kota": "Kota Banjar",
        "Provinsi": "Jawa Barat",
        "PC1": 0.9642923316285956,
        "PC2": 0.5742485475905491,
        "Tipologi_Lansia": null,
        "p0_miskin": 5.85,
        "pct_lansia": 14.4115,
        "rls": 8.83,
        "pengeluaran": 11811
      }
    },
    {
      "type": "Feature",
      "geometry": {
        "type": "Polygon",
        "coordinates": [
          [
            [
              110.05065990599489,
              -8.296397621048698
            ],
            [
              110.1706599059949,
              -8.296397621048698
            ],
            [
              110.1706599059949,
              -8.176397621048697
            ],
            [
              110.05065990599489,
              -8.176397621048697
            ],
            [
              110.05065990599489,
              -8.296397621048698
            ]
          ]
        ]
      },
      "properties": {
        "id_kab": "KAB_188",
        "Kab_kota": "Cilacap",
        "Provinsi": "Jawa Tengah",
        "PC1": 0.9632553708236228,
        "PC2": 1.116971014299706,
        "Tipologi_Lansia": null,
        "p0_miskin": 10.68,
        "pct_lansia": 14.1739,
        "rls": 7.4,
        "pengeluaran": 11868
      }
    },
    {
      "type": "Feature",
      "geometry": {
        "type": "Polygon",
        "coordinates": [
          [
            [
              111.12191745458713,
              -7.653298714943316
            ],
            [
              111.24191745458714,
              -7.653298714943316
            ],
            [
              111.24191745458714,
              -7.533298714943316
            ],
            [
              111.12191745458713,
              -7.533298714943316
            ],
            [
              111.12191745458713,
              -7.653298714943316
            ]
          ]
        ]
      },
      "properties": {
        "id_kab": "KAB_189",
        "Kab_kota": "Banyumas",
        "Provinsi": "Jawa Tengah",
        "PC1": 0.9836662921739436,
        "PC2": 1.3111405040659792,
        "Tipologi_Lansia": null,
        "p0_miskin": 11.95,
        "pct_lansia": 14.5967,
        "rls": 7.91,
        "pengeluaran": 12960
      }
    },
    {
      "type": "Feature",
      "geometry": {
        "type": "Polygon",
        "coordinates": [
          [
            [
              111.02582515615643,
              -6.519011790762867
            ],
            [
              111.14582515615643,
              -6.519011790762867
            ],
            [
              111.14582515615643,
              -6.399011790762867
            ],
            [
              111.02582515615643,
              -6.399011790762867
            ],
            [
              111.02582515615643,
              -6.519011790762867
            ]
          ]
        ]
      },
      "properties": {
        "id_kab": "KAB_190",
        "Kab_kota": "Purbalingga",
        "Provinsi": "Jawa Tengah",
        "PC1": -0.1092790791922828,
        "PC2": 1.6401195073363526,
        "Tipologi_Lansia": null,
        "p0_miskin": 14.18,
        "pct_lansia": 13.6183,
        "rls": 7.36,
        "pengeluaran": 11343
      }
    },
    {
      "type": "Feature",
      "geometry": {
        "type": "Polygon",
        "coordinates": [
          [
            [
              110.3413470777387,
              -6.080508757696209
            ],
            [
              110.46134707773871,
              -6.080508757696209
            ],
            [
              110.46134707773871,
              -5.96050875769621
            ],
            [
              110.3413470777387,
              -5.96050875769621
            ],
            [
              110.3413470777387,
              -6.080508757696209
            ]
          ]
        ]
      },
      "properties": {
        "id_kab": "KAB_191",
        "Kab_kota": "Banjarnegara",
        "Provinsi": "Jawa Tengah",
        "PC1": -0.0390544161421998,
        "PC2": 2.032180636547196,
        "Tipologi_Lansia": null,
        "p0_miskin": 14.71,
        "pct_lansia": 14.2148,
        "rls": 6.87,
        "pengeluaran": 10595
      }
    },
    {
      "type": "Feature",
      "geometry": {
        "type": "Polygon",
        "coordinates": [
          [
            [
              109.22489906034902,
              -6.433883712586365
            ],
            [
              109.34489906034902,
              -6.433883712586365
            ],
            [
              109.34489906034902,
              -6.313883712586366
            ],
            [
              109.22489906034902,
              -6.313883712586366
            ],
            [
              109.22489906034902,
              -6.433883712586365
            ]
          ]
        ]
      },
      "properties": {
        "id_kab": "KAB_192",
        "Kab_kota": "Kebumen",
        "Provinsi": "Jawa Tengah",
        "PC1": -0.0443375221277257,
        "PC2": 2.029944928313962,
        "Tipologi_Lansia": null,
        "p0_miskin": 15.71,
        "pct_lansia": 14.6964,
        "rls": 7.87,
        "pengeluaran": 10176
      }
    },
    {
      "type": "Feature",
      "geometry": {
        "type": "Polygon",
        "coordinates": [
          [
            [
              108.84015400001468,
              -7.561476291893963
            ],
            [
              108.96015400001468,
              -7.561476291893963
            ],
            [
              108.96015400001468,
              -7.441476291893964
            ],
            [
              108.84015400001468,
              -7.441476291893964
            ],
            [
              108.84015400001468,
              -7.561476291893963
            ]
          ]
        ]
      },
      "properties": {
        "id_kab": "KAB_193",
        "Kab_kota": "Purworejo",
        "Provinsi": "Jawa Tengah",
        "PC1": 1.42554824535152,
        "PC2": 2.3629087819678207,
        "Tipologi_Lansia": null,
        "p0_miskin": 10.87,
        "pct_lansia": 17.4394,
        "rls": 8.65,
        "pengeluaran": 11584
      }
    },
    {
      "type": "Feature",
      "geometry": {
        "type": "Polygon",
        "coordinates": [
          [
            [
              109.95614226769565,
              -8.39677239016792
            ],
            [
              110.07614226769566,
              -8.39677239016792
            ],
            [
              110.07614226769566,
              -8.276772390167919
            ],
            [
              109.95614226769565,
              -8.276772390167919
            ],
            [
              109.95614226769565,
              -8.39677239016792
            ]
          ]
        ]
      },
      "properties": {
        "id_kab": "KAB_194",
        "Kab_kota": "Wonosobo",
        "Provinsi": "Jawa Tengah",
        "PC1": -0.5105066911034729,
        "PC2": 1.884496581322617,
        "Tipologi_Lansia": null,
        "p0_miskin": 15.28,
        "pct_lansia": 13.4047,
        "rls": 6.9,
        "pengeluaran": 11980
      }
    },
    {
      "type": "Feature",
      "geometry": {
        "type": "Polygon",
        "coordinates": [
          [
            [
              110.73686626899031,
              -7.983749544358441
            ],
            [
              110.85686626899032,
              -7.983749544358441
            ],
            [
              110.85686626899032,
              -7.863749544358442
            ],
            [
              110.73686626899031,
              -7.863749544358442
            ],
            [
              110.73686626899031,
              -7.983749544358441
            ]
          ]
        ]
      },
      "properties": {
        "id_kab": "KAB_195",
        "Kab_kota": "Magelang",
        "Provinsi": "Jawa Tengah",
        "PC1": 0.5277614460320985,
        "PC2": 2.064415221537737,
        "Tipologi_Lansia": null,
        "p0_miskin": 10.83,
        "pct_lansia": 14.9243,
        "rls": 7.83,
        "pengeluaran": 10926
      }
    },
    {
      "type": "Feature",
      "geometry": {
        "type": "Polygon",
        "coordinates": [
          [
            [
              111.18976512558875,
              -7.1125913013459945
            ],
            [
              111.30976512558875,
              -7.1125913013459945
            ],
            [
              111.30976512558875,
              -6.992591301345995
            ],
            [
              111.18976512558875,
              -6.992591301345995
            ],
            [
              111.18976512558875,
              -7.1125913013459945
            ]
          ]
        ]
      },
      "properties": {
        "id_kab": "KAB_196",
        "Kab_kota": "Boyolali",
        "Provinsi": "Jawa Tengah",
        "PC1": 1.50651751649206,
        "PC2": 1.666599480170442,
        "Tipologi_Lansia": null,
        "p0_miskin": 9.63,
        "pct_lansia": 15.1296,
        "rls": 8.17,
        "pengeluaran": 14195
      }
    },
    {
      "type": "Feature",
      "geometry": {
        "type": "Polygon",
        "coordinates": [
          [
            [
              110.48773594168445,
              -5.905717717468646
            ],
            [
              110.60773594168445,
              -5.905717717468646
            ],
            [
              110.60773594168445,
              -5.785717717468647
            ],
            [
              110.48773594168445,
              -5.785717717468647
            ],
            [
              110.48773594168445,
              -5.905717717468646
            ]
          ]
        ]
      },
      "properties": {
        "id_kab": "KAB_197",
        "Kab_kota": "Klaten",
        "Provinsi": "Jawa Tengah",
        "PC1": 2.008179245787777,
        "PC2": 1.9723485584658704,
        "Tipologi_Lansia": null,
        "p0_miskin": 12.04,
        "pct_lansia": 16.2459,
        "rls": 9.29,
        "pengeluaran": 13513
      }
    },
    {
      "type": "Feature",
      "geometry": {
        "type": "Polygon",
        "coordinates": [
          [
            [
              109.2978072506039,
              -6.34786248152429
            ],
            [
              109.4178072506039,
              -6.34786248152429
            ],
            [
              109.4178072506039,
              -6.227862481524291
            ],
            [
              109.2978072506039,
              -6.227862481524291
            ],
            [
              109.2978072506039,
              -6.34786248152429
            ]
          ]
        ]
      },
      "properties": {
        "id_kab": "KAB_198",
        "Kab_kota": "Sukoharjo",
        "Provinsi": "Jawa Tengah",
        "PC1": 2.2843057859456493,
        "PC2": 1.1924772958904224,
        "Tipologi_Lansia": null,
        "p0_miskin": 7.47,
        "pct_lansia": 14.5803,
        "rls": 10.01,
        "pengeluaran": 12758
      }
    },
    {
      "type": "Feature",
      "geometry": {
        "type": "Polygon",
        "coordinates": [
          [
            [
              108.85258570890468,
              -7.4221332589755145
            ],
            [
              108.97258570890469,
              -7.4221332589755145
            ],
            [
              108.97258570890469,
              -7.302133258975515
            ],
            [
              108.85258570890468,
              -7.302133258975515
            ],
            [
              108.85258570890468,
              -7.4221332589755145
            ]
          ]
        ]
      },
      "properties": {
        "id_kab": "KAB_199",
        "Kab_kota": "Wonogiri",
        "Provinsi": "Jawa Tengah",
        "PC1": 1.7505835056292745,
        "PC2": 4.070818771340914,
        "Tipologi_Lansia": null,
        "p0_miskin": 10.71,
        "pct_lansia": 20.7554,
        "rls": 7.68,
        "pengeluaran": 10634
      }
    },
    {
      "type": "Feature",
      "geometry": {
        "type": "Polygon",
        "coordinates": [
          [
            [
              109.65265014789726,
              -8.381844427461271
            ],
            [
              109.77265014789727,
              -8.381844427461271
            ],
            [
              109.77265014789727,
              -8.26184442746127
            ],
            [
              109.65265014789726,
              -8.26184442746127
            ],
            [
              109.65265014789726,
              -8.381844427461271
            ]
          ]
        ]
      },
      "properties": {
        "id_kab": "KAB_200",
        "Kab_kota": "Karanganyar",
        "Provinsi": "Jawa Tengah",
        "PC1": 1.8677915148792408,
        "PC2": 1.640678841877326,
        "Tipologi_Lansia": null,
        "p0_miskin": 9.59,
        "pct_lansia": 15.2978,
        "rls": 9.26,
        "pengeluaran": 12732
      }
    },
    {
      "type": "Feature",
      "geometry": {
        "type": "Polygon",
        "coordinates": [
          [
            [
              110.5768460173827,
              -8.27634851704017
            ],
            [
              110.69684601738271,
              -8.27634851704017
            ],
            [
              110.69684601738271,
              -8.156348517040168
            ],
            [
              110.5768460173827,
              -8.156348517040168
            ],
            [
              110.5768460173827,
              -8.27634851704017
            ]
          ]
        ]
      },
      "properties": {
        "id_kab": "KAB_201",
        "Kab_kota": "Sragen",
        "Provinsi": "Jawa Tengah",
        "PC1": 1.3980854426387317,
        "PC2": 2.265587411464559,
        "Tipologi_Lansia": null,
        "p0_miskin": 12.41,
        "pct_lansia": 16.0537,
        "rls": 7.88,
        "pengeluaran": 13890
      }
    },
    {
      "type": "Feature",
      "geometry": {
        "type": "Polygon",
        "coordinates": [
          [
            [
              111.20374009454794,
              -7.112011641605871
            ],
            [
              111.32374009454794,
              -7.112011641605871
            ],
            [
              111.32374009454794,
              -6.992011641605872
            ],
            [
              111.20374009454794,
              -6.992011641605872
            ],
            [
              111.20374009454794,
              -7.112011641605871
            ]
          ]
        ]
      },
      "properties": {
        "id_kab": "KAB_202",
        "Kab_kota": "Grobogan",
        "Provinsi": "Jawa Tengah",
        "PC1": 0.3218249185991848,
        "PC2": 1.9855154211400188,
        "Tipologi_Lansia": null,
        "p0_miskin": 11.43,
        "pct_lansia": 14.1126,
        "rls": 7.29,
        "pengeluaran": 11548
      }
    },
    {
      "type": "Feature",
      "geometry": {
        "type": "Polygon",
        "coordinates": [
          [
            [
              110.60728168693001,
              -6.0793120469436674
            ],
            [
              110.72728168693001,
              -6.0793120469436674
            ],
            [
              110.72728168693001,
              -5.959312046943668
            ],
            [
              110.60728168693001,
              -5.959312046943668
            ],
            [
              110.60728168693001,
              -6.0793120469436674
            ]
          ]
        ]
      },
      "properties": {
        "id_kab": "KAB_203",
        "Kab_kota": "Blora",
        "Provinsi": "Jawa Tengah",
        "PC1": 0.8375121185901392,
        "PC2": 2.829626027374118,
        "Tipologi_Lansia": null,
        "p0_miskin": 11.42,
        "pct_lansia": 16.2578,
        "rls": 7.26,
        "pengeluaran": 10926
      }
    },
    {
      "type": "Feature",
      "geometry": {
        "type": "Polygon",
        "coordinates": [
          [
            [
              109.64296871032786,
              -6.008082335692577
            ],
            [
              109.76296871032787,
              -6.008082335692577
            ],
            [
              109.76296871032787,
              -5.8880823356925776
            ],
            [
              109.64296871032786,
              -5.8880823356925776
            ],
            [
              109.64296871032786,
              -6.008082335692577
            ]
          ]
        ]
      },
      "properties": {
        "id_kab": "KAB_204",
        "Kab_kota": "Rembang",
        "Provinsi": "Jawa Tengah",
        "PC1": 0.3913759491893152,
        "PC2": 2.3771897292586512,
        "Tipologi_Lansia": null,
        "p0_miskin": 14.02,
        "pct_lansia": 14.6043,
        "rls": 7.73,
        "pengeluaran": 11830
      }
    },
    {
      "type": "Feature",
      "geometry": {
        "type": "Polygon",
        "coordinates": [
          [
            [
              108.71959651021008,
              -6.990667144293458
            ],
            [
              108.83959651021009,
              -6.990667144293458
            ],
            [
              108.83959651021009,
              -6.870667144293459
            ],
            [
              108.71959651021008,
              -6.870667144293459
            ],
            [
              108.71959651021008,
              -6.990667144293458
            ]
          ]
        ]
      },
      "properties": {
        "id_kab": "KAB_205",
        "Kab_kota": "Pati",
        "Provinsi": "Jawa Tengah",
        "PC1": 1.3204772640554387,
        "PC2": 2.0571791731166007,
        "Tipologi_Lansia": null,
        "p0_miskin": 9.17,
        "pct_lansia": 15.0694,
        "rls": 7.82,
        "pengeluaran": 11829
      }
    },
    {
      "type": "Feature",
      "geometry": {
        "type": "Polygon",
        "coordinates": [
          [
            [
              109.17432633881721,
              -8.252503733124765
            ],
            [
              109.29432633881721,
              -8.252503733124765
            ],
            [
              109.29432633881721,
              -8.132503733124764
            ],
            [
              109.17432633881721,
              -8.132503733124764
            ],
            [
              109.17432633881721,
              -8.252503733124765
            ]
          ]
        ]
      },
      "properties": {
        "id_kab": "KAB_206",
        "Kab_kota": "Kudus",
        "Provinsi": "Jawa Tengah",
        "PC1": 1.3521045146048116,
        "PC2": 0.6243611091857002,
        "Tipologi_Lansia": null,
        "p0_miskin": 7.23,
        "pct_lansia": 11.8625,
        "rls": 9.35,
        "pengeluaran": 12533
      }
    },
    {
      "type": "Feature",
      "geometry": {
        "type": "Polygon",
        "coordinates": [
          [
            [
              110.39588838707049,
              -8.20162246778752
            ],
            [
              110.51588838707049,
              -8.20162246778752
            ],
            [
              110.51588838707049,
              -8.081622467787518
            ],
            [
              110.39588838707049,
              -8.081622467787518
            ],
            [
              110.39588838707049,
              -8.20162246778752
            ]
          ]
        ]
      },
      "properties": {
        "id_kab": "KAB_207",
        "Kab_kota": "Jepara",
        "Provinsi": "Jawa Tengah",
        "PC1": 0.9610651412766086,
        "PC2": 0.886556989810146,
        "Tipologi_Lansia": null,
        "p0_miskin": 6.09,
        "pct_lansia": 12.0117,
        "rls": 8.27,
        "pengeluaran": 11729
      }
    },
    {
      "type": "Feature",
      "geometry": {
        "type": "Polygon",
        "coordinates": [
          [
            [
              111.25433462455355,
              -7.669316096376803
            ],
            [
              111.37433462455355,
              -7.669316096376803
            ],
            [
              111.37433462455355,
              -7.549316096376804
            ],
            [
              111.25433462455355,
              -7.549316096376804
            ],
            [
              111.25433462455355,
              -7.669316096376803
            ]
          ]
        ]
      },
      "properties": {
        "id_kab": "KAB_208",
        "Kab_kota": "Demak",
        "Provinsi": "Jawa Tengah",
        "PC1": 0.3265819443561946,
        "PC2": 0.802261824060381,
        "Tipologi_Lansia": null,
        "p0_miskin": 11.89,
        "pct_lansia": 11.4515,
        "rls": 8.28,
        "pengeluaran": 11591
      }
    },
    {
      "type": "Feature",
      "geometry": {
        "type": "Polygon",
        "coordinates": [
          [
            [
              110.8980682486127,
              -6.597565869256636
            ],
            [
              111.0180682486127,
              -6.597565869256636
            ],
            [
              111.0180682486127,
              -6.477565869256637
            ],
            [
              110.8980682486127,
              -6.477565869256637
            ],
            [
              110.8980682486127,
              -6.597565869256636
            ]
          ]
        ]
      },
      "properties": {
        "id_kab": "KAB_209",
        "Kab_kota": "Semarang",
        "Provinsi": "Jawa Tengah",
        "PC1": 1.516490248318178,
        "PC2": 1.2419025016945555,
        "Tipologi_Lansia": null,
        "p0_miskin": 6.96,
        "pct_lansia": 13.7644,
        "rls": 8.16,
        "pengeluaran": 13377
      }
    },
    {
      "type": "Feature",
      "geometry": {
        "type": "Polygon",
        "coordinates": [
          [
            [
              110.12485397106909,
              -6.070413123668127
            ],
            [
              110.24485397106909,
              -6.070413123668127
            ],
            [
              110.24485397106909,
              -5.9504131236681275
            ],
            [
              110.12485397106909,
              -5.9504131236681275
            ],
            [
              110.12485397106909,
              -6.070413123668127
            ]
          ]
        ]
      },
      "properties": {
        "id_kab": "KAB_210",
        "Kab_kota": "Temanggung",
        "Provinsi": "Jawa Tengah",
        "PC1": 0.7152367224108104,
        "PC2": 2.400407556048607,
        "Tipologi_Lansia": null,
        "p0_miskin": 8.67,
        "pct_lansia": 15.3575,
        "rls": 7.53,
        "pengeluaran": 10519
      }
    },
    {
      "type": "Feature",
      "geometry": {
        "type": "Polygon",
        "coordinates": [
          [
            [
              108.93840763860389,
              -6.645877087048599
            ],
            [
              109.0584076386039,
              -6.645877087048599
            ],
            [
              109.0584076386039,
              -6.5258770870486
            ],
            [
              108.93840763860389,
              -6.5258770870486
            ],
            [
              108.93840763860389,
              -6.645877087048599
            ]
          ]
        ]
      },
      "properties": {
        "id_kab": "KAB_211",
        "Kab_kota": "Kendal",
        "Provinsi": "Jawa Tengah",
        "PC1": 1.0274945300405651,
        "PC2": 1.0857808888598968,
        "Tipologi_Lansia": null,
        "p0_miskin": 9.35,
        "pct_lansia": 12.9783,
        "rls": 7.74,
        "pengeluaran": 13277
      }
    },
    {
      "type": "Feature",
      "geometry": {
        "type": "Polygon",
        "coordinates": [
          [
            [
              109.16132731693708,
              -7.620056774592895
            ],
            [
              109.28132731693708,
              -7.620056774592895
            ],
            [
              109.28132731693708,
              -7.500056774592895
            ],
            [
              109.16132731693708,
              -7.500056774592895
            ],
            [
              109.16132731693708,
              -7.620056774592895
            ]
          ]
        ]
      },
      "properties": {
        "id_kab": "KAB_212",
        "Kab_kota": "Batang",
        "Provinsi": "Jawa Tengah",
        "PC1": 0.366102372483382,
        "PC2": 1.032143693578982,
        "Tipologi_Lansia": null,
        "p0_miskin": 8.73,
        "pct_lansia": 12.4311,
        "rls": 7.08,
        "pengeluaran": 10919
      }
    },
    {
      "type": "Feature",
      "geometry": {
        "type": "Polygon",
        "coordinates": [
          [
            [
              110.200172381074,
              -8.479726935435156
            ],
            [
              110.320172381074,
              -8.479726935435156
            ],
            [
              110.320172381074,
              -8.359726935435155
            ],
            [
              110.200172381074,
              -8.359726935435155
            ],
            [
              110.200172381074,
              -8.479726935435156
            ]
          ]
        ]
      },
      "properties": {
        "id_kab": "KAB_213",
        "Kab_kota": "Pekalongan",
        "Provinsi": "Jawa Tengah",
        "PC1": 0.0064624839959246,
        "PC2": 1.0123804679179231,
        "Tipologi_Lansia": null,
        "p0_miskin": 8.95,
        "pct_lansia": 11.8471,
        "rls": 7.48,
        "pengeluaran": 11701
      }
    },
    {
      "type": "Feature",
      "geometry": {
        "type": "Polygon",
        "coordinates": [
          [
            [
              111.01459720384203,
              -7.721284304651652
            ],
            [
              111.13459720384203,
              -7.721284304651652
            ],
            [
              111.13459720384203,
              -7.601284304651653
            ],
            [
              111.01459720384203,
              -7.601284304651653
            ],
            [
              111.01459720384203,
              -7.721284304651652
            ]
          ]
        ]
      },
      "properties": {
        "id_kab": "KAB_214",
        "Kab_kota": "Pemalang",
        "Provinsi": "Jawa Tengah",
        "PC1": -0.5349639643709808,
        "PC2": 1.4531321715428478,
        "Tipologi_Lansia": null,
        "p0_miskin": 14.92,
        "pct_lansia": 11.9927,
        "rls": 6.56,
        "pengeluaran": 10017
      }
    },
    {
      "type": "Feature",
      "geometry": {
        "type": "Polygon",
        "coordinates": [
          [
            [
              111.16061497588555,
              -6.712691417192977
            ],
            [
              111.28061497588556,
              -6.712691417192977
            ],
            [
              111.28061497588556,
              -6.592691417192977
            ],
            [
              111.16061497588555,
              -6.592691417192977
            ],
            [
              111.16061497588555,
              -6.712691417192977
            ]
          ]
        ]
      },
      "properties": {
        "id_kab": "KAB_215",
        "Kab_kota": "Tegal",
        "Provinsi": "Jawa Tengah",
        "PC1": 0.0689675047254812,
        "PC2": -0.0988890557037887,
        "Tipologi_Lansia": null,
        "p0_miskin": 6.81,
        "pct_lansia": 10.8864,
        "rls": 7.36,
        "pengeluaran": 10972
      }
    },
    {
      "type": "Feature",
      "geometry": {
        "type": "Polygon",
        "coordinates": [
          [
            [
              110.15070190066841,
              -6.1316660113551045
            ],
            [
              110.27070190066841,
              -6.1316660113551045
            ],
            [
              110.27070190066841,
              -6.011666011355105
            ],
            [
              110.15070190066841,
              -6.011666011355105
            ],
            [
              110.15070190066841,
              -6.1316660113551045
            ]
          ]
        ]
      },
      "properties": {
        "id_kab": "KAB_216",
        "Kab_kota": "Brebes",
        "Provinsi": "Jawa Tengah",
        "PC1": -0.8660065396313752,
        "PC2": 0.7924318509107521,
        "Tipologi_Lansia": null,
        "p0_miskin": 15.6,
        "pct_lansia": 11.4809,
        "rls": 6.41,
        "pengeluaran": 11389
      }
    },
    {
      "type": "Feature",
      "geometry": {
        "type": "Polygon",
        "coordinates": [
          [
            [
              109.12730984064024,
              -6.470185675538973
            ],
            [
              109.24730984064024,
              -6.470185675538973
            ],
            [
              109.24730984064024,
              -6.350185675538974
            ],
            [
              109.12730984064024,
              -6.350185675538974
            ],
            [
              109.12730984064024,
              -6.470185675538973
            ]
          ]
        ]
      },
      "properties": {
        "id_kab": "KAB_217",
        "Kab_kota": "Kota Magelang",
        "Provinsi": "Jawa Tengah",
        "PC1": 3.408288504121836,
        "PC2": 1.1747276133639286,
        "Tipologi_Lansia": null,
        "p0_miskin": 5.94,
        "pct_lansia": 16.8601,
        "rls": 11.43,
        "pengeluaran": 13619
      }
    },
    {
      "type": "Feature",
      "geometry": {
        "type": "Polygon",
        "coordinates": [
          [
            [
              108.78588399066702,
              -7.525142299422977
            ],
            [
              108.90588399066702,
              -7.525142299422977
            ],
            [
              108.90588399066702,
              -7.405142299422978
            ],
            [
              108.78588399066702,
              -7.405142299422978
            ],
            [
              108.78588399066702,
              -7.525142299422977
            ]
          ]
        ]
      },
      "properties": {
        "id_kab": "KAB_218",
        "Kab_kota": "Kota Surakarta",
        "Provinsi": "Jawa Tengah",
        "PC1": 3.405421448409728,
        "PC2": 0.6544269871987827,
        "Tipologi_Lansia": null,
        "p0_miskin": 8.31,
        "pct_lansia": 15.3601,
        "rls": 11.25,
        "pengeluaran": 16291
      }
    },
    {
      "type": "Feature",
      "geometry": {
        "type": "Polygon",
        "coordinates": [
          [
            [
              109.52048758896426,
              -8.160402071469495
            ],
            [
              109.64048758896426,
              -8.160402071469495
            ],
            [
              109.64048758896426,
              -8.040402071469494
            ],
            [
              109.52048758896426,
              -8.040402071469494
            ],
            [
              109.52048758896426,
              -8.160402071469495
            ]
          ]
        ]
      },
      "properties": {
        "id_kab": "KAB_219",
        "Kab_kota": "Kota Salatiga",
        "Provinsi": "Jawa Tengah",
        "PC1": 3.574469935434651,
        "PC2": -0.0817261183121107,
        "Tipologi_Lansia": null,
        "p0_miskin": 4.57,
        "pct_lansia": 13.9435,
        "rls": 11.48,
        "pengeluaran": 17096
      }
    },
    {
      "type": "Feature",
      "geometry": {
        "type": "Polygon",
        "coordinates": [
          [
            [
              110.79206543479731,
              -8.109314276536297
            ],
            [
              110.91206543479731,
              -8.109314276536297
            ],
            [
              110.91206543479731,
              -7.989314276536297
            ],
            [
              110.79206543479731,
              -7.989314276536297
            ],
            [
              110.79206543479731,
              -8.109314276536297
            ]
          ]
        ]
      },
      "properties": {
        "id_kab": "KAB_220",
        "Kab_kota": "Kota Semarang",
        "Provinsi": "Jawa Tengah",
        "PC1": 3.6432504263133527,
        "PC2": -0.4925727718077575,
        "Tipologi_Lansia": null,
        "p0_miskin": 4.03,
        "pct_lansia": 12.9353,
        "rls": 11.05,
        "pengeluaran": 16990
      }
    },
    {
      "type": "Feature",
      "geometry": {
        "type": "Polygon",
        "coordinates": [
          [
            [
              111.22439891821577,
              -7.135414325424324
            ],
            [
              111.34439891821577,
              -7.135414325424324
            ],
            [
              111.34439891821577,
              -7.015414325424325
            ],
            [
              111.22439891821577,
              -7.015414325424325
            ],
            [
              111.22439891821577,
              -7.135414325424324
            ]
          ]
        ]
      },
      "properties": {
        "id_kab": "KAB_221",
        "Kab_kota": "Kota Pekalongan",
        "Provinsi": "Jawa Tengah",
        "PC1": 1.482528430087409,
        "PC2": -0.2138673869797293,
        "Tipologi_Lansia": null,
        "p0_miskin": 6.71,
        "pct_lansia": 11.3761,
        "rls": 9.34,
        "pengeluaran": 14547
      }
    },
    {
      "type": "Feature",
      "geometry": {
        "type": "Polygon",
        "coordinates": [
          [
            [
              110.54905338787123,
              -6.0004475584765125
            ],
            [
              110.66905338787123,
              -6.0004475584765125
            ],
            [
              110.66905338787123,
              -5.880447558476513
            ],
            [
              110.54905338787123,
              -5.880447558476513
            ],
            [
              110.54905338787123,
              -6.0004475584765125
            ]
          ]
        ]
      },
      "properties": {
        "id_kab": "KAB_222",
        "Kab_kota": "Kota Tegal",
        "Provinsi": "Jawa Tengah",
        "PC1": 1.530082467167077,
        "PC2": -0.1975572178622383,
        "Tipologi_Lansia": null,
        "p0_miskin": 7.64,
        "pct_lansia": 11.5497,
        "rls": 9.28,
        "pengeluaran": 14358
      }
    },
    {
      "type": "Feature",
      "geometry": {
        "type": "Polygon",
        "coordinates": [
          [
            [
              109.88286070887635,
              -7.004628531182932
            ],
            [
              110.00286070887636,
              -7.004628531182932
            ],
            [
              110.00286070887636,
              -6.8846285311829325
            ],
            [
              109.88286070887635,
              -6.8846285311829325
            ],
            [
              109.88286070887635,
              -7.004628531182932
            ]
          ]
        ]
      },
      "properties": {
        "id_kab": "KAB_223",
        "Kab_kota": "Kulon Progo",
        "Provinsi": "DI Yogyakarta",
        "PC1": 1.0559975427983086,
        "PC2": 3.346936171522155,
        "Tipologi_Lansia": null,
        "p0_miskin": 15.62,
        "pct_lansia": 19.201,
        "rls": 9.2,
        "pengeluaran": 10990
      }
    },
    {
      "type": "Feature",
      "geometry": {
        "type": "Polygon",
        "coordinates": [
          [
            [
              109.02195070943036,
              -7.646143706646636
            ],
            [
              109.14195070943036,
              -7.646143706646636
            ],
            [
              109.14195070943036,
              -7.526143706646637
            ],
            [
              109.02195070943036,
              -7.526143706646637
            ],
            [
              109.02195070943036,
              -7.646143706646636
            ]
          ]
        ]
      },
      "properties": {
        "id_kab": "KAB_224",
        "Kab_kota": "Bantul",
        "Provinsi": "DI Yogyakarta",
        "PC1": 2.196134658940078,
        "PC2": 1.3092071981796156,
        "Tipologi_Lansia": null,
        "p0_miskin": 11.66,
        "pct_lansia": 16.2437,
        "rls": 9.81,
        "pengeluaran": 16851
      }
    },
    {
      "type": "Feature",
      "geometry": {
        "type": "Polygon",
        "coordinates": [
          [
            [
              109.45211405700424,
              -8.820150177507962
            ],
            [
              109.57211405700424,
              -8.820150177507962
            ],
            [
              109.57211405700424,
              -8.700150177507961
            ],
            [
              109.45211405700424,
              -8.700150177507961
            ],
            [
              109.45211405700424,
              -8.820150177507962
            ]
          ]
        ]
      },
      "properties": {
        "id_kab": "KAB_225",
        "Kab_kota": "Gunung Kidul",
        "Provinsi": "DI Yogyakarta",
        "PC1": 0.8329906448757772,
        "PC2": 4.367647192251418,
        "Tipologi_Lansia": null,
        "p0_miskin": 15.18,
        "pct_lansia": 21.1693,
        "rls": 7.35,
        "pengeluaran": 10630
      }
    },
    {
      "type": "Feature",
      "geometry": {
        "type": "Polygon",
        "coordinates": [
          [
            [
              110.88526968464977,
              -9.134343026101
            ],
            [
              111.00526968464978,
              -9.134343026101
            ],
            [
              111.00526968464978,
              -9.014343026100999
            ],
            [
              110.88526968464977,
              -9.014343026100999
            ],
            [
              110.88526968464977,
              -9.134343026101
            ]
          ]
        ]
      },
      "properties": {
        "id_kab": "KAB_226",
        "Kab_kota": "Sleman",
        "Provinsi": "DI Yogyakarta",
        "PC1": 3.21866370268232,
        "PC2": 0.3285119006978283,
        "Tipologi_Lansia": null,
        "p0_miskin": 7.46,
        "pct_lansia": 15.4283,
        "rls": 11.33,
        "pengeluaran": 17586
      }
    },
    {
      "type": "Feature",
      "geometry": {
        "type": "Polygon",
        "coordinates": [
          [
            [
              111.55152024128164,
              -8.123626293563117
            ],
            [
              111.67152024128164,
              -8.123626293563117
            ],
            [
              111.67152024128164,
              -8.003626293563116
            ],
            [
              111.55152024128164,
              -8.003626293563116
            ],
            [
              111.55152024128164,
              -8.123626293563117
            ]
          ]
        ]
      },
      "properties": {
        "id_kab": "KAB_227",
        "Kab_kota": "Kota Yogyakarta",
        "Provinsi": "DI Yogyakarta",
        "PC1": 4.574403880389588,
        "PC2": -0.0817311893855688,
        "Tipologi_Lansia": null,
        "p0_miskin": 6.26,
        "pct_lansia": 16.7654,
        "rls": 12.12,
        "pengeluaran": 20603
      }
    },
    {
      "type": "Feature",
      "geometry": {
        "type": "Polygon",
        "coordinates": [
          [
            [
              112.90790114029237,
              -6.553549460124381
            ],
            [
              113.02790114029237,
              -6.553549460124381
            ],
            [
              113.02790114029237,
              -6.4335494601243814
            ],
            [
              112.90790114029237,
              -6.4335494601243814
            ],
            [
              112.90790114029237,
              -6.553549460124381
            ]
          ]
        ]
      },
      "properties": {
        "id_kab": "KAB_228",
        "Kab_kota": "Pacitan",
        "Provinsi": "Jawa Timur",
        "PC1": 0.7685124347159819,
        "PC2": 4.13132187559432,
        "Tipologi_Lansia": null,
        "p0_miskin": 13.08,
        "pct_lansia": 20.5782,
        "rls": 7.9,
        "pengeluaran": 10099
      }
    },
    {
      "type": "Feature",
      "geometry": {
        "type": "Polygon",
        "coordinates": [
          [
            [
              111.70919325683928,
              -6.623688392500906
            ],
            [
              111.82919325683929,
              -6.623688392500906
            ],
            [
              111.82919325683929,
              -6.503688392500907
            ],
            [
              111.70919325683928,
              -6.503688392500907
            ],
            [
              111.70919325683928,
              -6.623688392500906
            ]
          ]
        ]
      },
      "properties": {
        "id_kab": "KAB_229",
        "Kab_kota": "Ponorogo",
        "Provinsi": "Jawa Timur",
        "PC1": 1.4621481355184591,
        "PC2": 3.0088204269274783,
        "Tipologi_Lansia": null,
        "p0_miskin": 9.11,
        "pct_lansia": 19.3777,
        "rls": 7.8,
        "pengeluaran": 11065
      }
    },
    {
      "type": "Feature",
      "geometry": {
        "type": "Polygon",
        "coordinates": [
          [
            [
              111.21542785061722,
              -7.116390879359854
            ],
            [
              111.33542785061722,
              -7.116390879359854
            ],
            [
              111.33542785061722,
              -6.996390879359855
            ],
            [
              111.21542785061722,
              -6.996390879359855
            ],
            [
              111.21542785061722,
              -7.116390879359854
            ]
          ]
        ]
      },
      "properties": {
        "id_kab": "KAB_230",
        "Kab_kota": "Trenggalek",
        "Provinsi": "Jawa Timur",
        "PC1": 1.264558597487477,
        "PC2": 2.89503951367357,
        "Tipologi_Lansia": null,
        "p0_miskin": 10.5,
        "pct_lansia": 18.1758,
        "rls": 7.92,
        "pengeluaran": 10872
      }
    },
    {
      "type": "Feature",
      "geometry": {
        "type": "Polygon",
        "coordinates": [
          [
            [
              111.18320852926495,
              -8.348444935658888
            ],
            [
              111.30320852926495,
              -8.348444935658888
            ],
            [
              111.30320852926495,
              -8.228444935658887
            ],
            [
              111.18320852926495,
              -8.228444935658887
            ],
            [
              111.18320852926495,
              -8.348444935658888
            ]
          ]
        ]
      },
      "properties": {
        "id_kab": "KAB_231",
        "Kab_kota": "Tulungagung",
        "Provinsi": "Jawa Timur",
        "PC1": 1.832503302266712,
        "PC2": 1.8225698512106976,
        "Tipologi_Lansia": null,
        "p0_miskin": 6.28,
        "pct_lansia": 16.3223,
        "rls": 8.68,
        "pengeluaran": 11966
      }
    },
    {
      "type": "Feature",
      "geometry": {
        "type": "Polygon",
        "coordinates": [
          [
            [
              112.43333419770762,
              -8.773776857838763
            ],
            [
              112.55333419770763,
              -8.773776857838763
            ],
            [
              112.55333419770763,
              -8.653776857838762
            ],
            [
              112.43333419770762,
              -8.653776857838762
            ],
            [
              112.43333419770762,
              -8.773776857838763
            ]
          ]
        ]
      },
      "properties": {
        "id_kab": "KAB_232",
        "Kab_kota": "Blitar",
        "Provinsi": "Jawa Timur",
        "PC1": 1.3841841092564924,
        "PC2": 1.9425743150768129,
        "Tipologi_Lansia": null,
        "p0_miskin": 8.16,
        "pct_lansia": 16.3164,
        "rls": 7.87,
        "pengeluaran": 12020
      }
    },
    {
      "type": "Feature",
      "geometry": {
        "type": "Polygon",
        "coordinates": [
          [
            [
              113.13717128241095,
              -8.087090518361396
            ],
            [
              113.25717128241095,
              -8.087090518361396
            ],
            [
              113.25717128241095,
              -7.967090518361396
            ],
            [
              113.13717128241095,
              -7.967090518361396
            ],
            [
              113.13717128241095,
              -8.087090518361396
            ]
          ]
        ]
      },
      "properties": {
        "id_kab": "KAB_233",
        "Kab_kota": "Kediri",
        "Provinsi": "Jawa Timur",
        "PC1": 1.0000307605877872,
        "PC2": 1.436543397081819,
        "Tipologi_Lansia": null,
        "p0_miskin": 9.95,
        "pct_lansia": 15.0249,
        "rls": 8.26,
        "pengeluaran": 12388
      }
    },
    {
      "type": "Feature",
      "geometry": {
        "type": "Polygon",
        "coordinates": [
          [
            [
              113.07234786766175,
              -6.887780780027833
            ],
            [
              113.19234786766175,
              -6.887780780027833
            ],
            [
              113.19234786766175,
              -6.767780780027834
            ],
            [
              113.07234786766175,
              -6.767780780027834
            ],
            [
              113.07234786766175,
              -6.887780780027833
            ]
          ]
        ]
      },
      "properties": {
        "id_kab": "KAB_234",
        "Kab_kota": "Malang",
        "Provinsi": "Jawa Timur",
        "PC1": 0.7519779672854883,
        "PC2": 1.5848420192731472,
        "Tipologi_Lansia": null,
        "p0_miskin": 8.98,
        "pct_lansia": 14.7958,
        "rls": 7.8,
        "pengeluaran": 11190
      }
    },
    {
      "type": "Feature",
      "geometry": {
        "type": "Polygon",
        "coordinates": [
          [
            [
              112.28183311377035,
              -6.531295982265145
            ],
            [
              112.40183311377035,
              -6.531295982265145
            ],
            [
              112.40183311377035,
              -6.411295982265146
            ],
            [
              112.28183311377035,
              -6.411295982265146
            ],
            [
              112.28183311377035,
              -6.531295982265145
            ]
          ]
        ]
      },
      "properties": {
        "id_kab": "KAB_235",
        "Kab_kota": "Lumajang",
        "Provinsi": "Jawa Timur",
        "PC1": 0.13011228193838,
        "PC2": 2.391936179217132,
        "Tipologi_Lansia": null,
        "p0_miskin": 8.65,
        "pct_lansia": 16.2347,
        "rls": 7.27,
        "pengeluaran": 10124
      }
    },
    {
      "type": "Feature",
      "geometry": {
        "type": "Polygon",
        "coordinates": [
          [
            [
              111.28327325225578,
              -7.003882668355374
            ],
            [
              111.40327325225579,
              -7.003882668355374
            ],
            [
              111.40327325225579,
              -6.883882668355374
            ],
            [
              111.28327325225578,
              -6.883882668355374
            ],
            [
              111.28327325225578,
              -7.003882668355374
            ]
          ]
        ]
      },
      "properties": {
        "id_kab": "KAB_236",
        "Kab_kota": "Jember",
        "Provinsi": "Jawa Timur",
        "PC1": -0.2755268078367999,
        "PC2": 2.271092445472113,
        "Tipologi_Lansia": null,
        "p0_miskin": 9.01,
        "pct_lansia": 14.9583,
        "rls": 6.54,
        "pengeluaran": 10700
      }
    },
    {
      "type": "Feature",
      "geometry": {
        "type": "Polygon",
        "coordinates": [
          [
            [
              110.97521743450604,
              -8.102011096367525
            ],
            [
              111.09521743450604,
              -8.102011096367525
            ],
            [
              111.09521743450604,
              -7.982011096367525
            ],
            [
              110.97521743450604,
              -7.982011096367525
            ],
            [
              110.97521743450604,
              -8.102011096367525
            ]
          ]
        ]
      },
      "properties": {
        "id_kab": "KAB_237",
        "Kab_kota": "Banyuwangi",
        "Provinsi": "Jawa Timur",
        "PC1": 1.089999292999259,
        "PC2": 1.551335870511879,
        "Tipologi_Lansia": null,
        "p0_miskin": 6.54,
        "pct_lansia": 15.8645,
        "rls": 7.78,
        "pengeluaran": 13320
      }
    },
    {
      "type": "Feature",
      "geometry": {
        "type": "Polygon",
        "coordinates": [
          [
            [
              111.76772666566754,
              -8.574882081349312
            ],
            [
              111.88772666566754,
              -8.574882081349312
            ],
            [
              111.88772666566754,
              -8.45488208134931
            ],
            [
              111.76772666566754,
              -8.45488208134931
            ],
            [
              111.76772666566754,
              -8.574882081349312
            ]
          ]
        ]
      },
      "properties": {
        "id_kab": "KAB_238",
        "Kab_kota": "Bondowoso",
        "Provinsi": "Jawa Timur",
        "PC1": -0.5386744010054153,
        "PC2": 2.601054390738544,
        "Tipologi_Lansia": null,
        "p0_miskin": 12.6,
        "pct_lansia": 16.7219,
        "rls": 6.53,
        "pengeluaran": 11689
      }
    },
    {
      "type": "Feature",
      "geometry": {
        "type": "Polygon",
        "coordinates": [
          [
            [
              112.86282141824881,
              -8.365382327143076
            ],
            [
              112.98282141824882,
              -8.365382327143076
            ],
            [
              112.98282141824882,
              -8.245382327143075
            ],
            [
              112.86282141824881,
              -8.245382327143075
            ],
            [
              112.86282141824881,
              -8.365382327143076
            ]
          ]
        ]
      },
      "properties": {
        "id_kab": "KAB_239",
        "Kab_kota": "Situbondo",
        "Provinsi": "Jawa Timur",
        "PC1": 0.0291327761495166,
        "PC2": 2.8452295913627883,
        "Tipologi_Lansia": null,
        "p0_miskin": 11.51,
        "pct_lansia": 16.8768,
        "rls": 6.93,
        "pengeluaran": 11216
      }
    },
    {
      "type": "Feature",
      "geometry": {
        "type": "Polygon",
        "coordinates": [
          [
            [
              113.23633805041855,
              -7.207987079302306
            ],
            [
              113.35633805041856,
              -7.207987079302306
            ],
            [
              113.35633805041856,
              -7.087987079302307
            ],
            [
              113.23633805041855,
              -7.087987079302307
            ],
            [
              113.23633805041855,
              -7.207987079302306
            ]
          ]
        ]
      },
      "properties": {
        "id_kab": "KAB_240",
        "Kab_kota": "Probolinggo",
        "Provinsi": "Jawa Timur",
        "PC1": -1.3130635078325954,
        "PC2": 2.3021573692150907,
        "Tipologi_Lansia": null,
        "p0_miskin": 16.45,
        "pct_lansia": 14.2485,
        "rls": 6.31,
        "pengeluaran": 12258
      }
    },
    {
      "type": "Feature",
      "geometry": {
        "type": "Polygon",
        "coordinates": [
          [
            [
              112.62871745140579,
              -6.6256330672657135
            ],
            [
              112.7487174514058,
              -6.6256330672657135
            ],
            [
              112.7487174514058,
              -6.505633067265714
            ],
            [
              112.62871745140579,
              -6.505633067265714
            ],
            [
              112.62871745140579,
              -6.6256330672657135
            ]
          ]
        ]
      },
      "properties": {
        "id_kab": "KAB_241",
        "Kab_kota": "Pasuruan",
        "Provinsi": "Jawa Timur",
        "PC1": 0.0708305981654542,
        "PC2": 1.0179104724057635,
        "Tipologi_Lansia": null,
        "p0_miskin": 8.63,
        "pct_lansia": 12.8294,
        "rls": 7.46,
        "pengeluaran": 11617
      }
    },
    {
      "type": "Feature",
      "geometry": {
        "type": "Polygon",
        "coordinates": [
          [
            [
              111.5061849959628,
              -6.561105457151144
            ],
            [
              111.6261849959628,
              -6.561105457151144
            ],
            [
              111.6261849959628,
              -6.441105457151145
            ],
            [
              111.5061849959628,
              -6.441105457151145
            ],
            [
              111.5061849959628,
              -6.561105457151144
            ]
          ]
        ]
      },
      "properties": {
        "id_kab": "KAB_242",
        "Kab_kota": "Sidoarjo",
        "Provinsi": "Jawa Timur",
        "PC1": 2.711341824030961,
        "PC2": -0.8643594233760619,
        "Tipologi_Lansia": null,
        "p0_miskin": 4.53,
        "pct_lansia": 11.7102,
        "rls": 10.91,
        "pengeluaran": 15710
      }
    },
    {
      "type": "Feature",
      "geometry": {
        "type": "Polygon",
        "coordinates": [
          [
            [
              110.90180633068658,
              -7.891993910168186
            ],
            [
              111.02180633068659,
              -7.891993910168186
            ],
            [
              111.02180633068659,
              -7.771993910168187
            ],
            [
              110.90180633068658,
              -7.771993910168187
            ],
            [
              110.90180633068658,
              -7.891993910168186
            ]
          ]
        ]
      },
      "properties": {
        "id_kab": "KAB_243",
        "Kab_kota": "Mojokerto",
        "Provinsi": "Jawa Timur",
        "PC1": 1.0926716922122517,
        "PC2": 0.772473236620845,
        "Tipologi_Lansia": null,
        "p0_miskin": 9.37,
        "pct_lansia": 13.4406,
        "rls": 9.13,
        "pengeluaran": 13903
      }
    },
    {
      "type": "Feature",
      "geometry": {
        "type": "Polygon",
        "coordinates": [
          [
            [
              111.54611058481605,
              -8.683675880139583
            ],
            [
              111.66611058481605,
              -8.683675880139583
            ],
            [
              111.66611058481605,
              -8.563675880139582
            ],
            [
              111.54611058481605,
              -8.563675880139582
            ],
            [
              111.54611058481605,
              -8.683675880139583
            ]
          ]
        ]
      },
      "properties": {
        "id_kab": "KAB_244",
        "Kab_kota": "Jombang",
        "Provinsi": "Jawa Timur",
        "PC1": 0.8349539367382306,
        "PC2": 1.0397501142835082,
        "Tipologi_Lansia": null,
        "p0_miskin": 8.6,
        "pct_lansia": 13.7235,
        "rls": 8.78,
        "pengeluaran": 12454
      }
    },
    {
      "type": "Feature",
      "geometry": {
        "type": "Polygon",
        "coordinates": [
          [
            [
              112.63393049837478,
              -8.50933817670498
            ],
            [
              112.75393049837479,
              -8.50933817670498
            ],
            [
              112.75393049837479,
              -8.389338176704978
            ],
            [
              112.63393049837478,
              -8.389338176704978
            ],
            [
              112.63393049837478,
              -8.50933817670498
            ]
          ]
        ]
      },
      "properties": {
        "id_kab": "KAB_245",
        "Kab_kota": "Nganjuk",
        "Provinsi": "Jawa Timur",
        "PC1": 0.9658461013080206,
        "PC2": 1.6849009125538614,
        "Tipologi_Lansia": null,
        "p0_miskin": 10.17,
        "pct_lansia": 15.6227,
        "rls": 8.25,
        "pengeluaran": 13376
      }
    },
    {
      "type": "Feature",
      "geometry": {
        "type": "Polygon",
        "coordinates": [
          [
            [
              113.57251255328418,
              -7.604283331198035
            ],
            [
              113.69251255328419,
              -7.604283331198035
            ],
            [
              113.69251255328419,
              -7.484283331198036
            ],
            [
              113.57251255328418,
              -7.484283331198036
            ],
            [
              113.57251255328418,
              -7.604283331198035
            ]
          ]
        ]
      },
      "properties": {
        "id_kab": "KAB_246",
        "Kab_kota": "Madiun",
        "Provinsi": "Jawa Timur",
        "PC1": 1.39296720603875,
        "PC2": 2.5615993833671293,
        "Tipologi_Lansia": null,
        "p0_miskin": 10.63,
        "pct_lansia": 18.7837,
        "rls": 8.2,
        "pengeluaran": 12668
      }
    },
    {
      "type": "Feature",
      "geometry": {
        "type": "Polygon",
        "coordinates": [
          [
            [
              112.7596358951977,
              -6.454965385013082
            ],
            [
              112.87963589519771,
              -6.454965385013082
            ],
            [
              112.87963589519771,
              -6.334965385013083
            ],
            [
              112.7596358951977,
              -6.334965385013083
            ],
            [
              112.7596358951977,
              -6.454965385013082
            ]
          ]
        ]
      },
      "properties": {
        "id_kab": "KAB_247",
        "Kab_kota": "Magetan",
        "Provinsi": "Jawa Timur",
        "PC1": 1.733211829051545,
        "PC2": 2.630362356243848,
        "Tipologi_Lansia": null,
        "p0_miskin": 9.32,
        "pct_lansia": 19.7015,
        "rls": 8.69,
        "pengeluaran": 12915
      }
    },
    {
      "type": "Feature",
      "geometry": {
        "type": "Polygon",
        "coordinates": [
          [
            [
              111.91999389369568,
              -6.6838986223513075
            ],
            [
              112.03999389369568,
              -6.6838986223513075
            ],
            [
              112.03999389369568,
              -6.563898622351308
            ],
            [
              111.91999389369568,
              -6.563898622351308
            ],
            [
              111.91999389369568,
              -6.6838986223513075
            ]
          ]
        ]
      },
      "properties": {
        "id_kab": "KAB_248",
        "Kab_kota": "Ngawi",
        "Provinsi": "Jawa Timur",
        "PC1": 0.8742119775152083,
        "PC2": 3.281618161571926,
        "Tipologi_Lansia": null,
        "p0_miskin": 13.81,
        "pct_lansia": 18.7546,
        "rls": 7.84,
        "pengeluaran": 12414
      }
    },
    {
      "type": "Feature",
      "geometry": {
        "type": "Polygon",
        "coordinates": [
          [
            [
              111.16684680446596,
              -7.221312263054987
            ],
            [
              111.28684680446597,
              -7.221312263054987
            ],
            [
              111.28684680446597,
              -7.101312263054988
            ],
            [
              111.16684680446596,
              -7.101312263054988
            ],
            [
              111.16684680446596,
              -7.221312263054987
            ]
          ]
        ]
      },
      "properties": {
        "id_kab": "KAB_249",
        "Kab_kota": "Bojonegoro",
        "Provinsi": "Jawa Timur",
        "PC1": 0.6005028148728855,
        "PC2": 2.399207806066879,
        "Tipologi_Lansia": null,
        "p0_miskin": 11.69,
        "pct_lansia": 16.2303,
        "rls": 7.59,
        "pengeluaran": 11204
      }
    },
    {
      "type": "Feature",
      "geometry": {
        "type": "Polygon",
        "coordinates": [
          [
            [
              111.45248862723714,
              -8.502494411797326
            ],
            [
              111.57248862723715,
              -8.502494411797326
            ],
            [
              111.57248862723715,
              -8.382494411797325
            ],
            [
              111.45248862723714,
              -8.382494411797325
            ],
            [
              111.45248862723714,
              -8.502494411797326
            ]
          ]
        ]
      },
      "properties": {
        "id_kab": "KAB_250",
        "Kab_kota": "Tuban",
        "Provinsi": "Jawa Timur",
        "PC1": 0.3043925651654653,
        "PC2": 2.485064074185651,
        "Tipologi_Lansia": null,
        "p0_miskin": 14.36,
        "pct_lansia": 15.7365,
        "rls": 7.53,
        "pengeluaran": 11579
      }
    },
    {
      "type": "Feature",
      "geometry": {
        "type": "Polygon",
        "coordinates": [
          [
            [
              112.42450759477589,
              -8.875601024022506
            ],
            [
              112.5445075947759,
              -8.875601024022506
            ],
            [
              112.5445075947759,
              -8.755601024022505
            ],
            [
              112.42450759477589,
              -8.755601024022505
            ],
            [
              112.42450759477589,
              -8.875601024022506
            ]
          ]
        ]
      },
      "properties": {
        "id_kab": "KAB_251",
        "Kab_kota": "Lamongan",
        "Provinsi": "Jawa Timur",
        "PC1": 1.0807249699817978,
        "PC2": 2.118876762426595,
        "Tipologi_Lansia": null,
        "p0_miskin": 12.16,
        "pct_lansia": 16.4105,
        "rls": 8.48,
        "pengeluaran": 12419
      }
    },
    {
      "type": "Feature",
      "geometry": {
        "type": "Polygon",
        "coordinates": [
          [
            [
              113.16569813619165,
              -7.841393411796134
            ],
            [
              113.28569813619166,
              -7.841393411796134
            ],
            [
              113.28569813619166,
              -7.721393411796135
            ],
            [
              113.16569813619165,
              -7.721393411796135
            ],
            [
              113.16569813619165,
              -7.841393411796134
            ]
          ]
        ]
      },
      "properties": {
        "id_kab": "KAB_252",
        "Kab_kota": "Gresik",
        "Provinsi": "Jawa Timur",
        "PC1": 1.4730933214977435,
        "PC2": -0.1578550967810033,
        "Tipologi_Lansia": null,
        "p0_miskin": 10.32,
        "pct_lansia": 12.0361,
        "rls": 10.03,
        "pengeluaran": 14356
      }
    },
    {
      "type": "Feature",
      "geometry": {
        "type": "Polygon",
        "coordinates": [
          [
            [
              113.11565772088076,
              -6.690939199646161
            ],
            [
              113.23565772088077,
              -6.690939199646161
            ],
            [
              113.23565772088077,
              -6.570939199646162
            ],
            [
              113.11565772088076,
              -6.570939199646162
            ],
            [
              113.11565772088076,
              -6.690939199646161
            ]
          ]
        ]
      },
      "properties": {
        "id_kab": "KAB_253",
        "Kab_kota": "Bangkalan",
        "Provinsi": "Jawa Timur",
        "PC1": -1.5703862814266878,
        "PC2": 2.0834227942486545,
        "Tipologi_Lansia": null,
        "p0_miskin": 18.66,
        "pct_lansia": 11.8779,
        "rls": 6.01,
        "pengeluaran": 9841
      }
    },
    {
      "type": "Feature",
      "geometry": {
        "type": "Polygon",
        "coordinates": [
          [
            [
              111.97871972476429,
              -6.431873263445689
            ],
            [
              112.0987197247643,
              -6.431873263445689
            ],
            [
              112.0987197247643,
              -6.3118732634456896
            ],
            [
              111.97871972476429,
              -6.3118732634456896
            ],
            [
              111.97871972476429,
              -6.431873263445689
            ]
          ]
        ]
      },
      "properties": {
        "id_kab": "KAB_254",
        "Kab_kota": "Sampang",
        "Provinsi": "Jawa Timur",
        "PC1": -3.0615863111414545,
        "PC2": 2.378679856980774,
        "Tipologi_Lansia": null,
        "p0_miskin": 20.83,
        "pct_lansia": 10.954,
        "rls": 5.08,
        "pengeluaran": 9782
      }
    },
    {
      "type": "Feature",
      "geometry": {
        "type": "Polygon",
        "coordinates": [
          [
            [
              111.11502718981498,
              -6.886961808215309
            ],
            [
              111.23502718981499,
              -6.886961808215309
            ],
            [
              111.23502718981499,
              -6.76696180821531
            ],
            [
              111.11502718981498,
              -6.76696180821531
            ],
            [
              111.11502718981498,
              -6.886961808215309
            ]
          ]
        ]
      },
      "properties": {
        "id_kab": "KAB_255",
        "Kab_kota": "Pamekasan",
        "Provinsi": "Jawa Timur",
        "PC1": -1.7656851972634,
        "PC2": 1.7914833766880571,
        "Tipologi_Lansia": null,
        "p0_miskin": 13.41,
        "pct_lansia": 12.3506,
        "rls": 7.17,
        "pengeluaran": 9811
      }
    },
    {
      "type": "Feature",
      "geometry": {
        "type": "Polygon",
        "coordinates": [
          [
            [
              111.2866963855151,
              -8.082159414575997
            ],
            [
              111.4066963855151,
              -8.082159414575997
            ],
            [
              111.4066963855151,
              -7.962159414575997
            ],
            [
              111.2866963855151,
              -7.962159414575997
            ],
            [
              111.2866963855151,
              -8.082159414575997
            ]
          ]
        ]
      },
      "properties": {
        "id_kab": "KAB_256",
        "Kab_kota": "Sumenep",
        "Provinsi": "Jawa Timur",
        "PC1": -0.7080075773360218,
        "PC2": 4.007165931944996,
        "Tipologi_Lansia": null,
        "p0_miskin": 17.78,
        "pct_lansia": 16.7768,
        "rls": 6.1,
        "pengeluaran": 10156
      }
    },
    {
      "type": "Feature",
      "geometry": {
        "type": "Polygon",
        "coordinates": [
          [
            [
              112.05200338169583,
              -8.626196699091862
            ],
            [
              112.17200338169583,
              -8.626196699091862
            ],
            [
              112.17200338169583,
              -8.506196699091861
            ],
            [
              112.05200338169583,
              -8.506196699091861
            ],
            [
              112.05200338169583,
              -8.626196699091862
            ]
          ]
        ]
      },
      "properties": {
        "id_kab": "KAB_257",
        "Kab_kota": "Kota Kediri",
        "Provinsi": "Jawa Timur",
        "PC1": 2.0157765467710185,
        "PC2": 0.2301400956766269,
        "Tipologi_Lansia": null,
        "p0_miskin": 6.51,
        "pct_lansia": 13.6731,
        "rls": 10.92,
        "pengeluaran": 13670
      }
    },
    {
      "type": "Feature",
      "geometry": {
        "type": "Polygon",
        "coordinates": [
          [
            [
              113.19959618551303,
              -8.348204268160913
            ],
            [
              113.31959618551303,
              -8.348204268160913
            ],
            [
              113.31959618551303,
              -8.228204268160912
            ],
            [
              113.19959618551303,
              -8.228204268160912
            ],
            [
              113.19959618551303,
              -8.348204268160913
            ]
          ]
        ]
      },
      "properties": {
        "id_kab": "KAB_258",
        "Kab_kota": "Kota Blitar",
        "Provinsi": "Jawa Timur",
        "PC1": 2.418245061515853,
        "PC2": 0.0602068913067033,
        "Tipologi_Lansia": null,
        "p0_miskin": 6.75,
        "pct_lansia": 14.0772,
        "rls": 10.82,
        "pengeluaran": 14933
      }
    },
    {
      "type": "Feature",
      "geometry": {
        "type": "Polygon",
        "coordinates": [
          [
            [
              113.4617003248234,
              -7.164007593621048
            ],
            [
              113.5817003248234,
              -7.164007593621048
            ],
            [
              113.5817003248234,
              -7.044007593621049
            ],
            [
              113.4617003248234,
              -7.044007593621049
            ],
            [
              113.4617003248234,
              -7.164007593621048
            ]
          ]
        ]
      },
      "properties": {
        "id_kab": "KAB_259",
        "Kab_kota": "Kota Malang",
        "Provinsi": "Jawa Timur",
        "PC1": 3.288782068725833,
        "PC2": -0.7340697339819657,
        "Tipologi_Lansia": null,
        "p0_miskin": 3.91,
        "pct_lansia": 13.9693,
        "rls": 11.14,
        "pengeluaran": 17791
      }
    },
    {
      "type": "Feature",
      "geometry": {
        "type": "Polygon",
        "coordinates": [
          [
            [
              112.38599217886114,
              -6.456762558610588
            ],
            [
              112.50599217886115,
              -6.456762558610588
            ],
            [
              112.50599217886115,
              -6.336762558610589
            ],
            [
              112.38599217886114,
              -6.336762558610589
            ],
            [
              112.38599217886114,
              -6.456762558610588
            ]
          ]
        ]
      },
      "properties": {
        "id_kab": "KAB_260",
        "Kab_kota": "Kota Probolinggo",
        "Provinsi": "Jawa Timur",
        "PC1": 0.8074008345508835,
        "PC2": -0.2580748560601703,
        "Tipologi_Lansia": null,
        "p0_miskin": 6.18,
        "pct_lansia": 12.2045,
        "rls": 9.72,
        "pengeluaran": 13405
      }
    },
    {
      "type": "Feature",
      "geometry": {
        "type": "Polygon",
        "coordinates": [
          [
            [
              111.26406280581473,
              -6.729337919999672
            ],
            [
              111.38406280581474,
              -6.729337919999672
            ],
            [
              111.38406280581474,
              -6.609337919999673
            ],
            [
              111.26406280581473,
              -6.609337919999673
            ],
            [
              111.26406280581473,
              -6.729337919999672
            ]
          ]
        ]
      },
      "properties": {
        "id_kab": "KAB_261",
        "Kab_kota": "Kota Pasuruan",
        "Provinsi": "Jawa Timur",
        "PC1": 1.1322523484404263,
        "PC2": -0.6404018627706509,
        "Tipologi_Lansia": null,
        "p0_miskin": 6.32,
        "pct_lansia": 11.5332,
        "rls": 9.94,
        "pengeluaran": 14664
      }
    },
    {
      "type": "Feature",
      "geometry": {
        "type": "Polygon",
        "coordinates": [
          [
            [
              110.85459814590318,
              -7.693446076528289
            ],
            [
              110.97459814590319,
              -7.693446076528289
            ],
            [
              110.97459814590319,
              -7.57344607652829
            ],
            [
              110.85459814590318,
              -7.57344607652829
            ],
            [
              110.85459814590318,
              -7.693446076528289
            ]
          ]
        ]
      },
      "properties": {
        "id_kab": "KAB_262",
        "Kab_kota": "Kota Mojokerto",
        "Provinsi": "Jawa Timur",
        "PC1": 2.1888663069686536,
        "PC2": -0.2531825498963673,
        "Tipologi_Lansia": null,
        "p0_miskin": 5.57,
        "pct_lansia": 13.3078,
        "rls": 11.38,
        "pengeluaran": 14842
      }
    },
    {
      "type": "Feature",
      "geometry": {
        "type": "Polygon",
        "coordinates": [
          [
            [
              111.72658191322122,
              -8.845808724303579
            ],
            [
              111.84658191322123,
              -8.845808724303579
            ],
            [
              111.84658191322123,
              -8.725808724303578
            ],
            [
              111.72658191322122,
              -8.725808724303578
            ],
            [
              111.72658191322122,
              -8.845808724303579
            ]
          ]
        ]
      },
      "properties": {
        "id_kab": "KAB_263",
        "Kab_kota": "Kota Madiun",
        "Provinsi": "Jawa Timur",
        "PC1": 3.633860243560814,
        "PC2": 0.0923923272426985,
        "Tipologi_Lansia": null,
        "p0_miskin": 4.38,
        "pct_lansia": 16.5572,
        "rls": 12.11,
        "pengeluaran": 17518
      }
    },
    {
      "type": "Feature",
      "geometry": {
        "type": "Polygon",
        "coordinates": [
          [
            [
              112.84384922676423,
              -8.672347485142788
            ],
            [
              112.96384922676424,
              -8.672347485142788
            ],
            [
              112.96384922676424,
              -8.552347485142787
            ],
            [
              112.84384922676423,
              -8.552347485142787
            ],
            [
              112.84384922676423,
              -8.672347485142788
            ]
          ]
        ]
      },
      "properties": {
        "id_kab": "KAB_264",
        "Kab_kota": "Kota Surabaya",
        "Provinsi": "Jawa Timur",
        "PC1": 3.433264731845909,
        "PC2": -0.7809214050406966,
        "Tipologi_Lansia": null,
        "p0_miskin": 3.96,
        "pct_lansia": 12.9582,
        "rls": 10.89,
        "pengeluaran": 19666
      }
    },
    {
      "type": "Feature",
      "geometry": {
        "type": "Polygon",
        "coordinates": [
          [
            [
              113.38079391901579,
              -7.357180899335671
            ],
            [
              113.50079391901579,
              -7.357180899335671
            ],
            [
              113.50079391901579,
              -7.237180899335672
            ],
            [
              113.38079391901579,
              -7.237180899335672
            ],
            [
              113.38079391901579,
              -7.357180899335671
            ]
          ]
        ]
      },
      "properties": {
        "id_kab": "KAB_265",
        "Kab_kota": "Kota Batu",
        "Provinsi": "Jawa Timur",
        "PC1": 1.9065302920507008,
        "PC2": 0.1611759554939864,
        "Tipologi_Lansia": null,
        "p0_miskin": 3.06,
        "pct_lansia": 13.6116,
        "rls": 9.87,
        "pengeluaran": 14253
      }
    },
    {
      "type": "Feature",
      "geometry": {
        "type": "Polygon",
        "coordinates": [
          [
            [
              106.73470503444398,
              -5.579406341448158
            ],
            [
              106.85470503444398,
              -5.579406341448158
            ],
            [
              106.85470503444398,
              -5.459406341448159
            ],
            [
              106.73470503444398,
              -5.459406341448159
            ],
            [
              106.73470503444398,
              -5.579406341448158
            ]
          ]
        ]
      },
      "properties": {
        "id_kab": "KAB_266",
        "Kab_kota": "Pandeglang",
        "Provinsi": "Banten",
        "PC1": -1.6747703223515855,
        "PC2": -0.5766942546954251,
        "Tipologi_Lansia": null,
        "p0_miskin": 9.18,
        "pct_lansia": 9.8974,
        "rls": 7.16,
        "pengeluaran": 9574
      }
    },
    {
      "type": "Feature",
      "geometry": {
        "type": "Polygon",
        "coordinates": [
          [
            [
              105.21533222630606,
              -5.387332577215858
            ],
            [
              105.33533222630606,
              -5.387332577215858
            ],
            [
              105.33533222630606,
              -5.267332577215859
            ],
            [
              105.21533222630606,
              -5.267332577215859
            ],
            [
              105.21533222630606,
              -5.387332577215858
            ]
          ]
        ]
      },
      "properties": {
        "id_kab": "KAB_267",
        "Kab_kota": "Lebak",
        "Provinsi": "Banten",
        "PC1": -1.6370382315559138,
        "PC2": -0.1586480171223593,
        "Tipologi_Lansia": null,
        "p0_miskin": 8.44,
        "pct_lansia": 9.3691,
        "rls": 6.61,
        "pengeluaran": 9631
      }
    },
    {
      "type": "Feature",
      "geometry": {
        "type": "Polygon",
        "coordinates": [
          [
            [
              104.75609852791807,
              -6.358890678573797
            ],
            [
              104.87609852791807,
              -6.358890678573797
            ],
            [
              104.87609852791807,
              -6.238890678573798
            ],
            [
              104.75609852791807,
              -6.238890678573798
            ],
            [
              104.75609852791807,
              -6.358890678573797
            ]
          ]
        ]
      },
      "properties": {
        "id_kab": "KAB_268",
        "Kab_kota": "Tangerang",
        "Provinsi": "Banten",
        "PC1": 0.0807804559844562,
        "PC2": -1.3721941315774913,
        "Tipologi_Lansia": null,
        "p0_miskin": 6.55,
        "pct_lansia": 7.647,
        "rls": 9.06,
        "pengeluaran": 13254
      }
    },
    {
      "type": "Feature",
      "geometry": {
        "type": "Polygon",
        "coordinates": [
          [
            [
              105.34579516415263,
              -7.597732694365379
            ],
            [
              105.46579516415264,
              -7.597732694365379
            ],
            [
              105.46579516415264,
              -7.47773269436538
            ],
            [
              105.34579516415263,
              -7.47773269436538
            ],
            [
              105.34579516415263,
              -7.597732694365379
            ]
          ]
        ]
      },
      "properties": {
        "id_kab": "KAB_269",
        "Kab_kota": "Serang",
        "Provinsi": "Banten",
        "PC1": -0.646141815870391,
        "PC2": -1.7085899382503007,
        "Tipologi_Lansia": null,
        "p0_miskin": 4.51,
        "pct_lansia": 8.7822,
        "rls": 7.88,
        "pengeluaran": 11767
      }
    },
    {
      "type": "Feature",
      "geometry": {
        "type": "Polygon",
        "coordinates": [
          [
            [
              106.53292217998782,
              -7.483104276090252
            ],
            [
              106.65292217998783,
              -7.483104276090252
            ],
            [
              106.65292217998783,
              -7.363104276090253
            ],
            [
              106.53292217998782,
              -7.363104276090253
            ],
            [
              106.53292217998782,
              -7.483104276090252
            ]
          ]
        ]
      },
      "properties": {
        "id_kab": "KAB_270",
        "Kab_kota": "Kota Tangerang",
        "Provinsi": "Banten",
        "PC1": 1.6573298618956096,
        "PC2": -1.6709951759839217,
        "Tipologi_Lansia": null,
        "p0_miskin": 5.43,
        "pct_lansia": 9.7142,
        "rls": 11.14,
        "pengeluaran": 15641
      }
    },
    {
      "type": "Feature",
      "geometry": {
        "type": "Polygon",
        "coordinates": [
          [
            [
              107.19520482934016,
              -6.778049874365311
            ],
            [
              107.31520482934016,
              -6.778049874365311
            ],
            [
              107.31520482934016,
              -6.658049874365312
            ],
            [
              107.19520482934016,
              -6.658049874365312
            ],
            [
              107.19520482934016,
              -6.778049874365311
            ]
          ]
        ]
      },
      "properties": {
        "id_kab": "KAB_271",
        "Kab_kota": "Kota Cilegon",
        "Provinsi": "Banten",
        "PC1": 0.1542387302500051,
        "PC2": -2.375702193231744,
        "Tipologi_Lansia": null,
        "p0_miskin": 3.75,
        "pct_lansia": 8.6096,
        "rls": 10.39,
        "pengeluaran": 14294
      }
    },
    {
      "type": "Feature",
      "geometry": {
        "type": "Polygon",
        "coordinates": [
          [
            [
              106.90672301812916,
              -5.570881640041191
            ],
            [
              107.02672301812916,
              -5.570881640041191
            ],
            [
              107.02672301812916,
              -5.4508816400411915
            ],
            [
              106.90672301812916,
              -5.4508816400411915
            ],
            [
              106.90672301812916,
              -5.570881640041191
            ]
          ]
        ]
      },
      "properties": {
        "id_kab": "KAB_272",
        "Kab_kota": "Kota Serang",
        "Provinsi": "Banten",
        "PC1": -0.0076297169885947,
        "PC2": -2.106909370468495,
        "Tipologi_Lansia": null,
        "p0_miskin": 5.65,
        "pct_lansia": 7.4791,
        "rls": 8.93,
        "pengeluaran": 14603
      }
    },
    {
      "type": "Feature",
      "geometry": {
        "type": "Polygon",
        "coordinates": [
          [
            [
              105.82360986777981,
              -5.359824734301904
            ],
            [
              105.94360986777981,
              -5.359824734301904
            ],
            [
              105.94360986777981,
              -5.239824734301905
            ],
            [
              105.82360986777981,
              -5.239824734301905
            ],
            [
              105.82360986777981,
              -5.359824734301904
            ]
          ]
        ]
      },
      "properties": {
        "id_kab": "KAB_273",
        "Kab_kota": "Kota Tangerang Selatan",
        "Provinsi": "Banten",
        "PC1": 2.731359224599101,
        "PC2": -1.568311956153413,
        "Tipologi_Lansia": null,
        "p0_miskin": 2.36,
        "pct_lansia": 11.0195,
        "rls": 11.86,
        "pengeluaran": 17028
      }
    }
  ]
}